subject,run,site,window,route,hankel_d,train_trial_position,mode_index,train_event_index,eig_real,eig_imag,frequency_hz,decay_rate_s_inv,median_heldout_residual,support_fraction,median_heldout_modal_amplitude_uV,mu_abs,claimed_ratio,radial_gap,horizon_k,horizon_realised_ms,radial_tolerance,selected,radial_rule
sub-ccepAgeUMCU27,run-031551,T27-T28,pre,standard,1,0,2,226,0.5961174716037928,0.1529859982541124,81.88360162059006,-994.15093750108,0.4377764731110625,0.0,9.151320245414116,0.9919676196875084,0.0077951570860751,0.9841724626014332,10,4.8828125,0.05,False,one-sided
sub-ccepAgeUMCU27,run-031551,T27-T28,pre,standard,1,0,4,226,0.5895335487927582,0.101574984436005,55.61412211255494,-1052.2553141925976,0.4280499563843359,0.0,11.872906570675411,0.9753466831219654,0.0058696198934783,0.969477063228487,10,4.8828125,0.05,False,one-sided
sub-ccepAgeUMCU27,run-031551,T27-T28,pre,standard,1,0,6,226,0.5900867173329252,0.0094210428060936,5.20350919034001,-1080.029883673037,0.4170000304067013,0.0,50.33008370773872,0.9801022615845356,0.005125211859504,0.9749770497250316,10,4.8828125,0.05,False,one-sided
sub-ccepAgeUMCU27,run-031551,T27-T28,pre,standard,1,0,8,226,0.6255421444441154,0.0,0.0,-960.7917038307244,0.3798114525090592,0.0,26.116691713020888,0.9619167049344348,0.0091741480828225,0.9527425568516122,10,4.8828125,0.05,False,one-sided
sub-ccepAgeUMCU27,run-031551,T27-T28,pre,standard,1,0,9,226,0.7077774584580478,0.1608951651378923,72.8580968369456,-656.2463983814424,0.338784348652886,0.0,13.229986780813547,0.9882602090177062,0.0405861616271863,0.9476740473905196,10,4.8828125,0.05,False,one-sided
sub-ccepAgeUMCU27,run-031551,T27-T28,pre,standard,1,0,11,226,0.6892015187215874,0.1192062662605285,55.82481236187231,-732.1249271400642,0.3369768074201353,0.0,10.286364774067096,0.97906954158557,0.0280202239443613,0.9510493176412084,10,4.8828125,0.05,False,one-sided
sub-ccepAgeUMCU27,run-031551,T27-T28,pre,standard,1,0,13,226,0.7050667209173431,0.0354434477207637,16.37157274620235,-713.1154773381841,0.3039457299152569,0.0,11.969630745505134,0.9877558669605588,0.0307455759479854,0.9570102910125734,10,4.8828125,0.05,False,one-sided
sub-ccepAgeUMCU27,run-031551,T27-T28,pre,standard,1,0,15,226,0.7018875858166436,0.0,0.0,-724.955180940279,0.306491040539427,0.0,7.778340458921851,0.9514136583215628,0.0290185435834324,0.9223951147381304,10,4.8828125,0.05,False,one-sided
sub-ccepAgeUMCU27,run-031551,T27-T28,pre,standard,1,0,16,226,0.7897063065931866,0.1088994502332089,44.66627485857099,-464.2312544599607,0.245467486788192,0.0,6.339658183805601,0.9835966267752352,0.1036480584393959,0.8799485683358393,10,4.8828125,0.05,False,one-sided
sub-ccepAgeUMCU27,run-031551,T27-T28,pre,standard,1,0,18,226,0.799970674681023,0.0,0.0,-457.0730672840753,0.208680139840323,0.0,20.96678858133161,0.983797507283858,0.1073348291150945,0.8764626781687634,10,4.8828125,0.05,False,one-sided
sub-ccepAgeUMCU27,run-031551,T27-T28,pre,standard,1,0,19,226,0.8247688295472931,0.0137284462126451,5.424992311256799,-394.2679066323594,0.1824376261579362,0.0,15.650669569867818,0.9880022380917762,0.1458558807635857,0.8421463573281905,10,4.8828125,0.05,False,one-sided
sub-ccepAgeUMCU27,run-031551,T27-T28,pre,standard,1,0,21,226,0.941241138577269,0.1150137836706515,39.63249417118866,-108.84187261862743,0.1379771896748976,0.0,13.025675121328131,0.981104583344028,0.5877494918411601,0.3933550915028679,10,4.8828125,0.05,False,one-sided
sub-ccepAgeUMCU27,run-031551,T27-T28,pre,standard,1,0,23,226,0.8607054589131373,0.0519003917226689,19.63091826465086,-303.4894080527227,0.1561313872061497,0.0,13.563019268893145,0.9777357190973096,0.2272097054819072,0.7505260136154024,10,4.8828125,0.05,False,one-sided
sub-ccepAgeUMCU27,run-031551,T27-T28,pre,standard,1,0,25,226,0.90440210279249,0.0866423701953594,31.13117264585061,-196.4303456852734,0.1364094529010957,0.0,22.38453848233652,0.9764647418164694,0.383225171546338,0.5932395702701313,10,4.8828125,0.05,False,one-sided
sub-ccepAgeUMCU27,run-031551,T27-T28,pre,standard,1,0,27,226,0.946877672164861,0.0933422612325074,32.02827996541267,-101.88782591035024,0.1223254340026336,0.0,8.598150810559867,0.9828709237937584,0.6080494002211414,0.3748215235726169,10,4.8828125,0.05,False,one-sided
sub-ccepAgeUMCU27,run-031551,T27-T28,pre,standard,1,0,29,226,0.910799423723341,0.0540426334146268,19.31767896148873,-187.7510659601885,0.1168597483269163,0.0,13.127695873952248,0.9844426023585336,0.3998150348245023,0.5846275675340313,10,4.8828125,0.05,False,one-sided
sub-ccepAgeUMCU27,run-031551,T27-T28,pre,standard,1,0,31,226,0.913905684825393,0.0083548618999653,2.9797229270206023,-184.2915668466185,0.093418579583873,0.7777777777777778,25.67383770344345,0.9609859791840928,0.4066261092522983,0.5543598699317944,10,4.8828125,0.05,False,one-sided
sub-ccepAgeUMCU27,run-031551,T27-T28,pre,standard,1,0,33,226,0.963777938002536,0.0628443688186707,21.22389476994976,-71.21498800377736,0.09039100798213,0.8888888888888888,17.385136718803523,0.9578186099364536,0.7062899486844832,0.2515286612519705,10,4.8828125,0.05,False,one-sided
sub-ccepAgeUMCU27,run-031551,T27-T28,pre,standard,1,0,35,226,0.9721421025364044,0.0644029003428045,21.56212754159576,-53.378380954507136,0.0847424552801078,0.7777777777777778,15.202297864737297,0.9604274762392184,0.7705608707235537,0.1898666055156646,10,4.8828125,0.05,False,one-sided
sub-ccepAgeUMCU27,run-031551,T27-T28,pre,standard,1,0,37,226,0.98311256889168,0.057546398988511,19.05766594425844,-31.37824880016376,0.0869835249848024,0.8888888888888888,7.184909032119914,0.9820815124629008,0.8579460112117957,0.1241355012511051,10,4.8828125,0.05,False,one-sided
sub-ccepAgeUMCU27,run-031551,T27-T28,pre,standard,1,0,39,226,0.994008938971186,0.0419941405107358,13.762277481791257,-10.480558046240418,0.0632650968860303,1.0,8.988035883347004,0.9757585308721072,0.9501127665170266,0.0256457643550804,10,4.8828125,0.05,True,one-sided
sub-ccepAgeUMCU27,run-031551,T27-T28,pre,standard,1,0,41,226,0.9795339263850468,0.03369342228991,11.207391196162453,-41.13851358239109,0.0625715838692326,0.8888888888888888,13.284737263044894,0.9603483010260182,0.818017418700256,0.1423308823257622,10,4.8828125,0.05,False,one-sided
sub-ccepAgeUMCU27,run-031551,T27-T28,pre,standard,1,0,45,226,0.99668088396238,0.0186567542590042,6.100695220926896,-6.4501122920299006,0.046113581048201,1.0,20.72041903086868,0.980037924980064,0.9689961028501518,0.0110418221299122,10,4.8828125,0.05,True,one-sided
sub-ccepAgeUMCU27,run-031551,T27-T28,pre,standard,1,0,49,226,0.9655375678680044,0.0,0.0,-71.82390804101259,0.0589686084935816,1.0,22.595599105512253,0.9748656326377616,0.7041930962539906,0.2706725363837708,10,4.8828125,0.05,False,one-sided
sub-ccepAgeUMCU27,run-031551,T27-T28,pre,standard,1,1,0,227,0.4853505881180662,0.0,0.0,-1480.465995949093,0.5198925786350549,0.0,3.36107174776388,0.9346980604361348,0.0007253633394064,0.9339726970967284,10,4.8828125,0.05,False,one-sided
sub-ccepAgeUMCU27,run-031551,T27-T28,pre,standard,1,1,3,227,0.5950494472252186,0.0494994690994497,27.051964762455523,-1056.0773672647524,0.4126557352342876,0.0,29.664242482726696,0.9745778021428386,0.0057610947023112,0.9688167074405274,10,4.8828125,0.05,False,one-sided
sub-ccepAgeUMCU27,run-031551,T27-T28,pre,standard,1,1,5,227,0.6156327361941532,0.070112236208192,36.96196481317134,-980.2984102858732,0.3971734739472335,0.0,28.033401824790023,0.9738027148922964,0.0083406566435354,0.9654620582487607,10,4.8828125,0.05,False,one-sided
sub-ccepAgeUMCU27,run-031551,T27-T28,pre,standard,1,1,7,227,0.673998894574667,0.0732734765198642,35.29680885448284,-795.9593608370611,0.3402625533721309,0.0,17.43235409994547,0.98564848162244,0.0205166132912443,0.9651318683311956,10,4.8828125,0.05,False,one-sided
sub-ccepAgeUMCU27,run-031551,T27-T28,pre,standard,1,1,9,227,0.700269760357382,0.0,0.0,-729.681195491961,0.3101549747059949,0.0,17.935932003318072,0.9341454541717004,0.0283565719073339,0.9057888822643666,10,4.8828125,0.05,False,one-sided
sub-ccepAgeUMCU27,run-031551,T27-T28,pre,standard,1,1,10,227,0.7490427349135618,0.0977138654373541,42.2818621978113,-574.5090820983382,0.278959517654943,0.0,15.693426091764088,0.9556471220354336,0.0604934534381985,0.8951536685972351,10,4.8828125,0.05,False,one-sided
sub-ccepAgeUMCU27,run-031551,T27-T28,pre,standard,1,1,12,227,0.723955910097535,0.0272267086935391,12.25260643322232,-660.1074602776448,0.2809659794519683,0.0,21.691011815995505,0.971010323199916,0.0398281648113675,0.9311821583885486,10,4.8828125,0.05,False,one-sided
sub-ccepAgeUMCU27,run-031551,T27-T28,pre,standard,1,1,14,227,0.8404115718563626,0.1245203774390242,47.94576773496556,-333.8357082042567,0.2100210225306603,0.0,14.350576263095787,0.974178879308122,0.1959183733559001,0.7782605059522217,10,4.8828125,0.05,False,one-sided
sub-ccepAgeUMCU27,run-031551,T27-T28,pre,standard,1,1,16,227,0.8009909417046455,0.0463197198007168,18.82803503328237,-451.0441273167403,0.214258207828356,0.0,30.075042390517503,0.9705677331168692,0.1105415397957,0.860026193321169,10,4.8828125,0.05,False,one-sided
sub-ccepAgeUMCU27,run-031551,T27-T28,pre,standard,1,1,18,227,0.8708440598847518,0.1177590781245963,43.81045118142021,-264.6674727521436,0.1879838109674726,0.0,11.427647173008353,0.9853495068621688,0.2746324435313234,0.7107170633308455,10,4.8828125,0.05,False,one-sided
sub-ccepAgeUMCU27,run-031551,T27-T28,pre,standard,1,1,20,227,0.8408899465577019,0.0,0.0,-354.90711099166253,0.1665701912377082,0.0,41.7833294156592,1.0031402020862958,0.1767630970091515,0.8263771050771443,10,4.8828125,0.05,False,one-sided
sub-ccepAgeUMCU27,run-031551,T27-T28,pre,standard,1,1,21,227,0.9274960894777362,0.1083903565428733,37.91955075712106,-140.25601202435857,0.1379717395838293,0.0,17.194202270497318,0.9836879978088572,0.5041689702258458,0.4795190275830114,10,4.8828125,0.05,False,one-sided
sub-ccepAgeUMCU27,run-031551,T27-T28,pre,standard,1,1,23,227,0.9564702765326302,0.1030320161475288,34.97674286065537,-79.33348617322288,0.1230092483418874,0.0,11.885404759555442,0.9697900300878332,0.6788395125142299,0.2909505175736033,10,4.8828125,0.05,False,one-sided
sub-ccepAgeUMCU27,run-031551,T27-T28,pre,standard,1,1,25,227,0.9424714249971188,0.0995939250992935,34.31673399985437,-109.97189693703363,0.1231941447025601,0.0,10.295923712154066,0.96462037876564,0.5845153988887483,0.3801049798768916,10,4.8828125,0.05,False,one-sided
sub-ccepAgeUMCU27,run-031551,T27-T28,pre,standard,1,1,27,227,0.8908720582748895,0.0480456522065432,17.561771107878943,-233.68148539467225,0.1346438239972649,0.0,21.468953495876352,0.966232486302374,0.3194920532586783,0.6467404330436959,10,4.8828125,0.05,False,one-sided
sub-ccepAgeUMCU27,run-031551,T27-T28,pre,standard,1,1,29,227,0.968685854217799,0.0703364955587794,23.625790849841152,-59.77235067340117,0.0917035554524374,0.6666666666666666,11.859156078523212,0.9885980732776932,0.7468751963084971,0.2417228769691962,10,4.8828125,0.05,False,one-sided
sub-ccepAgeUMCU27,run-031551,T27-T28,pre,standard,1,1,31,227,0.9514132325111256,0.0625611794941532,21.402329782015705,-97.58621252787754,0.0907606264842101,0.7777777777777778,40.20969773926178,0.997837981751204,0.6209559221707867,0.3768820595804172,10,4.8828125,0.05,False,one-sided
sub-ccepAgeUMCU27,run-031551,T27-T28,pre,standard,1,1,33,227,0.9243339282538864,0.0454299308839187,16.007147107137136,-158.6698877435454,0.0989822218723371,0.6666666666666666,52.24226603390348,0.9956739549940076,0.4608165238251697,0.5348574311688378,10,4.8828125,0.05,False,one-sided
sub-ccepAgeUMCU27,run-031551,T27-T28,pre,standard,1,1,35,227,0.9841553522582418,0.0568488176357438,18.80725979364427,-29.298584460883923,0.0790920149305391,0.8888888888888888,10.157717141740122,0.9754720043408076,0.8667025033833007,0.108769500957507,10,4.8828125,0.05,False,one-sided
sub-ccepAgeUMCU27,run-031551,T27-T28,pre,standard,1,1,37,227,0.9860069863708104,0.052351565379827,17.28988742420631,-25.97746265098328,0.0718547142459535,1.0,8.644260454128938,0.9913276229962614,0.8808718887412936,0.1104557342549678,10,4.8828125,0.05,False,one-sided
sub-ccepAgeUMCU27,run-031551,T27-T28,pre,standard,1,1,39,227,0.9982167486776532,0.0317297132232605,10.357267085546532,-2.621257223608197,0.0558539157353338,0.8888888888888888,11.993335556024851,0.9575578305878778,0.9872824527028088,-0.0297246221149309,10,4.8828125,0.05,True,one-sided
sub-ccepAgeUMCU27,run-031551,T27-T28,pre,standard,1,1,41,227,0.9900017832075154,0.0310007182272319,10.203377936120985,-19.575803499476216,0.0526248673310916,1.0,17.02590757231152,0.9904180787940048,0.908841126848284,0.0815769519457206,10,4.8828125,0.05,False,one-sided
sub-ccepAgeUMCU27,run-031551,T27-T28,pre,standard,1,1,44,227,0.99806137312,0.007448770567942,2.43259253960126,-3.917126157590306,0.0445579879624232,0.8888888888888888,13.13406564840456,0.9735495255065836,0.9810551600909824,-0.0075056345843989,10,4.8828125,0.05,True,one-sided
sub-ccepAgeUMCU27,run-031551,T27-T28,pre,standard,1,1,46,227,0.9788529403804932,0.0213126693464056,7.09580818512797,-43.2883382974448,0.0573678730822511,0.8888888888888888,32.213110244074564,0.981281240419014,0.8094754454215324,0.1718057949974815,10,4.8828125,0.05,False,one-sided
sub-ccepAgeUMCU27,run-031551,T27-T28,pre,standard,1,1,48,227,0.9108486961007493,0.0,0.0,-191.23912914024464,0.1041895365930865,0.2222222222222222,29.29512909667813,0.9775653733734678,0.3930632218298017,0.5845021515436661,10,4.8828125,0.05,False,one-sided
sub-ccepAgeUMCU27,run-031551,T27-T28,pre,standard,1,1,49,227,0.9328171475478644,0.0,0.0,-142.43037322784548,0.1041019843275803,0.4444444444444444,22.29625584619604,0.9605001753631658,0.498844524076798,0.4616556512863677,10,4.8828125,0.05,False,one-sided
sub-ccepAgeUMCU27,run-031551,T27-T28,pre,standard,1,2,2,228,0.5478720530997653,0.0,0.0,-1232.309246033335,0.4569620796939176,0.0,8.17034408903602,0.9741536620822284,0.0024366406029801,0.9717170214792484,10,4.8828125,0.05,False,one-sided
sub-ccepAgeUMCU27,run-031551,T27-T28,pre,standard,1,2,3,228,0.5757502216827013,0.0943419578017756,52.93932958280045,-1103.5310204731904,0.4379907815518714,0.0,7.189206965930636,0.9690538543830296,0.0045695750699517,0.964484279313078,10,4.8828125,0.05,False,one-sided
sub-ccepAgeUMCU27,run-031551,T27-T28,pre,standard,1,2,5,228,0.5984457381344106,0.0,0.0,-1051.4829746066566,0.403925360863423,0.0,11.848208383246442,0.9578817348881626,0.0058917971327126,0.95198993775545,10,4.8828125,0.05,False,one-sided
sub-ccepAgeUMCU27,run-031551,T27-T28,pre,standard,1,2,6,228,0.6228359886033148,0.0715852390915993,37.29910360457724,-956.232396771121,0.3859980946661311,0.0,10.102698598603462,0.961182292175351,0.0093806755353894,0.9518016166399615,10,4.8828125,0.05,False,one-sided
sub-ccepAgeUMCU27,run-031551,T27-T28,pre,standard,1,2,8,228,0.734401140452792,0.1555814545576472,68.04568095625193,-587.2620655100453,0.3124177739025677,0.0,15.590470962282522,0.9784444140072148,0.0568413881352925,0.921603025871922,10,4.8828125,0.05,False,one-sided
sub-ccepAgeUMCU27,run-031551,T27-T28,pre,standard,1,2,10,228,0.7023447644093395,0.0880406996753467,40.64656352451981,-707.6563683444623,0.3188735498456922,0.0,9.470345846207538,0.9795267261210272,0.0315761446046643,0.9479505815163628,10,4.8828125,0.05,False,one-sided
sub-ccepAgeUMCU27,run-031551,T27-T28,pre,standard,1,2,12,228,0.6919033216311867,0.0291919856941853,13.743926163966762,-752.475748918607,0.3132265460784467,0.0,35.780650215839024,0.955698591525595,0.0253697440840621,0.9303288474415328,10,4.8828125,0.05,False,one-sided
sub-ccepAgeUMCU27,run-031551,T27-T28,pre,standard,1,2,14,228,0.6715390738771496,0.0,0.0,-815.4789391685405,0.3350463472483618,0.0,89.36717818670661,0.9290037231849048,0.0186514617553853,0.9103522614295192,10,4.8828125,0.05,False,one-sided
sub-ccepAgeUMCU27,run-031551,T27-T28,pre,standard,1,2,15,228,0.681937808152603,0.0,0.0,-784.0088385307636,0.323901280674451,0.0,91.84596737024354,0.9319256594164708,0.0217494206868723,0.9101762387295984,10,4.8828125,0.05,False,one-sided
sub-ccepAgeUMCU27,run-031551,T27-T28,pre,standard,1,2,16,228,0.7471657264510637,0.0,0.0,-596.9270014570661,0.2608625494667825,0.0,18.040953270564696,1.0023478146043991,0.0542212368053551,0.948126577799044,10,4.8828125,0.05,False,one-sided
sub-ccepAgeUMCU27,run-031551,T27-T28,pre,standard,1,2,17,228,0.8128600358752254,0.1010279653674799,40.304591723315255,-408.6410348166529,0.2187134139445259,0.0,17.182194718707215,0.9824565565524712,0.1359704695050646,0.8464860870474065,10,4.8828125,0.05,False,one-sided
sub-ccepAgeUMCU27,run-031551,T27-T28,pre,standard,1,2,19,228,0.8206811231825722,0.0,0.0,-404.7270819536095,0.1881511106163006,0.0,22.318324280728863,0.9931654376543362,0.1385940039298407,0.8545714337244954,10,4.8828125,0.05,False,one-sided
sub-ccepAgeUMCU27,run-031551,T27-T28,pre,standard,1,2,20,228,0.872075125351107,0.1092126442765673,40.60822410174779,-264.39454979409373,0.172835873448432,0.0,29.572032545272524,0.97811118643892,0.2749986713817099,0.70311251505721,10,4.8828125,0.05,False,one-sided
sub-ccepAgeUMCU27,run-031551,T27-T28,pre,standard,1,2,22,228,0.8746185825254046,0.0742823521479968,27.61697129975284,-267.00531688360417,0.1497171610784776,0.0,138.91832371278576,0.9871410197564612,0.2715152697963862,0.7156257499600749,10,4.8828125,0.05,False,one-sided
sub-ccepAgeUMCU27,run-031551,T27-T28,pre,standard,1,2,24,228,0.8881736394654302,0.0702962447799579,25.744232004436952,-236.4736795005309,0.1376011908782304,0.0,185.33416578806592,0.9886538870187204,0.3151657342050881,0.6734881528136323,10,4.8828125,0.05,False,one-sided
sub-ccepAgeUMCU27,run-031551,T27-T28,pre,standard,1,2,26,228,0.9332624577553073,0.0965442093149525,33.59931736696017,-130.55280699262804,0.1291983455372051,0.0,29.731173656363133,0.968663992063955,0.5286308705695857,0.4400331214943693,10,4.8828125,0.05,False,one-sided
sub-ccepAgeUMCU27,run-031551,T27-T28,pre,standard,1,2,28,228,0.9164645872895834,0.0660621703110239,23.45506896936705,-173.34384057025147,0.1152808738131328,0.0,51.42916643843948,1.0003452785041735,0.4289540516357895,0.5713912268683841,10,4.8828125,0.05,False,one-sided
sub-ccepAgeUMCU27,run-031551,T27-T28,pre,standard,1,2,30,228,0.9544218220101855,0.0763913293273209,26.033283520266817,-88.9991359369584,0.1004990406640893,0.4444444444444444,24.84745085169412,0.9862088651882676,0.6475455804023852,0.3386632847858825,10,4.8828125,0.05,False,one-sided
sub-ccepAgeUMCU27,run-031551,T27-T28,pre,standard,1,2,32,228,0.9151113433467206,0.0,0.0,-181.67712643505428,0.1014647427436987,0.4444444444444444,17.399032195941523,0.994757883675095,0.4118503005162295,0.5829075831588655,10,4.8828125,0.05,False,one-sided
sub-ccepAgeUMCU27,run-031551,T27-T28,pre,standard,1,2,33,228,0.968944998119538,0.0662333660839301,22.246040753134896,-59.835573618614525,0.0900561840499923,0.6666666666666666,13.992209013282864,0.9870389193561292,0.7466446671977662,0.2403942521583629,10,4.8828125,0.05,False,one-sided
sub-ccepAgeUMCU27,run-031551,T27-T28,pre,standard,1,2,35,228,0.9423567303680176,0.0386228934465696,13.35169962410952,-119.87391170207202,0.0819517376372938,1.0,43.09183749690812,0.9772777857051614,0.5569265947839901,0.4203511909211713,10,4.8828125,0.05,False,one-sided
sub-ccepAgeUMCU27,run-031551,T27-T28,pre,standard,1,2,37,228,0.9840337551876076,0.0541136157967906,17.906447507648384,-29.87073677270615,0.071000301976316,1.0,10.68065684380727,0.9843724465559736,0.8642845648855121,0.1200878816704614,10,4.8828125,0.05,False,one-sided
sub-ccepAgeUMCU27,run-031551,T27-T28,pre,standard,1,2,39,228,0.9822341211427013,0.0446016930828762,14.790681474643788,-34.60236470697605,0.0709880341868578,0.8888888888888888,18.50652603701673,0.9756031920768826,0.8445453371974283,0.1310578548794543,10,4.8828125,0.05,False,one-sided
sub-ccepAgeUMCU27,run-031551,T27-T28,pre,standard,1,2,41,228,0.9883422191735688,0.0408495483645206,13.464272084767748,-22.26760242374819,0.0600378240454665,1.0,16.83506513349743,0.9858274124008144,0.8969738882289439,0.0888535241718704,10,4.8828125,0.05,False,one-sided
sub-ccepAgeUMCU27,run-031551,T27-T28,pre,standard,1,2,43,228,0.9978347699146456,0.0179756811598257,5.871239999038948,-4.106935159972461,0.0472360480788177,1.0,11.94600161435624,0.9703459487026986,0.9801463376468652,-0.0098003889441665,10,4.8828125,0.05,True,one-sided
sub-ccepAgeUMCU27,run-031551,T27-T28,pre,standard,1,2,45,228,0.9979817638998932,0.0042418910632106,1.3854293192744258,-4.119024269456225,0.0301165568548597,1.0,23.301251735487472,0.9846771815942392,0.9800884824384978,0.0045886991557415,10,4.8828125,0.05,True,one-sided
sub-ccepAgeUMCU27,run-031551,T27-T28,pre,standard,1,2,47,228,0.9773693361809728,0.0,0.0,-46.88008700631495,0.0497356425537042,0.8888888888888888,128.854171244049,0.9680310513893212,0.7954027611348962,0.1726282902544249,10,4.8828125,0.05,False,one-sided
sub-ccepAgeUMCU27,run-031551,T27-T28,pre,standard,1,2,48,228,0.973291900107042,0.0139583656206052,4.674248235597378,-55.231312724228616,0.05816243007716,0.8888888888888888,75.49844534623739,0.9792194447210189,0.7636206502905574,0.2155987944304614,10,4.8828125,0.05,False,one-sided
sub-ccepAgeUMCU27,run-031551,T27-T28,pre,standard,1,3,2,229,0.59958284052925,0.1857151845930929,97.90508861804356,-953.7848121029904,0.4471704140663181,0.0,7.918813221025096,0.9331374429220712,0.0094934574904253,0.9236439854316458,10,4.8828125,0.05,False,one-sided
sub-ccepAgeUMCU27,run-031551,T27-T28,pre,standard,1,3,4,229,0.5556487653131061,0.0593580411282269,34.688487192079656,-1191.823887882968,0.4571856112065918,0.0,4.596435488243174,0.9775041869020956,0.0029692301231836,0.974534956778912,10,4.8828125,0.05,False,one-sided
sub-ccepAgeUMCU27,run-031551,T27-T28,pre,standard,1,3,6,229,0.5825100433095476,0.0883512914892313,49.063894406385,-1083.4672625717758,0.4335525307218443,0.0,6.383621342972667,0.9669768342307616,0.0050399077883615,0.9619369264424,10,4.8828125,0.05,False,one-sided
sub-ccepAgeUMCU27,run-031551,T27-T28,pre,standard,1,3,8,229,0.6385572939109424,0.0072392064144419,3.695069142364829,-918.486257506184,0.3687188678815606,0.0,23.384497843843697,0.9831566082219004,0.011279186218898,0.9718774220030022,10,4.8828125,0.05,False,one-sided
sub-ccepAgeUMCU27,run-031551,T27-T28,pre,standard,1,3,10,229,0.6610233895357649,0.0726577668443349,35.68415174676766,-835.5048907077045,0.3514175553405957,0.0,15.286767136885777,0.983224282452292,0.0169139978597599,0.9663102845925322,10,4.8828125,0.05,False,one-sided
sub-ccepAgeUMCU27,run-031551,T27-T28,pre,standard,1,3,12,229,0.711020892624071,0.1034751874481524,47.10486156784413,-677.0165545507722,0.3142561555900132,0.0,14.35269590455327,0.9786325036224128,0.0366718849462699,0.941960618676143,10,4.8828125,0.05,False,one-sided
sub-ccepAgeUMCU27,run-031551,T27-T28,pre,standard,1,3,14,229,0.7194094678121093,0.0,0.0,-674.4567543826817,0.2887914090475517,0.0,12.837817130384382,0.9530392180627884,0.0371331242416131,0.9159060938211754,10,4.8828125,0.05,False,one-sided
sub-ccepAgeUMCU27,run-031551,T27-T28,pre,standard,1,3,15,229,0.756336010775077,0.1068256764375223,45.73489676067391,-551.7173062938166,0.273355112531755,0.0,14.34705438999549,0.981854094810811,0.0676145447780707,0.9142395500327404,10,4.8828125,0.05,False,one-sided
sub-ccepAgeUMCU27,run-031551,T27-T28,pre,standard,1,3,17,229,0.7791939257728591,0.0890599555474407,37.09423537014585,-497.6755833282514,0.246347349724765,0.0,15.876591997616094,0.9839818548864184,0.0880318534286022,0.8959500014578162,10,4.8828125,0.05,False,one-sided
sub-ccepAgeUMCU27,run-031551,T27-T28,pre,standard,1,3,19,229,0.8171068017343392,0.1132494417703419,44.88997437676871,-394.1823264567551,0.2202651693054581,0.0,7.139296279272524,0.9604081561980228,0.1459168425813031,0.8144913136167196,10,4.8828125,0.05,False,one-sided
sub-ccepAgeUMCU27,run-031551,T27-T28,pre,standard,1,3,21,229,0.8239175791739497,0.0646843226977786,25.537328296568223,-390.37432955436606,0.1970695243865784,0.0,14.378874164369185,0.9403848886932812,0.1486553624241084,0.7917295262691726,10,4.8828125,0.05,False,one-sided
sub-ccepAgeUMCU27,run-031551,T27-T28,pre,standard,1,3,23,229,0.807450210719455,0.0,0.0,-438.0137151243276,0.1998671303465478,0.0,13.480919735533432,0.93893296590204,0.117803317811174,0.8211296480908661,10,4.8828125,0.05,False,one-sided
sub-ccepAgeUMCU27,run-031551,T27-T28,pre,standard,1,3,24,229,0.8626919432715264,0.0,0.0,-302.48470919601465,0.1475901230488091,0.0,37.59302442170284,0.9644958126316736,0.2283270794299123,0.7361687332017615,10,4.8828125,0.05,False,one-sided
sub-ccepAgeUMCU27,run-031551,T27-T28,pre,standard,1,3,25,229,0.8859281525991122,0.0599964288815514,22.04014139349145,-243.36703812807505,0.137734675209952,0.0,19.240479305401536,0.9731387215488332,0.3047341213421029,0.6684046002067303,10,4.8828125,0.05,False,one-sided
sub-ccepAgeUMCU27,run-031551,T27-T28,pre,standard,1,3,27,229,0.9340946683784211,0.0930025147600675,32.34632516318325,-129.52650847412573,0.1254855952560425,0.0,10.906540237794331,0.9663403420103368,0.53128660655615,0.4350537354541868,10,4.8828125,0.05,False,one-sided
sub-ccepAgeUMCU27,run-031551,T27-T28,pre,standard,1,3,29,229,0.9553041011642698,0.0767857180388544,26.14304808818354,-87.05149658837354,0.1030213547233098,0.4444444444444444,14.508953752226482,0.9652425010744418,0.6537330863449183,0.3115094147295234,10,4.8828125,0.05,False,one-sided
sub-ccepAgeUMCU27,run-031551,T27-T28,pre,standard,1,3,31,229,0.9308442753918696,0.06060900837011,21.19325269369644,-142.43427299322667,0.0996974382674962,0.5555555555555556,30.93534818834944,0.9777896572758864,0.4988350252580284,0.4789546320178581,10,4.8828125,0.05,False,one-sided
sub-ccepAgeUMCU27,run-031551,T27-T28,pre,standard,1,3,33,229,0.9168616688621573,0.0,0.0,-177.76367604852595,0.1019719846149958,0.4444444444444444,39.72367818352746,0.9711601342628924,0.4197958742846082,0.5513642599782842,10,4.8828125,0.05,False,one-sided
sub-ccepAgeUMCU27,run-031551,T27-T28,pre,standard,1,3,34,229,0.9406635147843464,0.0499111647343239,17.278515507594612,-122.3968907581041,0.0895354618176628,0.8888888888888888,29.424877221290483,0.9813283673276192,0.5501077734882727,0.4312205938393464,10,4.8828125,0.05,False,one-sided
sub-ccepAgeUMCU27,run-031551,T27-T28,pre,standard,1,3,36,229,0.971514239775639,0.060018924836749,20.11117870409456,-55.285102270491,0.0875314202651513,0.7777777777777778,11.15742556282825,0.959355814551235,0.7634201160389146,0.1959356985123204,10,4.8828125,0.05,False,one-sided
sub-ccepAgeUMCU27,run-031551,T27-T28,pre,standard,1,3,38,229,0.9854166433494412,0.0533055047892893,17.61485920583123,-27.094578100917232,0.0695805167467682,1.0,10.883562897600342,0.9917733963967276,0.8760801080918498,0.1156932883048776,10,4.8828125,0.05,False,one-sided
sub-ccepAgeUMCU27,run-031551,T27-T28,pre,standard,1,3,42,229,0.9959665849921024,0.0120513000417438,3.943828500896228,-8.127222283798755,0.0400715645287624,0.8888888888888888,17.9279777621771,0.9916040505375386,0.961093382460314,0.0305106680772246,10,4.8828125,0.05,True,one-sided
sub-ccepAgeUMCU27,run-031551,T27-T28,pre,standard,1,3,44,229,0.9926129485254472,0.0,0.0,-15.184836311039373,0.0618518103785485,0.8888888888888888,20.03748508413381,0.940802793833938,0.928537316830034,0.0122654770039041,10,4.8828125,0.05,True,one-sided
sub-ccepAgeUMCU27,run-031551,T27-T28,pre,standard,1,3,45,229,0.974486607400845,0.0,0.0,-52.92954250405421,0.0916766630500229,0.5555555555555556,37.095317194563066,0.9110860139703008,0.7722514791886577,0.1388345347816431,10,4.8828125,0.05,False,one-sided
sub-ccepAgeUMCU27,run-031551,T27-T28,pre,standard,1,3,46,229,0.984537308141074,0.0331015506272336,10.95475533534287,-30.75810321561984,0.0551849923277368,1.0,34.7434617577261,0.9826167197712126,0.8605478558637163,0.1220688639074962,10,4.8828125,0.05,False,one-sided
sub-ccepAgeUMCU27,run-031551,T27-T28,pre,standard,1,3,48,229,0.9894719200421548,0.0371795724221022,12.241840968416572,-20.231052453610666,0.0520356875266006,1.0,28.922010544389,0.9847992009892326,0.9059379747634808,0.0788612262257516,10,4.8828125,0.05,False,one-sided
sub-ccepAgeUMCU27,run-031551,T27-T28,pre,standard,1,4,0,230,0.4639170861607361,0.0,0.0,-1572.9652456296285,0.5413840232419195,0.0,4.017302647099999,0.9794178967504908,0.0004617465717309,0.9789561501787598,10,4.8828125,0.05,False,one-sided
sub-ccepAgeUMCU27,run-031551,T27-T28,pre,standard,1,4,3,230,0.5559517475522591,0.0800759436846982,46.62710479936453,-1181.3007588436956,0.4532016716264881,0.0,21.972003900975672,0.9895775920230692,0.0031257841116449,0.9864518079114244,10,4.8828125,0.05,False,one-sided
sub-ccepAgeUMCU27,run-031551,T27-T28,pre,standard,1,4,5,230,0.5552523725460037,0.0241307005764433,14.156516532711374,-1202.9728615710285,0.4468993820811546,0.0,17.527312281913684,0.9906844142497944,0.0028119110842615,0.987872503165533,10,4.8828125,0.05,False,one-sided
sub-ccepAgeUMCU27,run-031551,T27-T28,pre,standard,1,4,7,230,0.6806876053861071,0.1924502010556666,89.8112971995267,-709.0197157901629,0.3741540674096127,0.0,75.03025043381496,0.9725912567914704,0.031366641261316,0.9412246155301544,10,4.8828125,0.05,False,one-sided
sub-ccepAgeUMCU27,run-031551,T27-T28,pre,standard,1,4,9,230,0.6431815338249138,0.1545011234192999,76.84163711047732,-846.3946228813205,0.3925248933841279,0.0,14.025276440049469,0.9656288877797972,0.0160381303583496,0.9495907574214476,10,4.8828125,0.05,False,one-sided
sub-ccepAgeUMCU27,run-031551,T27-T28,pre,standard,1,4,11,230,0.6463718197774682,0.0955134484354078,47.819022090746245,-871.5880075331227,0.3683476272241389,0.0,15.8593926183932,0.9656768414488466,0.0141817292124345,0.951495112236412,10,4.8828125,0.05,False,one-sided
sub-ccepAgeUMCU27,run-031551,T27-T28,pre,standard,1,4,13,230,0.656114933016135,0.0,0.0,-863.0667317570809,0.3449521140021345,0.0,70.9351667399692,0.984732331866807,0.0147842474555569,0.96994808441125,10,4.8828125,0.05,False,one-sided
sub-ccepAgeUMCU27,run-031551,T27-T28,pre,standard,1,4,14,230,0.7669127741137541,0.1567443994930619,65.71366264602817,-501.5968491767836,0.283960103001915,0.0,45.40791654504888,0.990683430228909,0.0863623583696068,0.9043210718593022,10,4.8828125,0.05,False,one-sided
sub-ccepAgeUMCU27,run-031551,T27-T28,pre,standard,1,4,16,230,0.7225776699744346,0.0864696378686996,38.82118929336298,-650.8971982136152,0.2925106939343105,0.0,28.99141117711802,0.976441139032473,0.0416602027804141,0.9347809362520588,10,4.8828125,0.05,False,one-sided
sub-ccepAgeUMCU27,run-031551,T27-T28,pre,standard,1,4,18,230,0.7116578875651532,0.0,0.0,-696.6435390210746,0.2951288427794905,0.0,32.60001828148925,0.965862345684329,0.0333205891463627,0.9325417565379662,10,4.8828125,0.05,False,one-sided
sub-ccepAgeUMCU27,run-031551,T27-T28,pre,standard,1,4,19,230,0.7310874390478522,0.0045571784374766,2.0317542209669743,-641.4393002217992,0.2752889592492398,0.0,294.43511422008663,0.9621586119028416,0.0436292346812054,0.9185293772216364,10,4.8828125,0.05,False,one-sided
sub-ccepAgeUMCU27,run-031551,T27-T28,pre,standard,1,4,21,230,0.7698188631096367,0.0488762727812603,20.666982739888333,-531.6373645774669,0.2421854593349463,0.0,132.2185393971582,0.9789194395033528,0.0745798012449786,0.904339638258374,10,4.8828125,0.05,False,one-sided
sub-ccepAgeUMCU27,run-031551,T27-T28,pre,standard,1,4,23,230,0.8266904731051894,0.0493023457083126,19.41603911016984,-386.1498417555479,0.1871047428651646,0.0,134.12427749944663,0.9897650582114188,0.151753577524977,0.8380114806864417,10,4.8828125,0.05,False,one-sided
sub-ccepAgeUMCU27,run-031551,T27-T28,pre,standard,1,4,25,230,0.8964891888667045,0.0905202491873571,32.80056486630725,-213.39584560965,0.1424355052493302,0.0,47.59885295548206,0.99154672314778,0.352758390561319,0.638788332586461,10,4.8828125,0.05,False,one-sided
sub-ccepAgeUMCU27,run-031551,T27-T28,pre,standard,1,4,27,230,0.8701152120643274,0.0,0.0,-284.9375200074337,0.1411231807040555,0.0,23.065055449988133,0.9797846329523152,0.2487525916233696,0.7310320413289456,10,4.8828125,0.05,False,one-sided
sub-ccepAgeUMCU27,run-031551,T27-T28,pre,standard,1,4,28,230,0.8951453293505052,0.0469248570177202,17.071125268685233,-224.04520461231365,0.1209218027377247,0.0,43.6189628039586,0.9823834860213492,0.3348841172538124,0.6474993687675367,10,4.8828125,0.05,False,one-sided
sub-ccepAgeUMCU27,run-031551,T27-T28,pre,standard,1,4,30,230,0.958861710004198,0.0781704934338522,26.514142366489008,-79.25003970479712,0.1014348623147214,0.3333333333333333,14.551346849499897,0.9811768427048436,0.6791161643793368,0.3020606783255067,10,4.8828125,0.05,False,one-sided
sub-ccepAgeUMCU27,run-031551,T27-T28,pre,standard,1,4,32,230,0.9116916864792406,0.0,0.0,-189.34458190851225,0.1019246060454757,0.3333333333333333,31.86867249474661,0.9928175426849468,0.396716209537469,0.5961013331474779,10,4.8828125,0.05,False,one-sided
sub-ccepAgeUMCU27,run-031551,T27-T28,pre,standard,1,4,33,230,0.9277809962653644,0.0509848367474885,17.89406627596346,-150.4294908233205,0.0967516164053686,0.5555555555555556,22.36016026352048,0.984188659735584,0.4797361574613447,0.5044525022742393,10,4.8828125,0.05,False,one-sided
sub-ccepAgeUMCU27,run-031551,T27-T28,pre,standard,1,4,35,230,0.942486911668808,0.0552624519383966,19.0900884415521,-117.79518444590066,0.0903584877402508,0.6666666666666666,21.79952045752369,0.970050805436722,0.562608204947416,0.407442600489306,10,4.8828125,0.05,False,one-sided
sub-ccepAgeUMCU27,run-031551,T27-T28,pre,standard,1,4,37,230,0.9662440902079928,0.0595271345455926,20.05532358165314,-66.44673157174756,0.0812147190074194,1.0,16.308890519700125,0.9758392132579372,0.722927071285257,0.2529121419726802,10,4.8828125,0.05,False,one-sided
sub-ccepAgeUMCU27,run-031551,T27-T28,pre,standard,1,4,39,230,0.9838356285349096,0.0578782576320354,19.15326085482234,-29.83729256200261,0.0687434837448474,1.0,12.891482150888498,0.9948928210379296,0.8644257156441527,0.1304671053937768,10,4.8828125,0.05,False,one-sided
sub-ccepAgeUMCU27,run-031551,T27-T28,pre,standard,1,4,42,230,0.9979753412419334,0.0089609795861556,2.9266722525092845,-4.0681474546043805,0.0443329187491254,1.0,10.763492097263695,0.9858615458894396,0.980331988172878,0.0055295577165616,10,4.8828125,0.05,True,one-sided
sub-ccepAgeUMCU27,run-031551,T27-T28,pre,standard,1,4,44,230,0.9979549256112774,0.0198933045154385,6.496636587183338,-3.785777718730051,0.0499069949231363,0.8888888888888888,9.20762099356156,0.9687315273124684,0.9816845614324726,-0.0129530341200043,10,4.8828125,0.05,True,one-sided
sub-ccepAgeUMCU27,run-031551,T27-T28,pre,standard,1,4,46,230,0.9955181937313274,0.036249469177303,11.863441769726345,-7.84256560377232,0.0525461786810437,1.0,13.74089421995021,0.9702395357630552,0.9624301591623672,0.007809376600688,10,4.8828125,0.05,True,one-sided
sub-ccepAgeUMCU27,run-031551,T27-T28,pre,standard,1,4,48,230,0.988531998633126,0.0359492414384073,11.848346322448482,-22.26882424852273,0.0632357475200557,1.0,10.88289491613387,0.976554684445606,0.896968536951358,0.0795861474942478,10,4.8828125,0.05,False,one-sided
sub-ccepAgeUMCU27,run-031551,T27-T28,pre,standard,1,5,0,231,0.5148929236388571,0.0586024714579027,36.9389271913901,-1346.2753165687498,0.494026672427335,0.0,6.439392739215784,0.967741780826458,0.001396746124641,0.9663450347018172,10,4.8828125,0.05,False,one-sided
sub-ccepAgeUMCU27,run-031551,T27-T28,pre,standard,1,5,2,231,0.5637214616241752,0.1668965085454914,93.8212710621744,-1087.8649585255416,0.4714113101527473,0.0,13.160169188273793,0.984467851652676,0.0049328388855729,0.9795350127671032,10,4.8828125,0.05,False,one-sided
sub-ccepAgeUMCU27,run-031551,T27-T28,pre,standard,1,5,4,231,0.5376359958325932,0.0,0.0,-1270.934600664769,0.4672989938892592,0.0,6.923449862760105,0.9752297723519932,0.0020178244461614,0.9732119479058318,10,4.8828125,0.05,False,one-sided
sub-ccepAgeUMCU27,run-031551,T27-T28,pre,standard,1,5,5,231,0.6315760607444896,0.1883970444915498,94.4905535010853,-853.8434399832975,0.4174100958801299,0.0,47.94085094515029,0.9726696447597872,0.0154652853481463,0.9572043594116408,10,4.8828125,0.05,False,one-sided
sub-ccepAgeUMCU27,run-031551,T27-T28,pre,standard,1,5,7,231,0.6196156380916408,0.1737052140841394,89.09081536613834,-902.8146540544162,0.422799904125357,0.0,57.061850614813366,0.975349826803282,0.0121761680282879,0.963173658774994,10,4.8828125,0.05,False,one-sided
sub-ccepAgeUMCU27,run-031551,T27-T28,pre,standard,1,5,9,231,0.5952140981210416,0.1183595700571911,63.98110158957617,-1022.8611457798183,0.4258682570448875,0.0,17.591622828681665,0.964322338475252,0.006775519823946,0.957546818651306,10,4.8828125,0.05,False,one-sided
sub-ccepAgeUMCU27,run-031551,T27-T28,pre,standard,1,5,11,231,0.7606744546941893,0.2236396888229106,93.20353073520327,-475.3366916948927,0.3303944619979379,0.0,33.164992164165184,0.9764097458848554,0.0981773305648737,0.8782324153199816,10,4.8828125,0.05,False,one-sided
sub-ccepAgeUMCU27,run-031551,T27-T28,pre,standard,1,5,13,231,0.6337260058340877,0.0583406778244156,29.922482746985192,-925.5299876952554,0.3772049426086719,0.0,19.68142527667654,0.9728459936674207,0.010897853965359,0.9619481397020616,10,4.8828125,0.05,False,one-sided
sub-ccepAgeUMCU27,run-031551,T27-T28,pre,standard,1,5,15,231,0.697405061682095,0.1255999167815561,58.0796061445338,-705.3906674004039,0.3321528804297569,0.0,17.74125184624483,0.9625729464893572,0.0319274107125665,0.9306455357767908,10,4.8828125,0.05,False,one-sided
sub-ccepAgeUMCU27,run-031551,T27-T28,pre,standard,1,5,17,231,0.6643094028202525,0.0,0.0,-837.6468888214257,0.3407425268112318,0.0,11.13248390209592,0.9625210848804532,0.0167380166718611,0.945783068208592,10,4.8828125,0.05,False,one-sided
sub-ccepAgeUMCU27,run-031551,T27-T28,pre,standard,1,5,18,231,0.7655519259929658,0.1626934169717029,68.25458077217631,-501.9062573978915,0.2898562368760887,0.0,16.014928909088077,0.9804742705127746,0.0862319821544763,0.8942422883582982,10,4.8828125,0.05,False,one-sided
sub-ccepAgeUMCU27,run-031551,T27-T28,pre,standard,1,5,20,231,0.7289819304882679,0.0,0.0,-647.3857720133007,0.2762175359375209,0.0,16.375438665729035,0.9736626369481112,0.0423806520735832,0.9312819848745276,10,4.8828125,0.05,False,one-sided
sub-ccepAgeUMCU27,run-031551,T27-T28,pre,standard,1,5,21,231,0.784245245954792,0.0746172835450701,30.919483661108018,-488.5044026427364,0.2360803464093225,0.0,18.08186496231519,0.9653987447097704,0.0920636214413449,0.8733351232684253,10,4.8828125,0.05,False,one-sided
sub-ccepAgeUMCU27,run-031551,T27-T28,pre,standard,1,5,23,231,0.8297006780976639,0.0776837806303203,30.42949401531837,-373.4040731838252,0.1918926448411229,0.0,23.19533569386825,0.986865926616706,0.161498071738096,0.8253678548786101,10,4.8828125,0.05,False,one-sided
sub-ccepAgeUMCU27,run-031551,T27-T28,pre,standard,1,5,25,231,0.8100314685533508,0.0,0.0,-431.477108745076,0.1978859673909152,0.0,43.545707215065214,0.9725413637913763,0.1216238954592651,0.8509174683321112,10,4.8828125,0.05,False,one-sided
sub-ccepAgeUMCU27,run-031551,T27-T28,pre,standard,1,5,26,231,0.8267053627602278,0.0212528151782018,8.377610171270756,-389.0720404239338,0.179430702379648,0.0,61.11905069242057,0.955826234454426,0.1496036489469676,0.8062225855074584,10,4.8828125,0.05,False,one-sided
sub-ccepAgeUMCU27,run-031551,T27-T28,pre,standard,1,5,28,231,0.883637774615446,0.0672482947664981,24.758295042568225,-247.4404015226792,0.142579839389246,0.0,11.006293249565095,0.9941394813194296,0.2987329986739934,0.6954064826454363,10,4.8828125,0.05,False,one-sided
sub-ccepAgeUMCU27,run-031551,T27-T28,pre,standard,1,5,30,231,0.8933074430668493,0.0553538493874634,20.171678275086634,-227.14023572934929,0.1314030158121738,0.0,21.42999304458486,0.9801343320956476,0.3298612451215661,0.6502730869740814,10,4.8828125,0.05,False,one-sided
sub-ccepAgeUMCU27,run-031551,T27-T28,pre,standard,1,5,32,231,0.9203004117886318,0.0519782908482005,18.389982082821767,-166.83558504237303,0.1070702911039972,0.1111111111111111,17.939190941775948,0.989394249082842,0.4428045157230825,0.5465897333597594,10,4.8828125,0.05,False,one-sided
sub-ccepAgeUMCU27,run-031551,T27-T28,pre,standard,1,5,34,231,0.9427987209588472,0.0516971719591375,17.85513678276277,-117.557967059457,0.0979442895217149,0.6666666666666666,14.84505312969859,0.9200256627798682,0.5632602448431167,0.3567654179367515,10,4.8828125,0.05,False,one-sided
sub-ccepAgeUMCU27,run-031551,T27-T28,pre,standard,1,5,36,231,0.9765132828261668,0.058324916535175,19.44511058114101,-45.028146718396656,0.0721164625459348,1.0,11.05414422996108,0.9808478780736588,0.8026279498284751,0.1782199282451836,10,4.8828125,0.05,False,one-sided
sub-ccepAgeUMCU27,run-031551,T27-T28,pre,standard,1,5,38,231,0.9518493796832684,0.0436048872374581,14.92153458949297,-98.91893387590432,0.0819475794346263,0.8888888888888888,19.744942044340096,0.9600945987785886,0.6169282151531469,0.3431663836254417,10,4.8828125,0.05,False,one-sided
sub-ccepAgeUMCU27,run-031551,T27-T28,pre,standard,1,5,40,231,0.9877455501181164,0.0379399987523955,12.513790138761228,-23.74247927118126,0.0510321505263043,1.0,21.59811969602615,0.978705722803,0.890537492340718,0.0881682304622819,10,4.8828125,0.05,False,one-sided
sub-ccepAgeUMCU27,run-031551,T27-T28,pre,standard,1,5,42,231,0.997489546599792,0.0345171538608588,11.27465994933852,-3.922429451001024,0.0467071199172517,1.0,12.93106946162609,0.9850541688765576,0.9810297560089356,0.004024412867622,10,4.8828125,0.05,True,one-sided
sub-ccepAgeUMCU27,run-031551,T27-T28,pre,standard,1,5,46,231,0.995568721515663,0.0069211911369902,2.265962336107948,-9.0459364358276,0.0412324687274929,1.0,17.472271740064603,0.9723607998119056,0.9567916608380326,0.0155691389738729,10,4.8828125,0.05,True,one-sided
sub-ccepAgeUMCU27,run-031551,T27-T28,pre,standard,1,5,48,231,0.9884587571122307,0.0276282725532993,9.108192545648109,-22.974232895202785,0.0498387967017939,1.0,19.315953710810028,0.9739323788373216,0.8938843527121881,0.0800480261251334,10,4.8828125,0.05,False,one-sided
sub-ccepAgeUMCU27,run-031551,T27-T28,pre,standard,1,6,0,232,0.5377654496612646,0.0795381904882266,47.86253087636212,-1248.2821340186647,0.4751001807423289,0.0,7.218350894099048,0.9654119830306546,0.0022538225176773,0.9631581605129772,10,4.8828125,0.05,False,one-sided
sub-ccepAgeUMCU27,run-031551,T27-T28,pre,standard,1,6,4,232,0.5854567477892061,0.1023142761006603,56.39332296748633,-1065.617472508393,0.4304290483077988,0.0,21.391432631775302,0.9753643702811547,0.0054988829081475,0.9698654873730072,10,4.8828125,0.05,False,one-sided
sub-ccepAgeUMCU27,run-031551,T27-T28,pre,standard,1,6,6,232,0.5725973934606166,0.0,0.0,-1141.9083539262967,0.4361125261244747,0.0,3.83899917604388,0.957903094312076,0.0037887300908777,0.9541143642211982,10,4.8828125,0.05,False,one-sided
sub-ccepAgeUMCU27,run-031551,T27-T28,pre,standard,1,6,7,232,0.6561993169179583,0.1021086751364406,50.3162146027984,-838.3043652162422,0.3609180868680998,0.0,12.662089372689753,0.9800613420705064,0.0166843682093488,0.9633769738611576,10,4.8828125,0.05,False,one-sided
sub-ccepAgeUMCU27,run-031551,T27-T28,pre,standard,1,6,9,232,0.6576867646770529,0.0155021010907946,7.681413387676517,-857.5975260469247,0.3482639477504201,0.0,36.145542373503474,0.9686835541096565,0.0151843813807643,0.9534991727288922,10,4.8828125,0.05,False,one-sided
sub-ccepAgeUMCU27,run-031551,T27-T28,pre,standard,1,6,11,232,0.6954039249641002,0.0,0.0,-743.9614264164236,0.3106301602752299,0.0,30.579192239057694,0.9613788627524688,0.0264466931170522,0.9349321696354164,10,4.8828125,0.05,False,one-sided
sub-ccepAgeUMCU27,run-031551,T27-T28,pre,standard,1,6,12,232,0.7185826428551421,0.054375797726417,24.617963102816,-670.9651082345189,0.29094249859994,0.0,28.12522633458228,0.9830306487486352,0.0377716364096092,0.945259012339026,10,4.8828125,0.05,False,one-sided
sub-ccepAgeUMCU27,run-031551,T27-T28,pre,standard,1,6,14,232,0.7719459850506725,0.1265664844643171,52.97060117405076,-502.941950804166,0.2651944829888703,0.0,12.67506281248196,0.996361063007114,0.0857969994829452,0.9105640635241689,10,4.8828125,0.05,False,one-sided
sub-ccepAgeUMCU27,run-031551,T27-T28,pre,standard,1,6,16,232,0.7257797102297562,0.0,0.0,-656.4018987765022,0.2795528480792698,0.0,14.850147151273758,0.983785411494688,0.0405553570920047,0.9432300544026831,10,4.8828125,0.05,False,one-sided
sub-ccepAgeUMCU27,run-031551,T27-T28,pre,standard,1,6,17,232,0.8120426350048628,0.1096481119129771,43.74753808858257,-407.8967314075607,0.2226113427039744,0.0,19.58104465817823,0.9862223556481766,0.1364655252092551,0.8497568304389216,10,4.8828125,0.05,False,one-sided
sub-ccepAgeUMCU27,run-031551,T27-T28,pre,standard,1,6,19,232,0.8214657882449593,0.046449946392987,18.4112635552226,-399.50102205670896,0.1906885158243426,0.0,25.10693803581155,0.980094876183057,0.1421761376217945,0.8379187385612625,10,4.8828125,0.05,False,one-sided
sub-ccepAgeUMCU27,run-031551,T27-T28,pre,standard,1,6,21,232,0.8796668927104462,0.0873780153307028,32.27094962529124,-252.52423462970864,0.1572238658006541,0.0,17.664624914697256,0.990218333014648,0.2914087117716333,0.6988096212430147,10,4.8828125,0.05,False,one-sided
sub-ccepAgeUMCU27,run-031551,T27-T28,pre,standard,1,6,23,232,0.8699880524909585,0.0699299077257003,26.14369897489815,-278.6420625513401,0.1568828540770514,0.0,24.452161109628708,0.9589547919901016,0.2565178705465391,0.7024369214435624,10,4.8828125,0.05,False,one-sided
sub-ccepAgeUMCU27,run-031551,T27-T28,pre,standard,1,6,25,232,0.8601083501536082,0.0119465708692697,4.527018381275516,-308.42973751052057,0.1511035933035079,0.0,23.42596737448212,0.975522786068449,0.2217943722019911,0.7537284138664578,10,4.8828125,0.05,False,one-sided
sub-ccepAgeUMCU27,run-031551,T27-T28,pre,standard,1,6,27,232,0.9262952458233934,0.102064315610396,35.77059691658736,-144.44213484164152,0.1348446588306522,0.0,19.485242820387253,0.9829479688211716,0.4939683357446506,0.4889796330765211,10,4.8828125,0.05,False,one-sided
sub-ccepAgeUMCU27,run-031551,T27-T28,pre,standard,1,6,29,232,0.9419384931895394,0.0787601135448111,27.190976771707007,-115.36739586026884,0.1045687012361213,0.1111111111111111,37.55702622140654,0.9896344876888536,0.5693172958393229,0.4203171918495307,10,4.8828125,0.05,False,one-sided
sub-ccepAgeUMCU27,run-031551,T27-T28,pre,standard,1,6,31,232,0.9604667923634465,0.0777724558626096,26.33583218332918,-75.9156929397864,0.0972331168811272,0.5555555555555556,38.0336780390027,0.9890766623592115,0.6902633452425746,0.298813317116637,10,4.8828125,0.05,False,one-sided
sub-ccepAgeUMCU27,run-031551,T27-T28,pre,standard,1,6,33,232,0.9454487987839492,0.0520416268177871,17.92358534610533,-111.78576763708136,0.0843239465531896,0.8888888888888888,34.74234745802298,0.9886817645096349,0.5793613264024214,0.4093204381072133,10,4.8828125,0.05,False,one-sided
sub-ccepAgeUMCU27,run-031551,T27-T28,pre,standard,1,6,35,232,0.9803912786529154,0.0660717054791066,21.93360172614709,-35.91729744606128,0.0862801243423004,0.8888888888888888,11.379493813039318,0.9790365924759478,0.8391402451830662,0.1398963472928815,10,4.8828125,0.05,False,one-sided
sub-ccepAgeUMCU27,run-031551,T27-T28,pre,standard,1,6,37,232,0.9917510387785144,0.0559396881256616,18.36570153063437,-13.71123093850884,0.0758820947414446,0.7777777777777778,8.302129466728033,0.9763948445867474,0.935242551639686,0.0411522929470613,10,4.8828125,0.05,True,one-sided
sub-ccepAgeUMCU27,run-031551,T27-T28,pre,standard,1,6,41,232,0.9997225207870788,0.0,0.0,-0.5683562852369534,0.0519187373975762,0.8888888888888888,5.843964637162498,1.0039473294271986,0.9972286700704138,0.0067186593567847,10,4.8828125,0.05,True,one-sided
sub-ccepAgeUMCU27,run-031551,T27-T28,pre,standard,1,6,42,232,0.9959570679525772,0.012165501730143,3.981235727594912,-8.143934751919794,0.0399953896895628,1.0,14.141639802469529,1.0028034937300636,0.9610149567417428,0.0417885369883207,10,4.8828125,0.05,True,one-sided
sub-ccepAgeUMCU27,run-031551,T27-T28,pre,standard,1,6,44,232,0.9888024980970757,0.0387323906799338,12.761239451397229,-21.49185519733613,0.0620890264351353,0.8888888888888888,17.28173824720866,0.9698208176834376,0.9003779141286103,0.0694429035548271,10,4.8828125,0.05,False,one-sided
sub-ccepAgeUMCU27,run-031551,T27-T28,pre,standard,1,6,46,232,0.9802292631261316,0.0348634091843405,11.588020343848829,-39.601564408471965,0.0651368260974458,1.0,18.10322605660137,0.9836339095682876,0.8241794334699613,0.1594544760983264,10,4.8828125,0.05,False,one-sided
sub-ccepAgeUMCU27,run-031551,T27-T28,pre,standard,1,6,48,232,0.962006748549066,0.0059689948020859,2.0224024970463432,-79.28742754998969,0.0728635557239968,0.7777777777777778,31.2391634995472,0.9673605554395076,0.6789921977166029,0.2883683577229048,10,4.8828125,0.05,False,one-sided
sub-ccepAgeUMCU27,run-031551,T27-T28,pre,standard,1,7,0,233,0.5231257287100239,0.0,0.0,-1326.967694838365,0.4825820147514315,0.0,7.294253075060342,0.9677673059322818,0.0015348318507126,0.9662324740815692,10,4.8828125,0.05,False,one-sided
sub-ccepAgeUMCU27,run-031551,T27-T28,pre,standard,1,7,1,233,0.630257689523769,0.1914931156156951,96.14515232140586,-854.9930649448031,0.4201436062230973,0.0,8.291653854855552,0.9643369242239692,0.0153787156695025,0.9489582085544668,10,4.8828125,0.05,False,one-sided
sub-ccepAgeUMCU27,run-031551,T27-T28,pre,standard,1,7,3,233,0.6802324699584539,0.1888938036363547,88.28840217949157,-713.0707617624854,0.3772978012563232,0.0,11.71542679801701,0.984664562358577,0.0307522896014311,0.953912272757146,10,4.8828125,0.05,False,one-sided
sub-ccepAgeUMCU27,run-031551,T27-T28,pre,standard,1,7,5,233,0.6127246141532958,0.1327850853943916,69.56163513621583,-956.19535948928,0.4144943284172425,0.0,7.601454035513928,0.9622937834574808,0.0093823721474093,0.9529114113100714,10,4.8828125,0.05,False,one-sided
sub-ccepAgeUMCU27,run-031551,T27-T28,pre,standard,1,7,7,233,0.5976739562509127,0.0884419107703512,47.88545443780348,-1031.9451598835883,0.4181212749099897,0.0,9.150218361077073,0.9593895236674274,0.0064815556629079,0.9529079680045196,10,4.8828125,0.05,False,one-sided
sub-ccepAgeUMCU27,run-031551,T27-T28,pre,standard,1,7,9,233,0.5862939444220144,0.0,0.0,-1093.4968392264211,0.4319259049006165,0.0,6.921377260102334,0.9362606688104754,0.0047990368604004,0.931461631950075,10,4.8828125,0.05,False,one-sided
sub-ccepAgeUMCU27,run-031551,T27-T28,pre,standard,1,7,10,233,0.6169481526965885,0.0,0.0,-989.123153701875,0.3947035832790343,0.0,3.3811797705566544,0.9637001970278049,0.0079888944224459,0.9557113026053587,10,4.8828125,0.05,False,one-sided
sub-ccepAgeUMCU27,run-031551,T27-T28,pre,standard,1,7,11,233,0.7072029538030639,0.1198228302857775,54.7067106483972,-680.5220372161758,0.3196887899367233,0.0,26.423039654550728,0.9864296523974936,0.0360495279429975,0.9503801244544962,10,4.8828125,0.05,False,one-sided
sub-ccepAgeUMCU27,run-031551,T27-T28,pre,standard,1,7,13,233,0.6877032669659237,0.0610870809730816,28.87752777533976,-758.7187453609804,0.3228366488096068,0.0,33.23417025439333,0.9808626348455236,0.0246080568894797,0.9562545779560438,10,4.8828125,0.05,False,one-sided
sub-ccepAgeUMCU27,run-031551,T27-T28,pre,standard,1,7,15,233,0.74817550269036,0.0941008077448275,40.78171263854154,-578.0891539917757,0.2750690340486175,0.0,15.734872866920568,0.9733905962343734,0.0594451674238779,0.9139454288104956,10,4.8828125,0.05,False,one-sided
sub-ccepAgeUMCU27,run-031551,T27-T28,pre,standard,1,7,17,233,0.7296068740293346,0.0214079216993352,9.561171046106749,-644.7495895282063,0.2759296317007721,0.0,53.78576442273184,0.9666515302579444,0.0429297012781066,0.9237218289798376,10,4.8828125,0.05,False,one-sided
sub-ccepAgeUMCU27,run-031551,T27-T28,pre,standard,1,7,19,233,0.7431271622743456,0.0,0.0,-608.0268325612944,0.2630727024435967,0.0,74.28890252154594,0.9700371245129324,0.0513607499248909,0.9186763745880414,10,4.8828125,0.05,False,one-sided
sub-ccepAgeUMCU27,run-031551,T27-T28,pre,standard,1,7,20,233,0.7909360831562077,0.0977105003525134,40.06407011285507,-464.82425724318216,0.2373310815571123,0.0,10.76909436552069,0.9821445853194284,0.1033483773437537,0.8787962079756747,10,4.8828125,0.05,False,one-sided
sub-ccepAgeUMCU27,run-031551,T27-T28,pre,standard,1,7,22,233,0.8496587527728441,0.0425539489153583,16.311078854938597,-331.0957884971948,0.1626502157952482,0.0,28.725442019076283,0.9837883358215695,0.1985570817363554,0.7852312540852142,10,4.8828125,0.05,False,one-sided
sub-ccepAgeUMCU27,run-031551,T27-T28,pre,standard,1,7,24,233,0.8941826338381036,0.0922686004210088,33.51532544620735,-218.21344751845032,0.1498608947866052,0.0,17.415068120471872,0.977049535902127,0.3445571363823879,0.6324923995197391,10,4.8828125,0.05,False,one-sided
sub-ccepAgeUMCU27,run-031551,T27-T28,pre,standard,1,7,26,233,0.886367074326045,0.0780062288900547,28.61200340611165,-239.13767039204896,0.1444279281841108,0.0,13.905399720067145,0.9774440194082196,0.3110926795507682,0.6663513398574514,10,4.8828125,0.05,False,one-sided
sub-ccepAgeUMCU27,run-031551,T27-T28,pre,standard,1,7,28,233,0.9145135815001756,0.0753256782876762,26.786978006922908,-176.0916667308856,0.1198223510145449,0.0,21.626173803016897,0.983675085178632,0.4232371615448596,0.5604379236337722,10,4.8828125,0.05,False,one-sided
sub-ccepAgeUMCU27,run-031551,T27-T28,pre,standard,1,7,30,233,0.9600902556614463,0.0781175980984634,26.46252395001113,-76.6541252988278,0.1039932475863276,0.4444444444444444,10.672815085348075,0.9746111664870044,0.687778994770016,0.2868321717169885,10,4.8828125,0.05,False,one-sided
sub-ccepAgeUMCU27,run-031551,T27-T28,pre,standard,1,7,32,233,0.9789913208031416,0.0633633873812481,21.067077587830497,-39.20350137139778,0.0780519111588926,0.8888888888888888,19.52660438545623,0.9831059885327526,0.8257829217986388,0.1573230667341137,10,4.8828125,0.05,False,one-sided
sub-ccepAgeUMCU27,run-031551,T27-T28,pre,standard,1,7,34,233,0.9937752909778164,0.0521837262783263,17.10008559283413,-9.968393361019915,0.071171237028502,1.0,8.3952513882699,0.983332610110734,0.952491785935618,0.0308408241751161,10,4.8828125,0.05,True,one-sided
sub-ccepAgeUMCU27,run-031551,T27-T28,pre,standard,1,7,36,233,0.9174002650804592,0.0265962512243478,9.446915327091848,-175.70068169954826,0.0962047146478524,0.6666666666666666,30.7328471704482,0.986301475242051,0.4240459381773808,0.5622555370646702,10,4.8828125,0.05,False,one-sided
sub-ccepAgeUMCU27,run-031551,T27-T28,pre,standard,1,7,38,233,0.9911122323087672,0.0366405381216129,12.0445715486266,-16.884958127054468,0.067595709455454,1.0,7.603420657059178,0.955226166623384,0.9208610851077838,0.0343650815156002,10,4.8828125,0.05,True,one-sided
sub-ccepAgeUMCU27,run-031551,T27-T28,pre,standard,1,7,40,233,0.9868617044651138,0.0270943767039889,8.946720434446078,-26.31396847705305,0.0461783486871509,1.0,18.115276789079413,0.9733551493281472,0.8794257210946645,0.0939294282334826,10,4.8828125,0.05,False,one-sided
sub-ccepAgeUMCU27,run-031551,T27-T28,pre,standard,1,7,42,233,0.9997238678897082,0.0033455857874577,1.0907885548949514,-0.5541288120216377,0.0432220675394968,1.0,11.935678478326862,0.9717730163589836,0.9972979500363643,-0.0255249336773807,10,4.8828125,0.05,True,one-sided
sub-ccepAgeUMCU27,run-031551,T27-T28,pre,standard,1,7,44,233,0.9986981609575528,0.0128580582742934,4.196306762179907,-2.498178159705037,0.0336014392353169,1.0,12.94319750903159,0.9895410407444012,0.9878759601276008,0.0016650806168003,10,4.8828125,0.05,True,one-sided
sub-ccepAgeUMCU27,run-031551,T27-T28,pre,standard,1,7,46,233,0.95604629808011,0.022827018931303,7.781043633386093,-91.47182336812294,0.0734427986471893,0.7777777777777778,42.73339630837969,0.9722930377811588,0.6397743374502104,0.3325187003309484,10,4.8828125,0.05,False,one-sided
sub-ccepAgeUMCU27,run-031551,T27-T28,pre,standard,1,7,48,233,0.9672670881551062,0.0,0.0,-68.15870733660171,0.0598830668340945,1.0,57.34950962713789,0.9636145335094726,0.7169091261637663,0.2467054073457062,10,4.8828125,0.05,False,one-sided
sub-ccepAgeUMCU27,run-031551,T27-T28,pre,standard,1,7,49,233,0.9379924597798124,0.0,0.0,-131.09937893886894,0.0801818203606118,0.6666666666666666,55.58355877783169,0.9522078579079758,0.5272219370211125,0.4249859208868632,10,4.8828125,0.05,False,one-sided
sub-ccepAgeUMCU27,run-031551,T27-T28,pre,standard,1,8,0,234,0.5133240633609768,0.0182361190025121,11.574660872535482,-1364.4130229366956,0.4935773355646995,0.0,10.7170014680193,0.9297241525421452,0.0012783655084588,0.9284457870336864,10,4.8828125,0.05,False,one-sided
sub-ccepAgeUMCU27,run-031551,T27-T28,pre,standard,1,8,4,234,0.5843092846996363,0.1358179369656613,74.4423674884473,-1046.558215608765,0.4410389473608528,0.0,3.439730228537855,0.9621525564314994,0.0060351924428058,0.9561173639886936,10,4.8828125,0.05,False,one-sided
sub-ccepAgeUMCU27,run-031551,T27-T28,pre,standard,1,8,6,234,0.6336609047828036,0.1105940283910877,56.32124632649362,-903.6554195618096,0.390489555879245,0.0,10.737214077334109,0.9722901338969324,0.0121262836668777,0.9601638502300546,10,4.8828125,0.05,False,one-sided
sub-ccepAgeUMCU27,run-031551,T27-T28,pre,standard,1,8,8,234,0.6061478283762773,0.0122846402565429,6.605025874619307,-1024.8725570418733,0.3997008717622045,0.0,6.9011385428625225,0.970674265259264,0.0067093008246872,0.9639649644345768,10,4.8828125,0.05,False,one-sided
sub-ccepAgeUMCU27,run-031551,T27-T28,pre,standard,1,8,10,234,0.7218939863656265,0.1438082749852258,64.09321732594458,-627.5447472145505,0.3208550507497142,0.0,20.77924377136324,0.9668436843591351,0.0466919579390796,0.9201517264200556,10,4.8828125,0.05,False,one-sided
sub-ccepAgeUMCU27,run-031551,T27-T28,pre,standard,1,8,12,234,0.7025347424014665,0.1212478181360763,55.70560619010849,-693.0123050344588,0.3259630878572495,0.0,17.388620807409858,0.9918715539756904,0.0339166530203485,0.957954900955342,10,4.8828125,0.05,False,one-sided
sub-ccepAgeUMCU27,run-031551,T27-T28,pre,standard,1,8,14,234,0.6967314200241949,0.0,0.0,-740.0556126363274,0.3108011680350241,0.0,18.51719054106013,0.9393592308323532,0.0269559076980252,0.9124033231343278,10,4.8828125,0.05,False,one-sided
sub-ccepAgeUMCU27,run-031551,T27-T28,pre,standard,1,8,15,234,0.736055651962368,0.0785648701323572,34.65984524822294,-616.0082710018273,0.2790208017649929,0.0,36.28696506995823,0.9784821988398662,0.0493976273274164,0.9290845715124496,10,4.8828125,0.05,False,one-sided
sub-ccepAgeUMCU27,run-031551,T27-T28,pre,standard,1,8,17,234,0.7253519397815064,0.0,0.0,-657.6093342333543,0.2825805458327197,0.0,18.154307369462984,0.9515738278950092,0.0403169590959165,0.9112568687990928,10,4.8828125,0.05,False,one-sided
sub-ccepAgeUMCU27,run-031551,T27-T28,pre,standard,1,8,18,234,0.803147299107138,0.1050327356148497,42.38594590539143,-431.5918523690684,0.2341763471446916,0.0,19.77806932866097,0.959489189814412,0.1215557721301377,0.8379334176842743,10,4.8828125,0.05,False,one-sided
sub-ccepAgeUMCU27,run-031551,T27-T28,pre,standard,1,8,20,234,0.772745337225024,0.0,0.0,-527.9861391155733,0.2341510834469092,0.0,34.11657988026579,0.9949910603386036,0.0759213517509468,0.9190697085876568,10,4.8828125,0.05,False,one-sided
sub-ccepAgeUMCU27,run-031551,T27-T28,pre,standard,1,8,21,234,0.8275821249351152,0.054858745679083,21.57495770903917,-383.0880193212233,0.1861534857684565,0.0,39.56653142101368,0.9623220822819936,0.1540393839480613,0.8082826983339322,10,4.8828125,0.05,False,one-sided
sub-ccepAgeUMCU27,run-031551,T27-T28,pre,standard,1,8,23,234,0.8620871514778004,0.0447032579118027,16.886874665060688,-301.17121998412364,0.1521885711373286,0.0,34.538029164926954,0.9710724859460718,0.2297961660461981,0.7412763198998736,10,4.8828125,0.05,False,one-sided
sub-ccepAgeUMCU27,run-031551,T27-T28,pre,standard,1,8,25,234,0.9083071115281908,0.0844734874184918,30.226674075192943,-188.14306134305096,0.1301863132596919,0.0,15.06810108112231,0.9861316962483352,0.3990505047770215,0.5870811914713138,10,4.8828125,0.05,False,one-sided
sub-ccepAgeUMCU27,run-031551,T27-T28,pre,standard,1,8,27,234,0.9425936175538618,0.0712884758322775,24.604747990784595,-115.237326449121,0.1037810405149588,0.3333333333333333,20.460173990479657,0.9677082785359412,0.5696789866859735,0.3980292918499677,10,4.8828125,0.05,False,one-sided
sub-ccepAgeUMCU27,run-031551,T27-T28,pre,standard,1,8,29,234,0.9075865965076544,0.0185617754996463,6.6653197064852,-198.158745606041,0.1029039810181706,0.2222222222222222,55.078533415540754,0.9795013916671954,0.3800045699957195,0.5994968216714759,10,4.8828125,0.05,False,one-sided
sub-ccepAgeUMCU27,run-031551,T27-T28,pre,standard,1,8,31,234,0.9712771113322828,0.0689411773386505,23.097121863876485,-54.539701048419005,0.0861681922454952,0.8888888888888888,16.810944977237373,0.9555050538467934,0.7662037641124042,0.1893012897343892,10,4.8828125,0.05,False,one-sided
sub-ccepAgeUMCU27,run-031551,T27-T28,pre,standard,1,8,33,234,0.9578235359585432,0.0647898354118414,22.014579172772454,-83.57716866036688,0.0885916885192244,1.0,16.8219070585737,0.9944971811270246,0.6649179403905048,0.3295792407365198,10,4.8828125,0.05,False,one-sided
sub-ccepAgeUMCU27,run-031551,T27-T28,pre,standard,1,8,35,234,0.9875793525534602,0.0559882939727785,18.45910687719808,-22.310888257538576,0.0738623263859835,1.0,8.929320685021965,0.9789236406827052,0.8967843269016212,0.0821393137810839,10,4.8828125,0.05,False,one-sided
sub-ccepAgeUMCU27,run-031551,T27-T28,pre,standard,1,8,37,234,0.9640138928448648,0.0478715287463358,16.1728844174512,-72.53627893382527,0.0775458956866008,0.8888888888888888,29.90683944717362,0.9691399240496672,0.7017479047590834,0.2673920192905838,10,4.8828125,0.05,False,one-sided
sub-ccepAgeUMCU27,run-031551,T27-T28,pre,standard,1,8,39,234,0.9831506938279816,0.0411109243147926,13.62179375615074,-33.0124629324751,0.0647383998499605,1.0,20.294099015837936,0.9752019228955376,0.851127220176528,0.1240747027190095,10,4.8828125,0.05,False,one-sided
sub-ccepAgeUMCU27,run-031551,T27-T28,pre,standard,1,8,41,234,0.9965918712188442,0.0289630532982437,9.470106486354023,-6.12725774903708,0.0436642709869446,1.0,12.195625427231333,0.9760043355825372,0.9705248700074682,0.0054794655750688,10,4.8828125,0.05,True,one-sided
sub-ccepAgeUMCU27,run-031551,T27-T28,pre,standard,1,8,45,234,0.996799327395166,0.0,0.0,-6.565490100746659,0.0481508809287586,0.7777777777777778,14.64479753088348,0.9488338619977966,0.9684503549963916,-0.019616492998595,10,4.8828125,0.05,True,one-sided
sub-ccepAgeUMCU27,run-031551,T27-T28,pre,standard,1,8,46,234,0.9890810723267718,0.021939170910487,7.22881638003575,-21.98124675406528,0.0543361864775168,0.8888888888888888,23.0190224285984,0.9776031287432558,0.898228933205501,0.0793741955377548,10,4.8828125,0.05,False,one-sided
sub-ccepAgeUMCU27,run-031551,T27-T28,pre,standard,1,8,48,234,0.9409833146733408,0.0,0.0,-124.57957588621478,0.071990607866534,0.8888888888888888,19.405766498071745,0.9712067871348452,0.5442760530468276,0.4269307340880177,10,4.8828125,0.05,False,one-sided
sub-ccepAgeUMCU27,run-031551,T27-T28,pre,standard,1,8,49,234,0.9630856678745162,0.0,0.0,-77.03124330374993,0.0700694974149182,0.7777777777777778,36.246111426783,0.9701164792375438,0.6865136862553582,0.2836027929821856,10,4.8828125,0.05,False,one-sided
sub-ccepAgeUMCU27,run-031551,T27-T28,pre,standard,1,9,0,235,0.5905647023876812,0.158052644716016,85.23615833042842,-1007.7955704560728,0.4430063323717462,0.0,4.420719843536137,0.9693881599447244,0.0072927337090801,0.9620954262356444,10,4.8828125,0.05,False,one-sided
sub-ccepAgeUMCU27,run-031551,T27-T28,pre,standard,1,9,2,235,0.5502125640740794,0.02553989802689,15.119140834900932,-1221.3748281753808,0.4550652372574006,0.0,12.947782118608623,0.9846759162771134,0.0025702701260136,0.9821056461510996,10,4.8828125,0.05,False,one-sided
sub-ccepAgeUMCU27,run-031551,T27-T28,pre,standard,1,9,4,235,0.5751288362614009,0.0722478664469579,40.732492223146856,-1116.841117132682,0.4356272139080334,0.0,18.0194021651608,0.9717049857743794,0.0042820399151283,0.967422945859251,10,4.8828125,0.05,False,one-sided
sub-ccepAgeUMCU27,run-031551,T27-T28,pre,standard,1,9,6,235,0.6464412013870705,0.1610028110762566,79.56227505827688,-831.8596557061384,0.3902851646292327,0.0,20.69655743694331,0.979259932228776,0.0172177452722278,0.9620421869565482,10,4.8828125,0.05,False,one-sided
sub-ccepAgeUMCU27,run-031551,T27-T28,pre,standard,1,9,8,235,0.6263810180398526,0.1010021343529278,52.1098489840558,-931.762700350778,0.390195626223802,0.0,14.274463446602354,0.9801951432742878,0.0105711936190365,0.9696239496552512,10,4.8828125,0.05,False,one-sided
sub-ccepAgeUMCU27,run-031551,T27-T28,pre,standard,1,9,10,235,0.7334948766893865,0.1741142634663161,75.9666148065836,-578.6133956122551,0.3255160912133101,0.0,8.74693582347036,0.9793915676991678,0.0592931958467669,0.9200983718524008,10,4.8828125,0.05,False,one-sided
sub-ccepAgeUMCU27,run-031551,T27-T28,pre,standard,1,9,12,235,0.6776333263754802,0.0715774509499247,34.30236886355336,-785.6151490136275,0.3365751671031903,0.0,12.5143149945384,0.9823447907077208,0.021579500414951,0.9607652902927698,10,4.8828125,0.05,False,one-sided
sub-ccepAgeUMCU27,run-031551,T27-T28,pre,standard,1,9,14,235,0.698270727294193,0.0,0.0,-735.5359026494984,0.3120345188536909,0.0,12.499770762367236,0.9750621500405956,0.0275574076403957,0.9475047424002,10,4.8828125,0.05,False,one-sided
sub-ccepAgeUMCU27,run-031551,T27-T28,pre,standard,1,9,15,235,0.749974521697587,0.0580519427929351,25.179969997730776,-583.1253997495578,0.26664173138796,0.0,25.74872903172579,0.9690575059729236,0.0580011761052467,0.9110563298676768,10,4.8828125,0.05,False,one-sided
sub-ccepAgeUMCU27,run-031551,T27-T28,pre,standard,1,9,17,235,0.7528002470151806,0.0,0.0,-581.5405825688786,0.2513091321813042,0.0,62.73048346729351,0.9758529158737288,0.0584517514944881,0.9174011643792406,10,4.8828125,0.05,False,one-sided
sub-ccepAgeUMCU27,run-031551,T27-T28,pre,standard,1,9,18,235,0.806753575847565,0.1042055784885297,41.86992498574264,-422.8379462443685,0.2297121277655349,0.0,12.967751483916572,0.9447138977472516,0.1268641551618411,0.8178497425854105,10,4.8828125,0.05,False,one-sided
sub-ccepAgeUMCU27,run-031551,T27-T28,pre,standard,1,9,20,235,0.7892502013050857,0.0,0.0,-484.70404400201727,0.2153164475213309,0.0,55.245406677093285,0.9874089842074162,0.0937879435462106,0.8936210406612055,10,4.8828125,0.05,False,one-sided
sub-ccepAgeUMCU27,run-031551,T27-T28,pre,standard,1,9,21,235,0.918397214430985,0.1269834972735511,44.78390043744914,-154.94493656077475,0.1589401991913224,0.0,10.766397311876943,0.9624018570180198,0.4692746505680826,0.4931272064499372,10,4.8828125,0.05,False,one-sided
sub-ccepAgeUMCU27,run-031551,T27-T28,pre,standard,1,9,23,235,0.8221664863586625,0.0,0.0,-401.02372615130014,0.1808156625224055,0.0,50.37029612122249,0.9859724437873044,0.1411229669205,0.8448494768668043,10,4.8828125,0.05,False,one-sided
sub-ccepAgeUMCU27,run-031551,T27-T28,pre,standard,1,9,24,235,0.8704268849694077,0.0565116337314279,21.13228985701492,-279.8968400181086,0.1468578865073078,0.0,27.803619683834544,0.9907338851436198,0.2549510305941295,0.7357828545494903,10,4.8828125,0.05,False,one-sided
sub-ccepAgeUMCU27,run-031551,T27-T28,pre,standard,1,9,26,235,0.956953789506054,0.0853600429605584,28.99785401897749,-81.99704746992677,0.1016663842383714,0.2222222222222222,44.858322751051865,0.9830503948791828,0.6700679134678125,0.3129824814113704,10,4.8828125,0.05,False,one-sided
sub-ccepAgeUMCU27,run-031551,T27-T28,pre,standard,1,9,28,235,0.9640009379858668,0.0785497799745913,26.50081249075504,-68.30947565207899,0.0955565312428869,0.6666666666666666,40.21210827275703,0.9784254001521274,0.7163815509410694,0.262043849211058,10,4.8828125,0.05,False,one-sided
sub-ccepAgeUMCU27,run-031551,T27-T28,pre,standard,1,9,30,235,0.9736790820455072,0.0699985484383195,23.39250670709201,-49.34866319029408,0.0832940824916622,0.8888888888888888,29.19312163624781,0.9828176542365508,0.7858728489020068,0.196944805334544,10,4.8828125,0.05,False,one-sided
sub-ccepAgeUMCU27,run-031551,T27-T28,pre,standard,1,9,32,235,0.9225693405608778,0.0457354095823003,16.145379088275874,-162.5404600154679,0.0975502907476567,0.6666666666666666,28.94184258425079,0.979624596523216,0.4521892057616614,0.5274353907615545,10,4.8828125,0.05,False,one-sided
sub-ccepAgeUMCU27,run-031551,T27-T28,pre,standard,1,9,34,235,0.913219853642602,0.0,0.0,-185.91462159175663,0.0983010463777752,0.5555555555555556,47.493117130873024,0.9640003510235272,0.4034163038296213,0.5605840471939059,10,4.8828125,0.05,False,one-sided
sub-ccepAgeUMCU27,run-031551,T27-T28,pre,standard,1,9,35,235,0.9630545317953606,0.062976556749769,21.28434158183644,-72.72798167750872,0.0837465809032589,0.8888888888888888,31.05350684663011,0.9798728784678452,0.7010913419834209,0.2787815364844244,10,4.8828125,0.05,False,one-sided
sub-ccepAgeUMCU27,run-031551,T27-T28,pre,standard,1,9,37,235,0.9910475038164726,0.043872015581017,14.419816921711556,-16.412522477969294,0.05862153290765,1.0,12.067889406628806,0.9778354408663774,0.9229877930063634,0.054847647860014,10,4.8828125,0.05,False,one-sided
sub-ccepAgeUMCU27,run-031551,T27-T28,pre,standard,1,9,39,235,0.9651058116150673,0.0431380471664249,14.55950668848323,-70.69611409750618,0.0722311312442924,1.0,19.425523502847028,0.970843252248515,0.7080816482031234,0.2627616040453916,10,4.8828125,0.05,False,one-sided
sub-ccepAgeUMCU27,run-031551,T27-T28,pre,standard,1,9,41,235,0.9946280032321836,0.0333082962278261,10.911376737810343,-9.883775831704773,0.0534026109390676,0.8888888888888888,10.475954091819046,0.9789551162065052,0.9528854097354658,0.0260697064710395,10,4.8828125,0.05,True,one-sided
sub-ccepAgeUMCU27,run-031551,T27-T28,pre,standard,1,9,43,235,0.9917246590441772,0.0240033006747905,7.887604997660043,-16.41871454173954,0.0449540436380331,1.0,25.960259030476625,0.995681226409906,0.9229598871817748,0.0727213392281312,10,4.8828125,0.05,False,one-sided
sub-ccepAgeUMCU27,run-031551,T27-T28,pre,standard,1,9,45,235,0.9985777118182412,0.0044775219458173,1.4615141625329202,-2.894331940999518,0.0372069615518638,1.0,17.960655398338982,0.9886178231433128,0.9859669145351644,0.0026509086081483,10,4.8828125,0.05,True,one-sided
sub-ccepAgeUMCU27,run-031551,T27-T28,pre,standard,1,9,47,235,0.988541820255301,0.0109928250371867,3.624486213875093,-23.475209023419463,0.0393423462522619,1.0,45.94593155692596,0.992983333069712,0.8917004296047915,0.1012829034649204,10,4.8828125,0.05,False,one-sided
sub-ccepAgeUMCU27,run-031551,T27-T28,pre,standard,1,9,49,235,0.948344467244332,0.0,0.0,-108.62076038153268,0.0685761280046995,0.7777777777777778,52.80176904560546,0.9918361234493036,0.5883843980185244,0.4034517254307792,10,4.8828125,0.05,False,one-sided
sub-ccepAgeUMCU27,run-031551,T27-T28,pre,hankel_d50,50,0,12,226,0.9512399801284704,0.2806333137243536,93.50843728168138,-16.919759660688328,0.2594666703020258,0.0,1.1761436286253522,0.4856124450661038,0.9207046170644017,-0.4350921719982977,10,4.8828125,0.05,False,one-sided
sub-ccepAgeUMCU27,run-031551,T27-T28,pre,hankel_d50,50,0,14,226,0.9754616829442104,0.1930688751850253,63.69055872880701,-11.532384795570248,0.1855672778032472,0.0,1.491031151508744,0.855565074070491,0.9452456174308236,-0.0896805433603324,10,4.8828125,0.05,False,one-sided
sub-ccepAgeUMCU27,run-031551,T27-T28,pre,hankel_d50,50,0,16,226,0.980492250309762,0.1838854290959546,60.42789043558441,-4.948741140505925,0.1735242558073154,0.0,1.329904637028808,0.869916543731869,0.9761258315604332,-0.1062092878285642,10,4.8828125,0.05,False,one-sided
sub-ccepAgeUMCU27,run-031551,T27-T28,pre,hankel_d50,50,0,18,226,0.9847786887588306,0.1712949968230654,56.134840596994565,-0.8902000567121781,0.1654105155769355,0.0,1.3030118492964011,0.8782889765539964,0.995662753176378,-0.1173737766223815,10,4.8828125,0.05,False,one-sided
sub-ccepAgeUMCU27,run-031551,T27-T28,pre,hankel_d50,50,0,20,226,0.976401210763781,0.1647804432796942,54.49471857695982,-20.15280897123327,0.1644905473852605,0.0,1.9823485871661743,0.9149630619201564,0.9062841529089546,0.0086789090112017,10,4.8828125,0.05,False,one-sided
sub-ccepAgeUMCU27,run-031551,T27-T28,pre,hankel_d50,50,0,24,226,0.9904376768884116,0.1302649272927832,42.62504369338351,-2.1159838025625493,0.1180891986546352,0.0,1.79393567487313,0.8957009110028525,0.989721239109275,-0.0940203281064224,10,4.8828125,0.05,False,one-sided
sub-ccepAgeUMCU27,run-031551,T27-T28,pre,hankel_d50,50,0,28,226,0.9935228658238732,0.1098115751797946,35.880718987505475,-0.8745960235557043,0.1059704551292636,0.0,1.765525469843589,0.9668717741356904,0.9957386171729484,-0.0288668430372582,10,4.8828125,0.05,False,one-sided
sub-ccepAgeUMCU27,run-031551,T27-T28,pre,hankel_d50,50,0,30,226,0.995022394701746,0.0964071839809131,31.48278424211807,-0.6515623006817719,0.0903042472016411,1.0,2.292055171832033,0.9477716577206708,0.9968235989239056,-0.0490519412032348,10,4.8828125,0.05,True,one-sided
sub-ccepAgeUMCU27,run-031551,T27-T28,pre,hankel_d50,50,0,32,226,0.995763101820337,0.0846833907299451,27.65340144968049,-1.316243612503567,0.0790056505200251,1.0,2.9581852867827987,0.9679146111114302,0.9935936380380642,-0.025679026926634,10,4.8828125,0.05,True,one-sided
sub-ccepAgeUMCU27,run-031551,T27-T28,pre,hankel_d50,50,0,34,226,0.9952019580052338,0.0742955537955622,24.28828372871887,-4.158945365693554,0.0711353694563103,1.0,3.8078483973419,0.9747517258927636,0.9798974551265132,-0.0051457292337495,10,4.8828125,0.05,True,one-sided
sub-ccepAgeUMCU27,run-031551,T27-T28,pre,hankel_d50,50,0,36,226,0.9963382599067508,0.0640667135782142,20.93043350442822,-3.287733010609943,0.0615658966162474,1.0,3.2076479461470955,0.9723450292724596,0.9840747849613122,-0.0117297556888525,10,4.8828125,0.05,True,one-sided
sub-ccepAgeUMCU27,run-031551,T27-T28,pre,hankel_d50,50,0,38,226,0.9973768875990454,0.05231707555916,17.08190878087212,-2.5655332785253724,0.0512652979133542,1.0,4.574639860568475,0.9933152409368612,0.9875511185152872,0.0057641224215738,10,4.8828125,0.05,True,one-sided
sub-ccepAgeUMCU27,run-031551,T27-T28,pre,hankel_d50,50,0,40,226,0.9983429267710277,0.0439958625821107,14.354936273622684,-1.409752959968514,0.0436196577153049,1.0,4.191262236506798,0.9836038391415792,0.9931400780523444,-0.0095362389107651,10,4.8828125,0.05,True,one-sided
sub-ccepAgeUMCU27,run-031551,T27-T28,pre,hankel_d50,50,0,42,226,0.995531691055286,0.033466889792597,10.953346536042302,-8.015024063663944,0.0325461413122145,1.0,6.354514170727903,0.9935503180421358,0.9616200548726732,0.0319302631694624,10,4.8828125,0.05,True,one-sided
sub-ccepAgeUMCU27,run-031551,T27-T28,pre,hankel_d50,50,0,46,226,0.9998871460107276,0.0143867977068208,4.689572648339628,-0.0191646406640287,0.0179228039279549,1.0,9.352640469724896,0.977070421113994,0.9999064270312318,-0.0228360059172376,10,4.8828125,0.05,True,one-sided
sub-ccepAgeUMCU27,run-031551,T27-T28,pre,hankel_d50,50,0,48,226,0.9983443797461254,0.0215749350586221,7.0429014087006845,-2.9154003647177222,0.0242411687622705,1.0,6.6133470981200375,0.9826788230841084,0.9858654902173708,-0.0031866671332625,10,4.8828125,0.05,True,one-sided
sub-ccepAgeUMCU27,run-031551,T27-T28,pre,hankel_d50,50,1,8,227,0.7556426949398957,0.0,0.0,-573.8222392652425,0.3929958197183181,0.0,0.9063647607699852,0.6790207064233333,0.060696672411253,0.6183240340120802,10,4.8828125,0.05,False,one-sided
sub-ccepAgeUMCU27,run-031551,T27-T28,pre,hankel_d50,50,1,9,227,0.9584129618494036,0.2704047444798357,89.63286788972864,-8.561379696163343,0.2595701226965292,0.0,1.2302709507850973,0.7442701438370304,0.9590581097771675,-0.2147879659401372,10,4.8828125,0.05,False,one-sided
sub-ccepAgeUMCU27,run-031551,T27-T28,pre,hankel_d50,50,1,11,227,0.9636816856015922,0.2561774511185077,84.68913023500116,-5.843943658000496,0.2367984595479094,0.0,1.2000908970273758,0.6631775878364086,0.971868393674888,-0.3086908058384793,10,4.8828125,0.05,False,one-sided
sub-ccepAgeUMCU27,run-031551,T27-T28,pre,hankel_d50,50,1,13,227,0.970376323935638,0.2284683219293053,75.3698303616536,-6.339728840697188,0.2198991307822108,0.0,1.2176871176287354,0.8455086048092831,0.9695185147856332,-0.1240099099763502,10,4.8828125,0.05,False,one-sided
sub-ccepAgeUMCU27,run-031551,T27-T28,pre,hankel_d50,50,1,15,227,0.978553238472612,0.1941407105831358,63.83797208873504,-4.868328877846483,0.1874355136901571,0.0,1.6771803623281507,0.9015455233988716,0.976509170907794,-0.0749636475089222,10,4.8828125,0.05,False,one-sided
sub-ccepAgeUMCU27,run-031551,T27-T28,pre,hankel_d50,50,1,17,227,0.9825072655824514,0.1786577403791261,58.62956718096316,-2.8310560281321764,0.1649252364475712,0.0,1.3878194888684765,0.8983791235092873,0.9862715902939352,-0.0878924667846478,10,4.8828125,0.05,False,one-sided
sub-ccepAgeUMCU27,run-031551,T27-T28,pre,hankel_d50,50,1,19,227,0.9844334510791248,0.1664700039527697,54.60224362879956,-3.259986328647484,0.1602494837392792,0.0,1.1562734003573136,0.8544022925525607,0.984208118261224,-0.1298058257086632,10,4.8828125,0.05,False,one-sided
sub-ccepAgeUMCU27,run-031551,T27-T28,pre,hankel_d50,50,1,21,227,0.9873496550969014,0.1564756137742524,51.23052676285336,-0.6720063108905056,0.1476854642909491,0.0,1.3999125402004189,0.8563265574295573,0.9967240967036728,-0.1403975392741155,10,4.8828125,0.05,False,one-sided
sub-ccepAgeUMCU27,run-031551,T27-T28,pre,hankel_d50,50,1,23,227,0.988393265189562,0.13650130104353,44.73202778913626,-4.563007133214399,0.134260473008979,0.0,1.7825902373858649,0.9271279361401916,0.977966064653489,-0.0508381285132975,10,4.8828125,0.05,False,one-sided
sub-ccepAgeUMCU27,run-031551,T27-T28,pre,hankel_d50,50,1,25,227,0.9905609589412584,0.1302352362813154,42.61019504744418,-1.8733488758827663,0.1203771497094979,0.0,1.256969754320166,0.8632539722024534,0.9908944971603976,-0.1276405249579442,10,4.8828125,0.05,False,one-sided
sub-ccepAgeUMCU27,run-031551,T27-T28,pre,hankel_d50,50,1,27,227,0.9935263788421008,0.1107660411324547,36.18991608485708,-0.6516952573239561,0.1039681342661501,0.3333333333333333,2.930510164536267,0.9526800192896224,0.9968229517838898,-0.0441429324942672,10,4.8828125,0.05,False,one-sided
sub-ccepAgeUMCU27,run-031551,T27-T28,pre,hankel_d50,50,1,29,227,0.9901548975708728,0.1075539200274631,35.26742685367143,-8.251197680373169,0.1014369316561977,0.4444444444444444,3.490905232824991,0.9608070978555052,0.960511761970651,0.0002953358848541,10,4.8828125,0.05,False,one-sided
sub-ccepAgeUMCU27,run-031551,T27-T28,pre,hankel_d50,50,1,31,227,0.9925215578488484,0.0976855093966553,31.97744969938936,-5.5018564671238455,0.0954159102584898,0.8888888888888888,4.045001597556007,0.987525796578216,0.973493108266466,0.01403268831175,10,4.8828125,0.05,True,one-sided
sub-ccepAgeUMCU27,run-031551,T27-T28,pre,hankel_d50,50,1,37,227,0.997643108696703,0.0574892311335076,18.76209604908251,-1.43790223682119,0.0562083505435782,1.0,3.4309980361444645,1.0027693282651406,0.9930035826722504,0.0097657455928901,10,4.8828125,0.05,True,one-sided
sub-ccepAgeUMCU27,run-031551,T27-T28,pre,hankel_d50,50,1,41,227,0.9992555402397388,0.0338673318717774,11.043031046195743,-0.3496216696633232,0.0340512185788199,1.0,9.867248690095364,0.9963970165187328,0.9982943192707308,-0.0018973027519981,10,4.8828125,0.05,True,one-sided
sub-ccepAgeUMCU27,run-031551,T27-T28,pre,hankel_d50,50,1,46,227,0.9972969000466112,0.0069563188383888,2.2735161895788947,-5.493624821031226,0.0210997932753035,1.0,11.226853050931592,1.0040880903091944,0.9735322372302732,0.0305558530789211,10,4.8828125,0.05,True,one-sided
sub-ccepAgeUMCU27,run-031551,T27-T28,pre,hankel_d50,50,1,48,227,0.9944543746998696,0.014875139906411,4.875216348876989,-11.159960831594748,0.024928192376104,1.0,11.02460767025294,0.982909555027487,0.946966088109194,0.0359434669182928,10,4.8828125,0.05,True,one-sided
sub-ccepAgeUMCU27,run-031551,T27-T28,pre,hankel_d50,50,2,8,228,0.958602813065102,0.2687104613856905,89.08211366992639,-9.128914035183325,0.2456035592384537,0.0,0.664650554433176,0.6204224568597696,0.9564040817666282,-0.3359816249068585,10,4.8828125,0.05,False,one-sided
sub-ccepAgeUMCU27,run-031551,T27-T28,pre,hankel_d50,50,2,10,228,0.9649963833453103,0.2477244439378612,81.9058937506503,-7.620817550565192,0.2270228869848325,0.0,1.067947439924095,0.6234629253647709,0.963472798786068,-0.3400098734212972,10,4.8828125,0.05,False,one-sided
sub-ccepAgeUMCU27,run-031551,T27-T28,pre,hankel_d50,50,2,12,228,0.9685951573168284,0.2368530131785657,78.17119259926422,-5.878289052833891,0.2213134756732666,0.0,0.816794196637832,0.6841474680757486,0.971705422947437,-0.2875579548716884,10,4.8828125,0.05,False,one-sided
sub-ccepAgeUMCU27,run-031551,T27-T28,pre,hankel_d50,50,2,14,228,0.9738039429632146,0.2118030678572808,69.80699170119026,-7.033731006712405,0.1892055977928306,0.0,1.095978116913865,0.7289850849873688,0.9662386846983206,-0.2372535997109518,10,4.8828125,0.05,False,one-sided
sub-ccepAgeUMCU27,run-031551,T27-T28,pre,hankel_d50,50,2,16,228,0.9794763842625852,0.1938394370689377,63.682856923494704,-3.130319904830976,0.178302342400937,0.0,1.4938716174356672,0.7758894548278686,0.9848314539818211,-0.2089419991539526,10,4.8828125,0.05,False,one-sided
sub-ccepAgeUMCU27,run-031551,T27-T28,pre,hankel_d50,50,2,18,228,0.9806758857078552,0.1768129006734603,58.14303043423758,-7.20558590610863,0.1628774680684082,0.0,1.4612627537289224,0.7519362432794165,0.9654282198495208,-0.2134919765701041,10,4.8828125,0.05,False,one-sided
sub-ccepAgeUMCU27,run-031551,T27-T28,pre,hankel_d50,50,2,20,228,0.978742660004004,0.161900703271684,53.43370969583398,-16.361408387292258,0.1591989260266811,0.0,2.458285628698788,0.9302506871296774,0.9232181815295574,0.00703250560012,10,4.8828125,0.05,False,one-sided
sub-ccepAgeUMCU27,run-031551,T27-T28,pre,hankel_d50,50,2,22,228,0.9861575154561666,0.1525499555370713,50.02500603361815,-4.332342286015599,0.1439308444645277,0.0,1.5464869057153576,0.8403646063010534,0.9790681617068736,-0.1387035554058203,10,4.8828125,0.05,False,one-sided
sub-ccepAgeUMCU27,run-031551,T27-T28,pre,hankel_d50,50,2,24,228,0.99001968582139,0.1291437897292488,42.279946354839424,-3.264490978631976,0.12538775071707,0.0,2.2337768516754286,0.9493268087600716,0.9841864704861916,-0.0348596617261198,10,4.8828125,0.05,False,one-sided
sub-ccepAgeUMCU27,run-031551,T27-T28,pre,hankel_d50,50,2,26,228,0.9920800845847666,0.1174283735450637,38.40257838067711,-2.0374127821030417,0.1116722998569017,0.1111111111111111,2.7100270607726498,0.9711132479041458,0.990101016094166,-0.0189877681900203,10,4.8828125,0.05,False,one-sided
sub-ccepAgeUMCU27,run-031551,T27-T28,pre,hankel_d50,50,2,28,228,0.9922805315342352,0.1074385722100766,35.15501388490257,-3.935925670282674,0.0961212844651678,0.8888888888888888,1.5201546284491847,0.8560210937764484,0.9809651087606088,-0.1249440149841605,10,4.8828125,0.05,True,one-sided
sub-ccepAgeUMCU27,run-031551,T27-T28,pre,hankel_d50,50,2,30,228,0.9953274629734964,0.0963078992257313,31.440982805537683,-0.0491838985693029,0.0910657880001733,1.0,2.862287156685162,0.9633582273213054,0.9997598730803526,-0.0364016457590472,10,4.8828125,0.05,True,one-sided
sub-ccepAgeUMCU27,run-031551,T27-T28,pre,hankel_d50,50,2,32,228,0.9378041398620623,0.0,0.0,-131.51059537131337,0.1200910351354928,0.3333333333333333,1.7766857684001756,0.8619481420363112,0.526164393995003,0.3357837480413081,10,4.8828125,0.05,False,one-sided
sub-ccepAgeUMCU27,run-031551,T27-T28,pre,hankel_d50,50,2,33,228,0.9956630568039518,0.0839359567589537,27.4132219485536,-1.6497967630491186,0.0805013113092463,1.0,2.9365020676285605,0.9820331020694778,0.9919767115260342,-0.0099436094565563,10,4.8828125,0.05,True,one-sided
sub-ccepAgeUMCU27,run-031551,T27-T28,pre,hankel_d50,50,2,35,228,0.9953268681123736,0.0725341309417859,23.71153810094846,-4.169218859102487,0.0697453202500713,1.0,4.64689852735396,0.994923237310169,0.9798483012322086,0.0150749360779604,10,4.8828125,0.05,True,one-sided
sub-ccepAgeUMCU27,run-031551,T27-T28,pre,hankel_d50,50,2,44,228,0.9975161751190678,0.005637796538098,1.8421920835823764,-5.060491937165534,0.0337514527738126,1.0,18.47975012683908,0.931310323980314,0.9755933457999004,-0.0442830218195864,10,4.8828125,0.05,True,one-sided
sub-ccepAgeUMCU27,run-031551,T27-T28,pre,hankel_d50,50,2,46,228,0.9963362272375336,0.0114204232438081,3.7360040841927935,-7.382654172269479,0.0183483773076616,1.0,13.619525443993908,0.9849229366798704,0.9645938798945276,0.0203290567853428,10,4.8828125,0.05,True,one-sided
sub-ccepAgeUMCU27,run-031551,T27-T28,pre,hankel_d50,50,3,12,229,0.957207841646168,0.2501970459906563,83.33293980305581,-21.89470815265148,0.239934703479345,0.0,1.317805236257774,0.7417482899690576,0.8986085616270271,-0.1568602716579694,10,4.8828125,0.05,False,one-sided
sub-ccepAgeUMCU27,run-031551,T27-T28,pre,hankel_d50,50,3,14,229,0.9738242837648534,0.223695383046507,73.59648617683983,-1.6670355135917665,0.2026966890145331,0.0,0.909186943596741,0.7240243928624288,0.9918932168024428,-0.2678688239400141,10,4.8828125,0.05,False,one-sided
sub-ccepAgeUMCU27,run-031551,T27-T28,pre,hankel_d50,50,3,16,229,0.9777600896986944,0.2020737074828572,66.42871560701047,-3.2321535281118887,0.1831219749938339,0.0,0.7689452845210172,0.7345049557740423,0.98434188354311,-0.2498369277690676,10,4.8828125,0.05,False,one-sided
sub-ccepAgeUMCU27,run-031551,T27-T28,pre,hankel_d50,50,3,18,229,0.979584722877613,0.1880246094631014,61.81197174003668,-5.195125472756525,0.167730684790416,0.0,0.7262284217656496,0.7861760404956782,0.9749522109483886,-0.1887761704527103,10,4.8828125,0.05,False,one-sided
sub-ccepAgeUMCU27,run-031551,T27-T28,pre,hankel_d50,50,3,20,229,0.9831830324135328,0.1576108657511047,51.81105643389376,-8.75146860156447,0.1507128378840035,0.0,1.18166996495321,0.8867778610795286,0.958168355250852,-0.0713904941713232,10,4.8828125,0.05,False,one-sided
sub-ccepAgeUMCU27,run-031551,T27-T28,pre,hankel_d50,50,3,22,229,0.9872399587359736,0.1455234847308559,47.70283773129626,-4.289475216110229,0.1383590133394878,0.0,1.5625970280849115,0.8665787021214479,0.9792731137382358,-0.1126944116167878,10,4.8828125,0.05,False,one-sided
sub-ccepAgeUMCU27,run-031551,T27-T28,pre,hankel_d50,50,3,24,229,0.9889653042676302,0.1341652304611932,43.950693730200086,-4.05005221043257,0.1282660084530019,0.0,1.4177276911353625,0.893585383534402,0.9804186099033696,-0.0868332263689677,10,4.8828125,0.05,False,one-sided
sub-ccepAgeUMCU27,run-031551,T27-T28,pre,hankel_d50,50,3,26,229,0.991494425769869,0.1210590468268472,39.60160117117018,-2.34098896427393,0.118702957141294,0.0,1.8476225452956088,0.9400486667591862,0.9886344710386954,-0.0485858042795092,10,4.8828125,0.05,False,one-sided
sub-ccepAgeUMCU27,run-031551,T27-T28,pre,hankel_d50,50,3,28,229,0.9936113575722508,0.1087759538841895,35.54188006309143,-0.9263831567314884,0.0975717395768252,0.6666666666666666,1.4157983125225615,0.962895337201478,0.9954868597061408,-0.0325915225046626,10,4.8828125,0.05,True,one-sided
sub-ccepAgeUMCU27,run-031551,T27-T28,pre,hankel_d50,50,3,30,229,0.993754927891968,0.0957334347241224,31.30374665545021,-3.370664298622008,0.0903802789717408,1.0,2.741953307664862,0.964458191823317,0.9836763764259804,-0.0192181846026633,10,4.8828125,0.05,True,one-sided
sub-ccepAgeUMCU27,run-031551,T27-T28,pre,hankel_d50,50,3,34,229,0.995388682332931,0.0742176845850886,24.25838647001212,-3.788741358059093,0.0721282453360639,1.0,4.814907303390445,0.9780385301378304,0.9816703556808865,-0.003631825543056,10,4.8828125,0.05,True,one-sided
sub-ccepAgeUMCU27,run-031551,T27-T28,pre,hankel_d50,50,3,36,229,0.9963681257443312,0.0675544893192312,22.0658326526788,-2.7551388675237494,0.0644796452602278,1.0,4.1219899592637255,0.9691919214257612,0.9866372583510968,-0.0174453369253356,10,4.8828125,0.05,True,one-sided
sub-ccepAgeUMCU27,run-031551,T27-T28,pre,hankel_d50,50,3,42,229,0.9995381907416544,0.0209249846249971,6.822639220532351,-0.4973242214876669,0.0251485208670352,1.0,19.130859783731825,0.9933985635722692,0.9975746051094504,-0.0041760415371813,10,4.8828125,0.05,True,one-sided
sub-ccepAgeUMCU27,run-031551,T27-T28,pre,hankel_d50,50,3,44,229,0.9954614974538294,0.0327012013462497,10.703681454130937,-8.211564310559478,0.0367797652421392,1.0,8.384983541237549,1.0231093402569222,0.9606976604161824,0.0624116798407397,10,4.8828125,0.05,False,one-sided
sub-ccepAgeUMCU27,run-031551,T27-T28,pre,hankel_d50,50,3,46,229,0.9988953301049716,0.0430017194084423,14.023223423253365,-0.3676529337685698,0.0467032154504106,1.0,5.475774611968566,0.9869838249418772,0.9982064300317792,-0.0112226050899018,10,4.8828125,0.05,True,one-sided
sub-ccepAgeUMCU27,run-031551,T27-T28,pre,hankel_d50,50,3,48,229,0.9959126271762612,0.0547135923249805,17.88906806519994,-5.302112022904785,0.0537011144673919,1.0,6.857173494398431,0.9768272485960972,0.9744430335378904,0.0023842150582067,10,4.8828125,0.05,True,one-sided
sub-ccepAgeUMCU27,run-031551,T27-T28,pre,hankel_d50,50,4,16,230,0.9710809006319148,0.2335446665633611,76.92971616743517,-2.520884115927248,0.168912436157391,0.0,1.5487879295850682,0.5509759548974082,0.9877664414512464,-0.4367904865538382,10,4.8828125,0.05,False,one-sided
sub-ccepAgeUMCU27,run-031551,T27-T28,pre,hankel_d50,50,4,18,230,0.9687765732945264,0.2215466101182155,73.2802530844619,-12.765629108117071,0.1925479283328027,0.0,2.894285461176734,0.6729392728721648,0.9395707345634716,-0.2666314616913069,10,4.8828125,0.05,False,one-sided
sub-ccepAgeUMCU27,run-031551,T27-T28,pre,hankel_d50,50,4,20,230,0.9789486353468608,0.1799551695986783,59.256070989108686,-9.542649383546284,0.1713755555338273,0.0,1.7993740755612944,0.862913208406038,0.9544739120801478,-0.0915607036741097,10,4.8828125,0.05,False,one-sided
sub-ccepAgeUMCU27,run-031551,T27-T28,pre,hankel_d50,50,4,22,230,0.9827182387829814,0.1692236978154283,55.58322689889283,-5.779559707127349,0.1569918306544652,0.0,1.7215334798054642,0.8031801206691644,0.9721739725986536,-0.1689938519294892,10,4.8828125,0.05,False,one-sided
sub-ccepAgeUMCU27,run-031551,T27-T28,pre,hankel_d50,50,4,24,230,0.983683534391991,0.1503457569814867,49.43538391981791,-10.04628652370863,0.1418882242589888,0.0,2.14710292855466,0.8553062761215521,0.9521295862759068,-0.0968233101543548,10,4.8828125,0.05,False,one-sided
sub-ccepAgeUMCU27,run-031551,T27-T28,pre,hankel_d50,50,4,26,230,0.9890218751170858,0.1250248882873394,40.98671960713735,-6.373207854950786,0.1145407387527104,0.1111111111111111,2.528943995796107,0.88585041505594,0.9693600388515804,-0.0835096237956405,10,4.8828125,0.05,False,one-sided
sub-ccepAgeUMCU27,run-031551,T27-T28,pre,hankel_d50,50,4,28,230,0.9887414586669664,0.1066089536666985,35.009542511338715,-11.35214906976493,0.1017563638672892,0.4444444444444444,3.6039767207387503,0.9242303662930708,0.9460778538482464,-0.0218474875551757,10,4.8828125,0.05,False,one-sided
sub-ccepAgeUMCU27,run-031551,T27-T28,pre,hankel_d50,50,4,30,230,0.9946185418499436,0.1005857116695962,32.85154493688031,-0.6314607743758016,0.0952598470560161,0.7777777777777778,4.173326988274634,0.9551294002345212,0.9969214439395168,-0.0417920437049956,10,4.8828125,0.05,True,one-sided
sub-ccepAgeUMCU27,run-031551,T27-T28,pre,hankel_d50,50,4,36,230,0.9963300744323034,0.0658811730443647,21.52169137757355,-3.062293477087193,0.0633727195019258,1.0,3.500516340931645,0.9638870860930592,0.9851586302193396,-0.0212715441262805,10,4.8828125,0.05,True,one-sided
sub-ccepAgeUMCU27,run-031551,T27-T28,pre,hankel_d50,50,4,42,230,0.995574445663738,0.0128763925007707,4.215473227515076,-8.912371056394381,0.0199061899205658,1.0,10.325506702577512,0.9851619373176274,0.9574158596777038,0.0277460776399235,10,4.8828125,0.05,True,one-sided
sub-ccepAgeUMCU27,run-031551,T27-T28,pre,hankel_d50,50,4,46,230,0.9983877759207348,0.0335912324291745,10.96258492792358,-2.1459685213537143,0.0320524442159065,1.0,6.102018584745159,1.009630932836661,0.9895763448676894,0.0200545879689716,10,4.8828125,0.05,True,one-sided
sub-ccepAgeUMCU27,run-031551,T27-T28,pre,hankel_d50,50,4,48,230,0.9987462824101104,0.0414233599841273,13.51112125041583,-0.8092475486651057,0.0411690513257484,1.0,5.824612008726135,0.9709895920407204,0.9960563924782974,-0.0250668004375769,10,4.8828125,0.05,True,one-sided
sub-ccepAgeUMCU27,run-031551,T27-T28,pre,hankel_d50,50,5,16,231,0.960396010970588,0.2284604293419904,76.12249363929405,-26.39325746543816,0.2236299314198853,0.0,3.474615860885056,0.9121966238396304,0.879085314455671,0.0331113093839593,10,4.8828125,0.05,False,one-sided
sub-ccepAgeUMCU27,run-031551,T27-T28,pre,hankel_d50,50,5,18,231,0.9816081960467272,0.1721285242137173,56.5811297380429,-7.0046344394684485,0.1575861762454222,0.0,2.037095782267191,0.785396016768662,0.9663759709585504,-0.1809799541898885,10,4.8828125,0.05,False,one-sided
sub-ccepAgeUMCU27,run-031551,T27-T28,pre,hankel_d50,50,5,20,231,0.986123726341066,0.1533209493289672,50.275548959407416,-4.158379231498118,0.1399262003228054,0.0,1.4713498136896883,0.8611089795151403,0.979900163887372,-0.1187911843722315,10,4.8828125,0.05,False,one-sided
sub-ccepAgeUMCU27,run-031551,T27-T28,pre,hankel_d50,50,5,22,231,0.9876899805793148,0.1444760706138231,47.34304528016027,-3.688084918740653,0.126810326837842,0.0,1.2902794822938373,0.8361946007790453,0.9821529520129768,-0.1459583512339315,10,4.8828125,0.05,False,one-sided
sub-ccepAgeUMCU27,run-031551,T27-T28,pre,hankel_d50,50,5,24,231,0.9864353859144332,0.1276941779595579,41.96083305524306,-10.95314402314118,0.1101687148508275,0.0,2.3991852348550387,0.868198887656979,0.947922862649884,-0.0797239749929051,10,4.8828125,0.05,False,one-sided
sub-ccepAgeUMCU27,run-031551,T27-T28,pre,hankel_d50,50,5,26,231,0.992370603374721,0.1171723217475994,38.30849694190518,-1.507651480874846,0.1124830058384133,0.0,2.366067090731637,0.9484992830239553,0.9926654505612404,-0.0441661675372851,10,4.8828125,0.05,False,one-sided
sub-ccepAgeUMCU27,run-031551,T27-T28,pre,hankel_d50,50,5,28,231,0.9931549088791424,0.1045509934139589,34.18728458076838,-2.7812884615310267,0.0987536775499975,0.6666666666666666,2.8142739581478167,0.9246834897855324,0.9865112890313686,-0.0618277992458363,10,4.8828125,0.05,True,one-sided
sub-ccepAgeUMCU27,run-031551,T27-T28,pre,hankel_d50,50,5,30,231,0.9938035848768824,0.0935795115047535,30.60212764369868,-3.690286684281029,0.0776669699578506,1.0,2.1987216177157034,0.9131953638407512,0.9821423931316238,-0.0689470292908727,10,4.8828125,0.05,True,one-sided
sub-ccepAgeUMCU27,run-031551,T27-T28,pre,hankel_d50,50,5,34,231,0.994687827182327,0.0677178026602309,22.156263642363506,-6.173246433564878,0.0649843935823438,1.0,4.711195852643107,0.9763973089931656,0.9703069591130934,0.0060903498800722,10,4.8828125,0.05,True,one-sided
sub-ccepAgeUMCU27,run-031551,T27-T28,pre,hankel_d50,50,5,36,231,0.9955730429288848,0.0590872320034893,19.32241720251659,-5.485916325536564,0.0573123777149286,1.0,5.621851146687362,0.9777521701228468,0.9735688808342636,0.0041832892885832,10,4.8828125,0.05,True,one-sided
sub-ccepAgeUMCU27,run-031551,T27-T28,pre,hankel_d50,50,5,38,231,0.9981035169406184,0.0473968619845487,15.466710620159876,-1.5811568142885792,0.0457953031778562,1.0,6.348076296602248,0.9994967281947096,0.992309234192944,0.0071874940017655,10,4.8828125,0.05,True,one-sided
sub-ccepAgeUMCU27,run-031551,T27-T28,pre,hankel_d50,50,5,40,231,0.9739117761144612,0.0096545436580277,3.231082090134086,-54.03735125924802,0.0515876857614063,0.8888888888888888,7.843908134600182,0.9384250113901038,0.768085476735024,0.1703395346550797,10,4.8828125,0.05,False,one-sided
sub-ccepAgeUMCU27,run-031551,T27-T28,pre,hankel_d50,50,5,42,231,0.9979338590171796,0.0364102073541276,11.887181079297502,-2.873593496169689,0.0367478899964268,1.0,5.318996068652977,0.9843698520640264,0.9860667605105972,-0.0016969084465706,10,4.8828125,0.05,True,one-sided
sub-ccepAgeUMCU27,run-031551,T27-T28,pre,hankel_d50,50,6,10,232,0.9552392282016612,0.2811737002575249,93.30767140352349,-8.699239127437489,0.2686172640976459,0.0,0.7680582280739607,0.7753442461232223,0.9584127449540808,-0.1830684988308585,10,4.8828125,0.05,False,one-sided
sub-ccepAgeUMCU27,run-031551,T27-T28,pre,hankel_d50,50,6,14,232,0.9721608359318672,0.2197258230887895,72.45304356470909,-6.805408712834969,0.2066475670327857,0.0,1.5337614114809912,0.7769334442511111,0.9673165013723856,-0.1903830571212745,10,4.8828125,0.05,False,one-sided
sub-ccepAgeUMCU27,run-031551,T27-T28,pre,hankel_d50,50,6,16,232,0.9793776047274376,0.1907008531028135,62.68332218130536,-4.569737976659087,0.1831813277423791,0.0,2.0524651483695635,0.8932089871621688,0.9779339238902672,-0.0847249367280984,10,4.8828125,0.05,False,one-sided
sub-ccepAgeUMCU27,run-031551,T27-T28,pre,hankel_d50,50,6,18,232,0.9782413268654362,0.1816233219340715,59.83544662437895,-10.350374240661576,0.175032723110544,0.0,1.6220305349950237,0.8743124248653711,0.9507169101516288,-0.0764044852862576,10,4.8828125,0.05,False,one-sided
sub-ccepAgeUMCU27,run-031551,T27-T28,pre,hankel_d50,50,6,20,232,0.9827672426820652,0.1726143344787334,56.67204716690279,-4.487605314040417,0.1676185873579303,0.0,2.221583215105543,0.9274315977201948,0.9783261915902332,-0.0508945938700383,10,4.8828125,0.05,False,one-sided
sub-ccepAgeUMCU27,run-031551,T27-T28,pre,hankel_d50,50,6,22,232,0.9849791123830158,0.1461010153130683,47.99778717140846,-8.710882578100204,0.1417302858574976,0.0,3.216256605090494,0.9287915515907856,0.958358258067852,-0.0295667064770666,10,4.8828125,0.05,False,one-sided
sub-ccepAgeUMCU27,run-031551,T27-T28,pre,hankel_d50,50,6,24,232,0.988797231340917,0.1370885995217324,44.90394391660284,-3.576672314999872,0.1287889673398765,0.0,2.522049249025601,0.9176832563324,0.9826873953079744,-0.0650041389755743,10,4.8828125,0.05,False,one-sided
sub-ccepAgeUMCU27,run-031551,T27-T28,pre,hankel_d50,50,6,26,232,0.9919666677102044,0.1211455149014971,39.61092824361955,-1.3586167263760622,0.1184149096803697,0.1111111111111111,1.6236523973414907,0.8955758428558905,0.9933880848092952,-0.0978122419534047,10,4.8828125,0.05,False,one-sided
sub-ccepAgeUMCU27,run-031551,T27-T28,pre,hankel_d50,50,6,28,232,0.9925999578574184,0.1096952727146991,35.87608119911442,-2.7811386126135,0.0992744438229662,0.5555555555555556,1.7643772455751932,0.9674092802005478,0.9865120108463262,-0.0191027306457783,10,4.8828125,0.05,True,one-sided
sub-ccepAgeUMCU27,run-031551,T27-T28,pre,hankel_d50,50,6,30,232,0.9946276235795934,0.0919551407487513,30.04919110086044,-2.317005290846013,0.0880681954502274,1.0,4.676690576489969,0.9761709714085216,0.9887502546066822,-0.0125792831981604,10,4.8828125,0.05,True,one-sided
sub-ccepAgeUMCU27,run-031551,T27-T28,pre,hankel_d50,50,6,32,232,0.9956394183987272,0.084668782965461,27.652072330468723,-1.5713510394214936,0.0791735194352016,1.0,4.137736649367357,0.9744710335153144,0.9923567468584532,-0.0178857133431388,10,4.8828125,0.05,True,one-sided
sub-ccepAgeUMCU27,run-031551,T27-T28,pre,hankel_d50,50,6,36,232,0.9950099881374036,0.0622121169037056,20.353197900966084,-6.249844435348262,0.0611417792129222,1.0,5.051122469295478,0.96809784020105,0.969944118893854,-0.0018462786928039,10,4.8828125,0.05,True,one-sided
sub-ccepAgeUMCU27,run-031551,T27-T28,pre,hankel_d50,50,6,38,232,0.998398740565454,0.0487562353324651,15.904914722249666,-0.8428779789819738,0.0489902226461044,1.0,6.83340042228591,0.9873532543807264,0.9958928424055749,-0.0085395880248484,10,4.8828125,0.05,True,one-sided
sub-ccepAgeUMCU27,run-031551,T27-T28,pre,hankel_d50,50,6,40,232,0.9947734314690604,0.0431162541374246,14.118715784765246,-8.810203859933523,0.0420056940659092,1.0,9.91197371694182,0.9788981765429317,0.9578935984316888,0.0210045781112427,10,4.8828125,0.05,True,one-sided
sub-ccepAgeUMCU27,run-031551,T27-T28,pre,hankel_d50,50,6,44,232,0.995246892713747,0.0162105826589239,5.308593574831417,-9.485941397248082,0.0204357819958148,1.0,13.853483371754727,0.9955473700385216,0.9547382372161606,0.0408091328223608,10,4.8828125,0.05,True,one-sided
sub-ccepAgeUMCU27,run-031551,T27-T28,pre,hankel_d50,50,7,10,233,0.9549213348891132,0.2562614670290171,85.4578639637937,-23.25633440292141,0.2333389752126761,0.0,1.3523630074794997,0.5413064659261732,0.8926539204349315,-0.3513474545087584,10,4.8828125,0.05,False,one-sided
sub-ccepAgeUMCU27,run-031551,T27-T28,pre,hankel_d50,50,7,12,233,0.9671250524051286,0.2441547729422316,80.60308022827125,-5.192102608860817,0.2166287962801014,0.0,1.1937851363917438,0.7140175943045853,0.974966601424896,-0.2609490071203106,10,4.8828125,0.05,False,one-sided
sub-ccepAgeUMCU27,run-031551,T27-T28,pre,hankel_d50,50,7,14,233,0.9716507233532592,0.234225724700003,77.10221103808514,-1.0585249750716748,0.2211887526725851,0.0,1.3748836824359558,0.7620935023592282,0.9948447551417828,-0.2327512527825544,10,4.8828125,0.05,False,one-sided
sub-ccepAgeUMCU27,run-031551,T27-T28,pre,hankel_d50,50,7,16,233,0.9761459261897178,0.2003618372645712,65.9872197165455,-7.187291623921396,0.1807527297363519,0.0,0.915464849446096,0.7512484015943396,0.9655144630387404,-0.2142660614444007,10,4.8828125,0.05,False,one-sided
sub-ccepAgeUMCU27,run-031551,T27-T28,pre,hankel_d50,50,7,20,233,0.9819386747884802,0.169840576625118,55.82534558725629,-7.142282798474408,0.1652853608393489,0.0,2.422597426564056,0.8916624319516613,0.9657266771379204,-0.0740642451862589,10,4.8828125,0.05,False,one-sided
sub-ccepAgeUMCU27,run-031551,T27-T28,pre,hankel_d50,50,7,22,233,0.9861566399126168,0.1523391085507698,49.95698605012711,-4.400227197778141,0.1434898299523326,0.0,1.656718235724747,0.8756278745419916,0.9787436844529492,-0.1031158099109575,10,4.8828125,0.05,False,one-sided
sub-ccepAgeUMCU27,run-031551,T27-T28,pre,hankel_d50,50,7,24,233,0.9904493047876486,0.1311741146971723,42.91863302184697,-1.8484783008693524,0.1251615293657673,0.0,1.7575141122191975,0.8871330371939675,0.9910148370644636,-0.103881799870496,10,4.8828125,0.05,False,one-sided
sub-ccepAgeUMCU27,run-031551,T27-T28,pre,hankel_d50,50,7,26,233,0.9915098199854098,0.1209213318746687,39.55638411556471,-2.343860186777536,0.1146781037903724,0.0,1.844412241678624,0.9247284763707614,0.9886206108353592,-0.0638921344645977,10,4.8828125,0.05,False,one-sided
sub-ccepAgeUMCU27,run-031551,T27-T28,pre,hankel_d50,50,7,28,233,0.98998778661116,0.1134828345516306,37.20137002563416,-7.240466111121924,0.101932174454855,0.3333333333333333,1.9042971872277,0.9129922992009624,0.965263808390536,-0.0522715091895736,10,4.8828125,0.05,False,one-sided
sub-ccepAgeUMCU27,run-031551,T27-T28,pre,hankel_d50,50,7,30,233,0.9949547327240628,0.0969139139495366,31.64936561356728,-0.6891515149897907,0.0895378453662453,1.0,2.1381092543125337,0.93724779789436,0.9966406576276556,-0.0593928597332955,10,4.8828125,0.05,True,one-sided
sub-ccepAgeUMCU27,run-031551,T27-T28,pre,hankel_d50,50,7,32,233,0.99605811256168,0.0828003967166137,27.033385798135782,-1.0371516993961063,0.0768740603207374,1.0,2.945161127762292,0.9808773951525204,0.9949485842471074,-0.0140711890945871,10,4.8828125,0.05,True,one-sided
sub-ccepAgeUMCU27,run-031551,T27-T28,pre,hankel_d50,50,7,38,233,0.9983864954337104,0.0519023601380894,16.929639615285478,-0.5434281364870536,0.0548177489057589,1.0,7.795121799593521,0.9878354287092036,0.99735005960949,-0.0095146309002861,10,4.8828125,0.05,True,one-sided
sub-ccepAgeUMCU27,run-031551,T27-T28,pre,hankel_d50,50,7,40,233,0.9968054587888024,0.0427156499412368,13.959217331649898,-4.674204439475052,0.0433476722301571,1.0,4.5688071067347,0.9827403833661358,0.9774352166315258,0.00530516673461,10,4.8828125,0.05,True,one-sided
sub-ccepAgeUMCU27,run-031551,T27-T28,pre,hankel_d50,50,7,42,233,0.9854646315261564,0.0179656939809633,5.94162082374591,-29.6466239308132,0.0319734768933785,1.0,18.685545194348663,0.9713526448953343,0.8652308700137676,0.1061217748815668,10,4.8828125,0.05,False,one-sided
sub-ccepAgeUMCU27,run-031551,T27-T28,pre,hankel_d50,50,7,46,233,0.9956216328592338,0.0139305802811363,4.5603337571875855,-8.786133040273622,0.0293241484333463,1.0,13.54728178910879,0.9648357104323304,0.9580061894429848,0.0068295209893456,10,4.8828125,0.05,True,one-sided
sub-ccepAgeUMCU27,run-031551,T27-T28,pre,hankel_d50,50,7,48,233,0.9963590676296464,0.0267773785729529,8.757854732844178,-6.730891420446605,0.030005869651521,1.0,10.763342615499123,0.9739006954306122,0.9676685273576427,0.0062321680729694,10,4.8828125,0.05,True,one-sided
sub-ccepAgeUMCU27,run-031551,T27-T28,pre,hankel_d50,50,8,10,234,0.9537196272140168,0.2777445767303857,92.36904478730794,-13.686525692089702,0.2542104439732064,0.0,0.6786442373126369,0.5501691036131064,0.935355377769425,-0.3851862741563185,10,4.8828125,0.05,False,one-sided
sub-ccepAgeUMCU27,run-031551,T27-T28,pre,hankel_d50,50,8,12,234,0.9692237988108104,0.2367708537082909,78.09633700651914,-4.664473202836524,0.2072849147540009,0.0,0.7811048023605148,0.5518248227444231,0.9774816613550223,-0.4256568386105993,10,4.8828125,0.05,False,one-sided
sub-ccepAgeUMCU27,run-031551,T27-T28,pre,hankel_d50,50,8,14,234,0.972942294917878,0.2245039667667121,73.91819478765659,-3.057369572071839,0.2061955464228428,0.0,0.8956042293663222,0.7940404532802774,0.9851823161853244,-0.1911418629050471,10,4.8828125,0.05,False,one-sided
sub-ccepAgeUMCU27,run-031551,T27-T28,pre,hankel_d50,50,8,16,234,0.9787339919708244,0.1936550229534469,63.67084079710205,-4.698126237497725,0.1888176425450923,0.0,2.4024769085873183,0.9050778678825032,0.977321053338996,-0.072243185456493,10,4.8828125,0.05,False,one-sided
sub-ccepAgeUMCU27,run-031551,T27-T28,pre,hankel_d50,50,8,18,234,0.9806242177292522,0.1832228710553401,60.207170807225765,-4.93271733925841,0.1769569554883497,0.0,1.6454260285272535,0.862059572625103,0.9762022078213152,-0.1141426351962122,10,4.8828125,0.05,False,one-sided
sub-ccepAgeUMCU27,run-031551,T27-T28,pre,hankel_d50,50,8,20,234,0.9834177137232408,0.1661407061535376,54.55147987059349,-5.428112409086983,0.1564067436077448,0.0,1.8766049962618376,0.805402847439425,0.9738437052328728,-0.1684408577934476,10,4.8828125,0.05,False,one-sided
sub-ccepAgeUMCU27,run-031551,T27-T28,pre,hankel_d50,50,8,22,234,0.9877477596119496,0.1491475633670296,48.84855001995885,-2.1622738665490124,0.1427113296669986,0.0,1.779540997314757,0.8976156164146365,0.9894975619497188,-0.0918819455350822,10,4.8828125,0.05,False,one-sided
sub-ccepAgeUMCU27,run-031551,T27-T28,pre,hankel_d50,50,8,24,234,0.988012510737285,0.1396967733713483,45.78304787788003,-4.429241693475018,0.1388554088772081,0.0,2.1288260639490586,0.9393763143296364,0.978605033364435,-0.0392287190347986,10,4.8828125,0.05,False,one-sided
sub-ccepAgeUMCU27,run-031551,T27-T28,pre,hankel_d50,50,8,28,234,0.9896030289674872,0.1140081944532639,37.386492079086565,-7.902905848916938,0.1038533560362557,0.3333333333333333,2.0668957907267425,0.9151041451846182,0.9621466400338924,-0.047042494849274,10,4.8828125,0.05,False,one-sided
sub-ccepAgeUMCU27,run-031551,T27-T28,pre,hankel_d50,50,8,30,234,0.9938406255429262,0.094556795895372,30.91866716102069,-3.4257029423499907,0.0907148742024899,1.0,3.2072004832040872,0.9501044959097468,0.983412055432985,-0.0333075595232383,10,4.8828125,0.05,True,one-sided
sub-ccepAgeUMCU27,run-031551,T27-T28,pre,hankel_d50,50,8,34,234,0.9922485060759187,0.0797782429006466,26.15055382006056,-9.3386683763152,0.0789743114722517,1.0,5.673588984262734,0.9625996840181904,0.9554250426472604,0.00717464137093,10,4.8828125,0.05,True,one-sided
sub-ccepAgeUMCU27,run-031551,T27-T28,pre,hankel_d50,50,8,40,234,0.997497369021515,0.0385920593189243,12.604329005862969,-3.6002048293454787,0.0395698481612151,1.0,9.6556837814563,0.9898412283329858,0.9825744862421324,0.0072667420908535,10,4.8828125,0.05,True,one-sided
sub-ccepAgeUMCU27,run-031551,T27-T28,pre,hankel_d50,50,8,44,234,0.9993006516708584,0.0100389772077726,3.274377687149531,-1.329427346730801,0.0184033993935654,1.0,10.683712865749497,0.986976544561834,0.9935296787956912,-0.0065531342338571,10,4.8828125,0.05,True,one-sided
sub-ccepAgeUMCU27,run-031551,T27-T28,pre,hankel_d50,50,8,46,234,0.9926058624323826,0.0218829923692025,7.184716106584648,-14.70188668595859,0.028807290236491,1.0,11.04544231128576,0.9692903436496448,0.9307295331679823,0.0385608104816622,10,4.8828125,0.05,True,one-sided
sub-ccepAgeUMCU27,run-031551,T27-T28,pre,hankel_d50,50,8,48,234,0.9961270880448746,0.0301418678534609,9.859911108479984,-7.009966582596025,0.0309660109999955,1.0,10.08034579618165,0.975096196267,0.9663508108613184,0.0087453854056817,10,4.8828125,0.05,True,one-sided
sub-ccepAgeUMCU27,run-031551,T27-T28,pre,hankel_d50,50,9,10,235,0.9527683464878038,0.2811670302237288,93.5345015362586,-13.583537884814485,0.2702323199284722,0.0,1.3383704614647334,0.7649049681907418,0.935825858356491,-0.1709208901657491,10,4.8828125,0.05,False,one-sided
sub-ccepAgeUMCU27,run-031551,T27-T28,pre,hankel_d50,50,9,12,235,0.9665239383851424,0.2494655646814496,82.33255265303882,-3.6914159740583146,0.230852867444459,0.0,0.8296824700405212,0.6987764762792356,0.9821369775051266,-0.283360501225891,10,4.8828125,0.05,False,one-sided
sub-ccepAgeUMCU27,run-031551,T27-T28,pre,hankel_d50,50,9,14,235,0.969423243365234,0.2174271364576063,71.91544907415421,-13.34120379246639,0.2096101701555875,0.0,1.7332750331439677,0.7688557545068068,0.9369338502295737,-0.1680780957227667,10,4.8828125,0.05,False,one-sided
sub-ccepAgeUMCU27,run-031551,T27-T28,pre,hankel_d50,50,9,16,235,0.9750625537427832,0.2105367778036481,69.31527201848516,-5.058007608329464,0.2013556728021118,0.0,1.3919014889727048,0.8052406101196684,0.9756051803183656,-0.1703645701986972,10,4.8828125,0.05,False,one-sided
sub-ccepAgeUMCU27,run-031551,T27-T28,pre,hankel_d50,50,9,18,235,0.977150035997423,0.1867139688525774,61.54061701924784,-10.618139232348398,0.1770608764378477,0.0,1.208637261092764,0.8029919923485859,0.949474711125274,-0.1464827187766881,10,4.8828125,0.05,False,one-sided
sub-ccepAgeUMCU27,run-031551,T27-T28,pre,hankel_d50,50,9,20,235,0.980863822117534,0.1708974183240202,56.22624137267482,-8.948022144812667,0.1666742431728979,0.0,2.103673913632321,0.9103213118196782,0.9572492095470858,-0.0469278977274075,10,4.8828125,0.05,False,one-sided
sub-ccepAgeUMCU27,run-031551,T27-T28,pre,hankel_d50,50,9,24,235,0.988161355363452,0.1359693034610559,44.57018603479482,-5.183770631767624,0.1348153056042823,0.0,1.81737857726888,0.905547417832194,0.9750062672678468,-0.0694588494356527,10,4.8828125,0.05,False,one-sided
sub-ccepAgeUMCU27,run-031551,T27-T28,pre,hankel_d50,50,9,26,235,0.9902437967424428,0.1273106826085263,41.677048528472206,-3.2915186433144625,0.1142499585653938,0.0,1.6208738482038707,0.8519800944124346,0.984056594964929,-0.1320765005524944,10,4.8828125,0.05,False,one-sided
sub-ccepAgeUMCU27,run-031551,T27-T28,pre,hankel_d50,50,9,28,235,0.9931685167436036,0.1149099007172349,37.54549515790005,-0.4219872939601771,0.104080979192762,0.2222222222222222,1.83107584283138,0.9177344205604788,0.9979416365078376,-0.080207215947359,10,4.8828125,0.05,False,one-sided
sub-ccepAgeUMCU27,run-031551,T27-T28,pre,hankel_d50,50,9,30,235,0.9934692798475084,0.1006810446209641,32.92025118359798,-2.9555492359409192,0.0913218694206875,1.0,2.5895996879111074,0.938719015856405,0.9856722406709464,-0.0469532248145414,10,4.8828125,0.05,True,one-sided
sub-ccepAgeUMCU27,run-031551,T27-T28,pre,hankel_d50,50,9,32,235,0.995711011877522,0.0895308143842551,29.229606560814176,-0.5570171105810291,0.0838527037856036,1.0,3.197784716983253,0.9676360817635627,0.9972838852222978,-0.0296478034587349,10,4.8828125,0.05,True,one-sided
sub-ccepAgeUMCU27,run-031551,T27-T28,pre,hankel_d50,50,9,36,235,0.9973694939727892,0.063430293075234,20.701710054997484,-1.2610030942278798,0.0620214455843299,1.0,4.786309217832852,0.9800887392798572,0.9938616752961036,-0.0137729360162466,10,4.8828125,0.05,True,one-sided
sub-ccepAgeUMCU27,run-031551,T27-T28,pre,hankel_d50,50,9,38,235,0.9970882807629304,0.0578129586693445,18.87798741662548,-2.535100573473579,0.0558459936184664,1.0,5.349960904996604,0.9794777215972,0.9876978767427432,-0.0082201551455431,10,4.8828125,0.05,True,one-sided
sub-ccepAgeUMCU27,run-031551,T27-T28,pre,hankel_d50,50,9,44,235,0.9954299475472146,0.0104175451495228,3.411056542696585,-9.268772978893145,0.0237194384683021,1.0,10.421240220282725,0.9895777456215832,0.955751171601706,0.0338265740198772,10,4.8828125,0.05,True,one-sided
sub-ccepAgeUMCU27,run-031551,T27-T28,pre,hankel_d50,50,9,48,235,0.9995486393291506,0.0233387380948323,7.609298420727432,-0.3664741914265372,0.0249398867013685,1.0,5.251716542996906,0.9985818037928182,0.998212175303124,0.0003696284896941,10,4.8828125,0.05,True,one-sided
sub-ccepAgeUMCU27,run-031551,T27-T28,early,standard,1,0,0,226,0.5157836768138238,0.0,0.0,-1355.914920721228,0.4898388485451149,0.0,3.7413093943111098,0.9662432285449872,0.0013325267543237,0.9649107017906634,10,4.8828125,0.05,False,one-sided
sub-ccepAgeUMCU27,run-031551,T27-T28,early,standard,1,0,1,226,0.5798929339779075,0.0611183510857214,34.22736712378859,-1104.6671580949587,0.4279843612553734,0.0,13.61058253057245,0.9703210663917072,0.004544295322692,0.9657767710690152,10,4.8828125,0.05,False,one-sided
sub-ccepAgeUMCU27,run-031551,T27-T28,early,standard,1,0,3,226,0.7167884322162564,0.2112376319043547,93.41298489312378,-596.6512159673008,0.356069143485875,0.0,21.36049306314945,0.9568536680215344,0.054294300785236,0.9025593672362984,10,4.8828125,0.05,False,one-sided
sub-ccepAgeUMCU27,run-031551,T27-T28,early,standard,1,0,5,226,0.6311127834855268,0.1315132198845622,66.96402553444139,-899.1070735493455,0.3953936465061536,0.0,15.869823305996723,0.9561768632009918,0.0123986056835919,0.9437782575174,10,4.8828125,0.05,False,one-sided
sub-ccepAgeUMCU27,run-031551,T27-T28,early,standard,1,0,7,226,0.6156508807692151,0.0427250864706615,22.584099359035505,-988.514202766353,0.3923960749407021,0.0,8.646483261710172,0.9384050453087488,0.0080126838973204,0.9303923614114284,10,4.8828125,0.05,False,one-sided
sub-ccepAgeUMCU27,run-031551,T27-T28,early,standard,1,0,9,226,0.6621222420596347,0.1348061148852775,65.46751733566961,-802.8103876420615,0.3683600609119841,0.0,16.215704552349173,0.971841947159891,0.0198416384789962,0.9520003086808948,10,4.8828125,0.05,False,one-sided
sub-ccepAgeUMCU27,run-031551,T27-T28,early,standard,1,0,11,226,0.7264364841129893,0.1483419530081379,65.65777405136416,-612.7152847659955,0.3162884738338091,0.0,14.904520622394964,0.953041772122336,0.0501983133529122,0.9028434587694236,10,4.8828125,0.05,False,one-sided
sub-ccepAgeUMCU27,run-031551,T27-T28,early,standard,1,0,13,226,0.7123866515448458,0.0315108902284917,14.408274853091244,-692.5458399447366,0.2932128915238589,0.0,27.698597722270627,0.9652497122513076,0.0339939917198043,0.9312557205315034,10,4.8828125,0.05,False,one-sided
sub-ccepAgeUMCU27,run-031551,T27-T28,early,standard,1,0,15,226,0.7636066660217349,0.1018869128050184,43.235568289450256,-534.2805640312337,0.260759077227758,0.0,19.75241438509684,0.9612846275299288,0.0736234406722641,0.8876611868576646,10,4.8828125,0.05,False,one-sided
sub-ccepAgeUMCU27,run-031551,T27-T28,early,standard,1,0,17,226,0.7967720234361528,0.0390194361753934,15.9496139433303,-462.8254654682669,0.2174123051806346,0.0,13.65446261707858,0.9546202283425824,0.1043619672678716,0.8502582610747109,10,4.8828125,0.05,False,one-sided
sub-ccepAgeUMCU27,run-031551,T27-T28,early,standard,1,0,19,226,0.8595770017552578,0.0708996382276983,26.824234145437543,-302.94988222494345,0.1650666318598077,0.0,16.01466060171475,0.9608261225844968,0.2278090566350007,0.733017065949496,10,4.8828125,0.05,False,one-sided
sub-ccepAgeUMCU27,run-031551,T27-T28,early,standard,1,0,21,226,0.9291231683720356,0.1023290448727389,35.754352511463,-138.2104849367594,0.1320520171834345,0.0,16.035253095808198,0.9784040648066764,0.509229803746619,0.4691742610600573,10,4.8828125,0.05,False,one-sided
sub-ccepAgeUMCU27,run-031551,T27-T28,early,standard,1,0,23,226,0.8998281904977419,0.074304930978071,26.85492154552061,-209.21045276460268,0.1306372791427797,0.0,23.07977863755396,0.9818200875098014,0.3600417025264664,0.621778384983335,10,4.8828125,0.05,False,one-sided
sub-ccepAgeUMCU27,run-031551,T27-T28,early,standard,1,0,25,226,0.9483996726373328,0.0881447379742502,30.20711620618334,-99.6942819922022,0.1133420423414787,0.0,10.851942168717416,0.9819143193785422,0.6145970148924088,0.3673173044861334,10,4.8828125,0.05,False,one-sided
sub-ccepAgeUMCU27,run-031551,T27-T28,early,standard,1,0,27,226,0.8966863097703928,0.0,0.0,-223.3327380217509,0.1084013790071099,0.0,156.88384719160834,0.9815407355553382,0.3360511545670634,0.6454895809882747,10,4.8828125,0.05,False,one-sided
sub-ccepAgeUMCU27,run-031551,T27-T28,early,standard,1,0,28,226,0.90209049080796,0.0,0.0,-211.02682429023403,0.1043632882724773,0.1111111111111111,134.27596635487149,0.9858176720960568,0.356862610618592,0.6289550614774648,10,4.8828125,0.05,False,one-sided
sub-ccepAgeUMCU27,run-031551,T27-T28,early,standard,1,0,29,226,0.9232180987607757,0.0651872176126159,22.97672019267472,-158.52171091418384,0.1138978624181854,0.0,29.25773960302928,0.9635064888863965,0.4611500542899225,0.5023564345964738,10,4.8828125,0.05,False,one-sided
sub-ccepAgeUMCU27,run-031551,T27-T28,early,standard,1,0,31,226,0.9378058166751038,0.0650222551298939,22.5634088026005,-126.5960869084654,0.1006842081235622,0.3333333333333333,35.83479268749127,0.9804879231930108,0.5389432745640089,0.441544648629002,10,4.8828125,0.05,False,one-sided
sub-ccepAgeUMCU27,run-031551,T27-T28,early,standard,1,0,33,226,0.9717356662793925,0.0784310752783433,26.251232190867768,-52.06995215598912,0.0956415645886289,0.6666666666666666,15.310623755298923,0.9751300320313736,0.7754995991471602,0.1996304328842134,10,4.8828125,0.05,False,one-sided
sub-ccepAgeUMCU27,run-031551,T27-T28,early,standard,1,0,35,226,0.9701771115329592,0.0700236171172057,23.48503222663512,-56.68597749969159,0.0839879182461542,1.0,20.737261630928245,0.980619488189724,0.758215980287066,0.2224035079026579,10,4.8828125,0.05,False,one-sided
sub-ccepAgeUMCU27,run-031551,T27-T28,early,standard,1,0,37,226,0.9617848766046672,0.0533397820379924,18.058376911338417,-76.65454128338796,0.07564190756559,0.8888888888888888,17.539428248388067,0.9354883013372858,0.6877775977722033,0.2477107035650825,10,4.8828125,0.05,False,one-sided
sub-ccepAgeUMCU27,run-031551,T27-T28,early,standard,1,0,39,226,0.9962520708397355,0.0459335049309108,15.01768447084373,-5.515678864613261,0.0661605625099232,1.0,12.41537115841885,0.9465804313243577,0.9734274073161808,-0.026846975991823,10,4.8828125,0.05,True,one-sided
sub-ccepAgeUMCU27,run-031551,T27-T28,early,standard,1,0,41,226,0.9806320533936864,0.0430638127756442,14.304659889308992,-38.081856599842055,0.0646575111750784,1.0,10.821914431503226,0.9167003858236804,0.8303179614807047,0.0863824243429758,10,4.8828125,0.05,False,one-sided
sub-ccepAgeUMCU27,run-031551,T27-T28,early,standard,1,0,44,226,0.9946729166247456,0.0097519702147854,3.195569317574765,-10.84060474773865,0.0369423397930984,1.0,12.977382992782683,0.9236062616377334,0.9484438971608103,-0.0248376355230769,10,4.8828125,0.05,True,one-sided
sub-ccepAgeUMCU27,run-031551,T27-T28,early,standard,1,0,46,226,0.9936376171687648,0.0228284856731435,7.487257479251494,-12.531427725927037,0.0419730604820884,1.0,14.04870623303248,0.957879430788802,0.9406458060103244,0.0172336247784775,10,4.8828125,0.05,True,one-sided
sub-ccepAgeUMCU27,run-031551,T27-T28,early,standard,1,0,48,226,0.982674976061984,0.0301100442981331,9.984256328668195,-34.831659636258344,0.0522758078216612,0.8888888888888888,13.722633635185655,0.9084256078271,0.8436003098626463,0.0648252979644536,10,4.8828125,0.05,False,one-sided
sub-ccepAgeUMCU27,run-031551,T27-T28,early,standard,1,1,2,227,0.5419073570198253,0.0,0.0,-1254.7281308877823,0.4620336420662149,0.0,7.722040989269934,0.9641365040000144,0.0021839891226128,0.9619525148774014,10,4.8828125,0.05,False,one-sided
sub-ccepAgeUMCU27,run-031551,T27-T28,early,standard,1,1,3,227,0.5850105611569533,0.0666985604179301,37.00254328041123,-1084.759705876508,0.4271387150117771,0.0,4.48334069943794,0.96569880553062,0.0050082022964074,0.9606906032342126,10,4.8828125,0.05,False,one-sided
sub-ccepAgeUMCU27,run-031551,T27-T28,early,standard,1,1,5,227,0.6676901631102212,0.1516139215697323,72.77991479348596,-775.7676323196414,0.3736383974763448,0.0,10.464201833344983,0.9827549596814612,0.0226424709163936,0.9601124887650676,10,4.8828125,0.05,False,one-sided
sub-ccepAgeUMCU27,run-031551,T27-T28,early,standard,1,1,7,227,0.6883374287833885,0.0965875753285323,45.4405535147529,-744.9127222628076,0.3357540569410978,0.0,24.58152661150057,0.972975276265954,0.0263241331132863,0.9466511431526676,10,4.8828125,0.05,False,one-sided
sub-ccepAgeUMCU27,run-031551,T27-T28,early,standard,1,1,9,227,0.6559220446560363,0.0,0.0,-863.668902840748,0.3497577026499566,0.0,11.005257760705964,0.9724755073832538,0.0147408413473757,0.957734666035878,10,4.8828125,0.05,False,one-sided
sub-ccepAgeUMCU27,run-031551,T27-T28,early,standard,1,1,10,227,0.6858230722187584,0.0,0.0,-772.3737021212283,0.317351135517515,0.0,21.00284663081809,0.9746023253829516,0.0230208266238978,0.9515814987590538,10,4.8828125,0.05,False,one-sided
sub-ccepAgeUMCU27,run-031551,T27-T28,early,standard,1,1,11,227,0.7789851410147655,0.1297864089865135,53.81200392779456,-483.4776512355113,0.2612954028221742,0.0,27.256482231599907,0.9973014363122932,0.0943512537541687,0.9029501825581244,10,4.8828125,0.05,False,one-sided
sub-ccepAgeUMCU27,run-031551,T27-T28,early,standard,1,1,13,227,0.7551530989205999,0.1008648126789262,43.28045537006617,-557.0418895688024,0.2726930919412244,0.0,38.58842705626205,0.9696481988327555,0.0658792932604463,0.9037689055723094,10,4.8828125,0.05,False,one-sided
sub-ccepAgeUMCU27,run-031551,T27-T28,early,standard,1,1,15,227,0.7439030492563223,0.0,0.0,-605.8896645724175,0.264313341240707,0.0,11.642737456866444,0.9391516601045184,0.0518995256888607,0.8872521344156576,10,4.8828125,0.05,False,one-sided
sub-ccepAgeUMCU27,run-031551,T27-T28,early,standard,1,1,16,227,0.8333429273705313,0.1194274314535199,46.39630100761664,-352.5529924887639,0.2145225293559864,0.0,10.631667139261166,0.9907960135567008,0.1788066617840856,0.8119893517726151,10,4.8828125,0.05,False,one-sided
sub-ccepAgeUMCU27,run-031551,T27-T28,early,standard,1,1,18,227,0.8068899234560536,0.0,0.0,-439.4353094181541,0.2065753919555228,0.0,20.54466016242325,0.9643491167138486,0.1169884318946004,0.8473606848192482,10,4.8828125,0.05,False,one-sided
sub-ccepAgeUMCU27,run-031551,T27-T28,early,standard,1,1,19,227,0.9095427716839752,0.1249453469342142,44.4976707375992,-175.03375332260413,0.165018448900639,0.0,17.94556521085832,0.9644174212060505,0.4254290888129787,0.5389883323930715,10,4.8828125,0.05,False,one-sided
sub-ccepAgeUMCU27,run-031551,T27-T28,early,standard,1,1,21,227,0.9045515676514349,0.0918836964490484,32.996518130103816,-194.93524241234545,0.1473688756721105,0.0,27.39319310477544,0.96583848728012,0.3860330704904227,0.5798054167896973,10,4.8828125,0.05,False,one-sided
sub-ccepAgeUMCU27,run-031551,T27-T28,early,standard,1,1,23,227,0.8659544110235196,0.0128250488122378,4.827055935755924,-294.5297498660222,0.1406043427134145,0.0,25.553769565507185,0.9672005320523605,0.2373703867998547,0.7298301452525056,10,4.8828125,0.05,False,one-sided
sub-ccepAgeUMCU27,run-031551,T27-T28,early,standard,1,1,25,227,0.8778521246442468,0.0,0.0,-266.80754685582946,0.136307110379256,0.0,47.73891289825125,0.9610693203067152,0.2717775916615001,0.6892917286452152,10,4.8828125,0.05,False,one-sided
sub-ccepAgeUMCU27,run-031551,T27-T28,early,standard,1,1,26,227,0.9436464012547772,0.0813395255070844,28.026591623249026,-111.21157361250552,0.119127697638795,0.0,15.467252172045162,0.951007204579539,0.5809879503885437,0.3700192541909953,10,4.8828125,0.05,False,one-sided
sub-ccepAgeUMCU27,run-031551,T27-T28,early,standard,1,1,28,227,0.9656530496194208,0.0830794115197217,27.973980155658204,-64.02731895692456,0.1034270417207653,0.4444444444444444,18.554443226513325,0.9882785969153324,0.7315180427999278,0.2567605541154046,10,4.8828125,0.05,False,one-sided
sub-ccepAgeUMCU27,run-031551,T27-T28,early,standard,1,1,30,227,0.929378319654486,0.062363643858363,21.839287121443487,-145.3938034425777,0.1069173526608053,0.1111111111111111,30.587577451114345,0.9688958159702828,0.4916782789892757,0.477217536981007,10,4.8828125,0.05,False,one-sided
sub-ccepAgeUMCU27,run-031551,T27-T28,early,standard,1,1,32,227,0.9898284535473716,0.0660824588027443,21.72863052761868,-16.38406372315178,0.0773614359940539,1.0,12.540116390767995,0.9688554415806016,0.9231160591606896,0.0457393824199119,10,4.8828125,0.05,True,one-sided
sub-ccepAgeUMCU27,run-031551,T27-T28,early,standard,1,1,34,227,0.9770835282194426,0.0683422902733571,22.76151580015684,-42.48153225241962,0.0930467673571689,1.0,13.507018400016818,0.957389611447044,0.8126706494808005,0.1447189619662435,10,4.8828125,0.05,False,one-sided
sub-ccepAgeUMCU27,run-031551,T27-T28,early,standard,1,1,36,227,0.9811584203252872,0.0485381206872771,16.111649209246195,-36.45273601682629,0.0638507388331565,1.0,15.272386549698638,0.9468212694691972,0.8369492236048206,0.1098720458643764,10,4.8828125,0.05,False,one-sided
sub-ccepAgeUMCU27,run-031551,T27-T28,early,standard,1,1,38,227,0.9899578538616488,0.0443351843767131,14.587867035098066,-18.61850806727447,0.0562514986519698,1.0,12.313891378823552,0.9658035224638064,0.9130992617019746,0.0527042607618318,10,4.8828125,0.05,False,one-sided
sub-ccepAgeUMCU27,run-031551,T27-T28,early,standard,1,1,40,227,0.9916096058947343,0.0308809146571013,10.147502676694389,-16.263389123118984,0.0458895312288351,1.0,11.197449099922071,0.9743517711671752,0.9236601484520848,0.0506916227150903,10,4.8828125,0.05,False,one-sided
sub-ccepAgeUMCU27,run-031551,T27-T28,early,standard,1,1,42,227,0.9967806254608632,0.0221398402412304,7.238583276600841,-6.09885539604408,0.0420259683386109,1.0,12.827338298775183,0.981640074050396,0.970659474995024,0.0109805990553719,10,4.8828125,0.05,True,one-sided
sub-ccepAgeUMCU27,run-031551,T27-T28,early,standard,1,1,46,227,0.993051275168545,0.0,0.0,-14.28066231330751,0.041850363595488,1.0,18.68545198881348,0.9671317465892676,0.9326457900645851,0.0344859565246822,10,4.8828125,0.05,True,one-sided
sub-ccepAgeUMCU27,run-031551,T27-T28,early,standard,1,1,47,227,0.927855889686488,0.0,0.0,-153.35188385994496,0.0867510533031676,0.7777777777777778,33.559317830614795,0.9584866089673428,0.4729391737843489,0.4855474351829938,10,4.8828125,0.05,False,one-sided
sub-ccepAgeUMCU27,run-031551,T27-T28,early,standard,1,1,48,227,0.9459900637962956,0.0063445020923677,2.186022071947274,-113.66548223772308,0.0762610295472161,0.8888888888888888,21.64632409694824,0.910332389661644,0.5740681063698626,0.3362642832917814,10,4.8828125,0.05,False,one-sided
sub-ccepAgeUMCU27,run-031551,T27-T28,early,standard,1,2,0,228,0.4868434058374726,0.0375913787955573,25.11818005490406,-1468.089480726748,0.5211839794259209,0.0,4.57368739817098,0.969018814673732,0.0007705502656639,0.968248264408068,10,4.8828125,0.05,False,one-sided
sub-ccepAgeUMCU27,run-031551,T27-T28,early,standard,1,2,2,228,0.674527260191633,0.1941541687005371,91.35102346806562,-724.878935892659,0.3829920885631718,0.0,26.13291874134197,0.9757049954816244,0.0290293489161393,0.9466756465654852,10,4.8828125,0.05,False,one-sided
sub-ccepAgeUMCU27,run-031551,T27-T28,early,standard,1,2,4,228,0.594428515715471,0.0,0.0,-1065.2770565734172,0.4165487378213794,0.0,5.932120528060842,0.96393934712649,0.005508030681385,0.958431316445105,10,4.8828125,0.05,False,one-sided
sub-ccepAgeUMCU27,run-031551,T27-T28,early,standard,1,2,5,228,0.65110783474882,0.1278939179520807,63.219761617789125,-839.9901724834712,0.3755295894369938,0.0,28.65264490787353,0.9813291555060328,0.0165475948487505,0.9647815606572822,10,4.8828125,0.05,False,one-sided
sub-ccepAgeUMCU27,run-031551,T27-T28,early,standard,1,2,7,228,0.6689317630476419,0.1246317399366362,60.04069437286278,-788.5027666858952,0.3609371069340276,0.0,17.22596908608605,0.9783341231637058,0.0212773709981999,0.957056752165506,10,4.8828125,0.05,False,one-sided
sub-ccepAgeUMCU27,run-031551,T27-T28,early,standard,1,2,9,228,0.6343723611510693,0.0,0.0,-932.084073518076,0.3777499098767339,0.0,16.253725634315913,0.9457937876753624,0.0105546182584856,0.9352391694168768,10,4.8828125,0.05,False,one-sided
sub-ccepAgeUMCU27,run-031551,T27-T28,early,standard,1,2,10,228,0.6907690710638875,0.0093198638532276,4.397445017167033,-757.4706123785279,0.3144850436960069,0.0,80.60465194394973,0.9538258340878316,0.0247584861372133,0.9290673479506184,10,4.8828125,0.05,False,one-sided
sub-ccepAgeUMCU27,run-031551,T27-T28,early,standard,1,2,12,228,0.7289949883091238,0.0576187234935836,25.709122457193946,-640.9719600195124,0.281731683970829,0.0,22.26642605999916,0.9759531155979178,0.0437289074206718,0.9322242081772458,10,4.8828125,0.05,False,one-sided
sub-ccepAgeUMCU27,run-031551,T27-T28,early,standard,1,2,14,228,0.8154020048955166,0.1211653908916506,48.0828896711884,-395.5789505827034,0.2307906636888036,0.0,8.785314170713217,0.9605177049534068,0.1449251546516126,0.8155925503017941,10,4.8828125,0.05,False,one-sided
sub-ccepAgeUMCU27,run-031551,T27-T28,early,standard,1,2,16,228,0.7784408775135134,0.0,0.0,-512.9466566613798,0.2314374003548374,0.0,9.50097618697487,0.9521187912652406,0.0817064488466762,0.8704123424185644,10,4.8828125,0.05,False,one-sided
sub-ccepAgeUMCU27,run-031551,T27-T28,early,standard,1,2,17,228,0.8891586234352649,0.1143233170049774,41.6801673802387,-223.8084712527902,0.1654979486763684,0.0,21.16386786789305,0.9587205662361928,0.3352714418613507,0.6234491243748421,10,4.8828125,0.05,False,one-sided
sub-ccepAgeUMCU27,run-031551,T27-T28,early,standard,1,2,19,228,0.8568368684578986,0.0727909244801917,27.62406934312968,-309.068138819175,0.1657615596396292,0.0,24.70179360816177,0.9749622687074188,0.2211040725979635,0.7538581961094553,10,4.8828125,0.05,False,one-sided
sub-ccepAgeUMCU27,run-031551,T27-T28,early,standard,1,2,21,228,0.8428946944362216,0.0,0.0,-350.03032865821024,0.1624924133384256,0.0,120.3539092553102,0.99484718752016,0.1810227682571521,0.8138244192630079,10,4.8828125,0.05,False,one-sided
sub-ccepAgeUMCU27,run-031551,T27-T28,early,standard,1,2,22,228,0.9540348251893755,0.1023215505366996,34.825391030564894,-84.65715631375525,0.1203752242446798,0.0,22.2049958399883,0.9638698208430374,0.6614208062325565,0.3024490146104809,10,4.8828125,0.05,False,one-sided
sub-ccepAgeUMCU27,run-031551,T27-T28,early,standard,1,2,24,228,0.8799572938284168,0.0389405423756162,14.414753861447204,-259.8987906312015,0.133066318656627,0.0,80.8612998221242,0.9917495485487956,0.2811021750030055,0.7106473735457901,10,4.8828125,0.05,False,one-sided
sub-ccepAgeUMCU27,run-031551,T27-T28,early,standard,1,2,26,228,0.9031420019636892,0.0674661553890635,24.30379634332021,-202.94261468921528,0.1233334253801987,0.0,23.122243961272133,0.9737716516317272,0.3712310121908118,0.6025406394409153,10,4.8828125,0.05,False,one-sided
sub-ccepAgeUMCU27,run-031551,T27-T28,early,standard,1,2,28,228,0.9597338224751368,0.0841716985209801,28.51383026129909,-76.32505635758754,0.1056033884916075,0.1111111111111111,26.424722187737284,0.9428539210575198,0.6888849939490853,0.2539689271084344,10,4.8828125,0.05,False,one-sided
sub-ccepAgeUMCU27,run-031551,T27-T28,early,standard,1,2,30,228,0.9362482118873464,0.0746796039271588,25.944336242157203,-128.41681666458317,0.1076727707196219,0.0,39.091314111232926,0.9531291598218414,0.534173152149273,0.4189560076725684,10,4.8828125,0.05,False,one-sided
sub-ccepAgeUMCU27,run-031551,T27-T28,early,standard,1,2,32,228,0.9141175810965648,0.0149041055151464,5.313925482729351,-183.6301778980684,0.0985026108284333,0.6666666666666666,26.47818813894994,0.967165035381482,0.4079414058443535,0.5592236295371287,10,4.8828125,0.05,False,one-sided
sub-ccepAgeUMCU27,run-031551,T27-T28,early,standard,1,2,34,228,0.957503965393155,0.0654911549580803,22.259544548173032,-84.15588808060225,0.0910518733850919,0.8888888888888888,48.87979224010423,0.9592111907720812,0.6630416818180526,0.2961695089540285,10,4.8828125,0.05,False,one-sided
sub-ccepAgeUMCU27,run-031551,T27-T28,early,standard,1,2,36,228,0.9738557426319676,0.0676700698495065,22.61281103982229,-49.32341762667465,0.0869796185444846,0.7777777777777778,23.762525693177643,0.946429483587972,0.7859697289111569,0.1604597546768149,10,4.8828125,0.05,False,one-sided
sub-ccepAgeUMCU27,run-031551,T27-T28,early,standard,1,2,38,228,0.9796855718799422,0.0557906339921581,18.541969066482764,-38.71686481476097,0.0753782684706635,1.0,12.355121155753896,0.9540260530318376,0.8277474431474844,0.1262786098843533,10,4.8828125,0.05,False,one-sided
sub-ccepAgeUMCU27,run-031551,T27-T28,early,standard,1,2,40,228,0.993335550842806,0.0438557063145593,14.381304271022222,-11.70042005491535,0.060503896971562,1.0,15.167545496902669,0.9695592072206144,0.944470375977631,0.0250888312429833,10,4.8828125,0.05,True,one-sided
sub-ccepAgeUMCU27,run-031551,T27-T28,early,standard,1,2,42,228,0.9960686481172564,0.0070332875413885,2.3015052438357806,-8.016223005148017,0.0434121466339752,1.0,10.00001295212348,0.9284064845790544,0.9616144253668076,-0.0332079407877532,10,4.8828125,0.05,True,one-sided
sub-ccepAgeUMCU27,run-031551,T27-T28,early,standard,1,2,44,228,0.998809916663589,0.0154479110428919,5.040833735163744,-2.1938234695859595,0.0601913917460058,1.0,9.041747934138622,0.9637824841198722,0.9893451408031828,-0.0255626566833107,10,4.8828125,0.05,True,one-sided
sub-ccepAgeUMCU27,run-031551,T27-T28,early,standard,1,2,46,228,0.9926506026603126,0.0278431455399563,9.140250833175704,-14.301819952484111,0.0402235505442292,1.0,12.495407648897435,0.959852706219863,0.9325494445378952,0.0273032616819677,10,4.8828125,0.05,True,one-sided
sub-ccepAgeUMCU27,run-031551,T27-T28,early,standard,1,2,48,228,0.9840601764459752,0.0410296825424515,13.582356086356372,-31.12914317953978,0.0594216554924088,1.0,24.366572455236017,0.9388498596504268,0.8589901967755917,0.0798596628748349,10,4.8828125,0.05,False,one-sided
sub-ccepAgeUMCU27,run-031551,T27-T28,early,standard,1,3,2,229,0.4732137424393146,0.0,0.0,-1532.330200671029,0.530823650149077,0.0,4.000814806650444,0.9434602134291848,0.0005630843841807,0.942897129045004,10,4.8828125,0.05,False,one-sided
sub-ccepAgeUMCU27,run-031551,T27-T28,early,standard,1,3,3,229,0.6043424342023738,0.0840965471835109,45.067680957588415,-1011.7631050083668,0.4105744106135646,0.0,7.483026237924971,0.96330254282629,0.0071528132639464,0.9561497295623436,10,4.8828125,0.05,False,one-sided
sub-ccepAgeUMCU27,run-031551,T27-T28,early,standard,1,3,5,229,0.6055708851659651,0.0325889024243218,17.524115492853536,-1024.2820307636132,0.4030420748655304,0.0,5.084770264644997,0.9613055228796444,0.0067286745358174,0.954576848343827,10,4.8828125,0.05,False,one-sided
sub-ccepAgeUMCU27,run-031551,T27-T28,early,standard,1,3,7,229,0.674044372049057,0.1587744675409806,75.404390567787,-752.5552483253318,0.3688756195273685,0.0,10.600055452657022,0.966619980275152,0.0253598979502866,0.9412600823248656,10,4.8828125,0.05,False,one-sided
sub-ccepAgeUMCU27,run-031551,T27-T28,early,standard,1,3,9,229,0.6878974185699211,0.1034181180687267,48.63878040685697,-743.301935118869,0.332404109115668,0.0,8.338577544047535,0.9805822264037856,0.0265319932939376,0.9540502331098476,10,4.8828125,0.05,False,one-sided
sub-ccepAgeUMCU27,run-031551,T27-T28,early,standard,1,3,11,229,0.6754929917113064,0.0217292859193423,10.48153666563418,-802.3969232789326,0.3310908107265817,0.0,11.886681004598966,0.93472026068141,0.0198817366098652,0.9148385240715448,10,4.8828125,0.05,False,one-sided
sub-ccepAgeUMCU27,run-031551,T27-T28,early,standard,1,3,13,229,0.7008594651800583,0.0,0.0,-727.9572780600215,0.3033731048075898,0.0,12.351131428675007,0.9576880950226252,0.0285962726441449,0.9290918223784804,10,4.8828125,0.05,False,one-sided
sub-ccepAgeUMCU27,run-031551,T27-T28,early,standard,1,3,14,229,0.8172843383631421,0.1356685664572666,53.61840429540067,-385.3860024312238,0.2328975650643734,0.0,11.086323783101596,0.9472432029977338,0.1523206272463496,0.7949225757513841,10,4.8828125,0.05,False,one-sided
sub-ccepAgeUMCU27,run-031551,T27-T28,early,standard,1,3,16,229,0.7783220960808405,0.0,0.0,-513.2591825612279,0.2306711467449564,0.0,6.645752667767388,0.9191419416312442,0.0815818594531631,0.8375600821780811,10,4.8828125,0.05,False,one-sided
sub-ccepAgeUMCU27,run-031551,T27-T28,early,standard,1,3,17,229,0.81708899209323,0.0063213593478662,2.521636830998597,-413.64959078971947,0.1991371811782723,0.0,31.362684282576733,0.9889951435083084,0.1326855292059692,0.8563096143023391,10,4.8828125,0.05,False,one-sided
sub-ccepAgeUMCU27,run-031551,T27-T28,early,standard,1,3,19,229,0.8573472347172912,0.0696989914331492,26.44026455956548,-308.4669160962969,0.165712578956945,0.0,14.362379899346168,0.970528118206808,0.2217541121792194,0.7487740060275885,10,4.8828125,0.05,False,one-sided
sub-ccepAgeUMCU27,run-031551,T27-T28,early,standard,1,3,21,229,0.931905026583464,0.1181623499977605,41.109876197682944,-128.1016315182885,0.149289990851163,0.0,9.061923006506737,0.9630479311745668,0.5349958721903808,0.4280520589841858,10,4.8828125,0.05,False,one-sided
sub-ccepAgeUMCU27,run-031551,T27-T28,early,standard,1,3,23,229,0.9047138778440752,0.1017409623235972,36.50176503148344,-192.2108594876424,0.1512659359334629,0.0,10.665936379303028,0.9610598506085876,0.3912026419700902,0.5698572086384972,10,4.8828125,0.05,False,one-sided
sub-ccepAgeUMCU27,run-031551,T27-T28,early,standard,1,3,25,229,0.8742499265891293,0.0,0.0,-275.2286453939563,0.1352919027030479,0.0,461.3217894755831,0.9717845385809988,0.2608291013855029,0.710955437195496,10,4.8828125,0.05,False,one-sided
sub-ccepAgeUMCU27,run-031551,T27-T28,early,standard,1,3,26,229,0.8747220448806893,0.0,0.0,-274.12296925920657,0.1342679968998734,0.0,454.134413379814,0.9728416692299952,0.2622410760124334,0.7106005932175619,10,4.8828125,0.05,False,one-sided
sub-ccepAgeUMCU27,run-031551,T27-T28,early,standard,1,3,27,229,0.9402016072674952,0.0788146795496243,27.25975983731555,-119.11110575398764,0.1086012140150787,0.1111111111111111,19.452974080654016,0.9816231195944994,0.5590048128780374,0.422618306716462,10,4.8828125,0.05,False,one-sided
sub-ccepAgeUMCU27,run-031551,T27-T28,early,standard,1,3,29,229,0.9621479274946954,0.0775835883213487,26.226446977043548,-72.38968394853096,0.0921021509089849,1.0,27.3768871349068,0.9315748048169284,0.702250392798624,0.2293244120183044,10,4.8828125,0.05,False,one-sided
sub-ccepAgeUMCU27,run-031551,T27-T28,early,standard,1,3,31,229,0.9540144452513644,0.0708380822012629,24.15826132087877,-90.78233297403324,0.0962206933064264,0.6666666666666666,30.84847034923988,0.9656764650913738,0.6419318649890898,0.323744600102284,10,4.8828125,0.05,False,one-sided
sub-ccepAgeUMCU27,run-031551,T27-T28,early,standard,1,3,33,229,0.9733439912815176,0.0727246090701241,24.30854268137523,-49.63169493981571,0.0890989503278877,0.8888888888888888,11.93449664947115,0.958825460937114,0.7847875298489096,0.1740379310882043,10,4.8828125,0.05,False,one-sided
sub-ccepAgeUMCU27,run-031551,T27-T28,early,standard,1,3,35,229,0.943414549742234,0.0424585912817185,14.65953298303879,-117.22296187683654,0.0745082407450606,1.0,31.07483397147933,0.884238845569023,0.5641823616205912,0.3200564839484318,10,4.8828125,0.05,False,one-sided
sub-ccepAgeUMCU27,run-031551,T27-T28,early,standard,1,3,37,229,0.986318940069862,0.0499170490675623,16.482050367138328,-25.59280669017727,0.0614690410662061,1.0,12.155653960826234,0.9345097439207222,0.8825278995822662,0.0519818443384559,10,4.8828125,0.05,False,one-sided
sub-ccepAgeUMCU27,run-031551,T27-T28,early,standard,1,3,39,229,0.972313330223936,0.0469040976281976,15.71151595621826,-55.12189530278958,0.0632901993056353,1.0,25.13399358126228,0.8884283493865534,0.7640287348916645,0.1243996144948889,10,4.8828125,0.05,False,one-sided
sub-ccepAgeUMCU27,run-031551,T27-T28,early,standard,1,3,41,229,0.9951703145936616,0.0366907599907196,12.011927831161705,-8.524170069803269,0.0566186108204663,0.8888888888888888,10.057875951433598,0.9812142478077848,0.9592323746013326,0.0219818732064522,10,4.8828125,0.05,True,one-sided
sub-ccepAgeUMCU27,run-031551,T27-T28,early,standard,1,3,45,229,0.9966151458925532,0.0215247757066382,7.0387205141853695,-6.466387614107831,0.043454005348925,1.0,11.511339983004888,0.9790805780227572,0.9689191004232072,0.0101614775995501,10,4.8828125,0.05,True,one-sided
sub-ccepAgeUMCU27,run-031551,T27-T28,early,standard,1,3,47,229,0.9860973084065144,0.0259300012334842,8.569052018801681,-27.96468198578311,0.0425203966605109,1.0,22.94307749556474,0.8899347327673143,0.8723659298649262,0.017568802902388,10,4.8828125,0.05,True,one-sided
sub-ccepAgeUMCU27,run-031551,T27-T28,early,standard,1,3,49,229,0.9553906199319756,0.0,0.0,-93.46047185510524,0.05450612707756,1.0,39.76986498093076,0.85287332341696,0.6335920662700854,0.2192812571468746,10,4.8828125,0.05,False,one-sided
sub-ccepAgeUMCU27,run-031551,T27-T28,early,standard,1,4,2,230,0.5271620642248394,0.0,0.0,-1311.2263791980083,0.4776495325173207,0.0,2.6043999867350123,0.9161570515339073,0.0016574540567696,0.9144995974771376,10,4.8828125,0.05,False,one-sided
sub-ccepAgeUMCU27,run-031551,T27-T28,early,standard,1,4,5,230,0.6284152977671235,0.1671739258925262,84.74775392881644,-881.3884372117678,0.4114147842987481,0.0,7.978779741922457,0.9587978878487856,0.0135190634992541,0.9452788243495316,10,4.8828125,0.05,False,one-sided
sub-ccepAgeUMCU27,run-031551,T27-T28,early,standard,1,4,7,230,0.595315198627643,0.050588046581275,27.631783805117937,-1054.8566097558016,0.4111380349507017,0.0,6.724616651451952,0.9727868301265216,0.0057955375828511,0.9669912925436706,10,4.8828125,0.05,False,one-sided
sub-ccepAgeUMCU27,run-031551,T27-T28,early,standard,1,4,9,230,0.7171613547084783,0.1546498569615289,69.22817410166967,-634.323271300145,0.3267538850143882,0.0,12.849038296608157,0.9787468789828218,0.0451718308300689,0.9335750481527528,10,4.8828125,0.05,False,one-sided
sub-ccepAgeUMCU27,run-031551,T27-T28,early,standard,1,4,11,230,0.6305783039179882,0.0,0.0,-944.3695368629666,0.3772459677498391,0.0,8.438690647291704,0.9654725601173716,0.0099400882586453,0.9555324718587264,10,4.8828125,0.05,False,one-sided
sub-ccepAgeUMCU27,run-031551,T27-T28,early,standard,1,4,12,230,0.6586618635795483,0.0,0.0,-855.1321221229255,0.3444245930364145,0.0,9.07926939431476,0.9714272826234908,0.0153682772175925,0.9560590054058982,10,4.8828125,0.05,False,one-sided
sub-ccepAgeUMCU27,run-031551,T27-T28,early,standard,1,4,13,230,0.7001535521421748,0.0870772009292926,40.33081088439079,-714.3035297088406,0.3149495325924196,0.0,8.578688815543847,0.9561234627397373,0.0305677360519951,0.925555726687742,10,4.8828125,0.05,False,one-sided
sub-ccepAgeUMCU27,run-031551,T27-T28,early,standard,1,4,15,230,0.7331597893022312,0.0484847393464238,21.524080257836506,-631.2134795967371,0.2763418514240271,0.0,30.955389503466307,0.9637675472452654,0.0458629779336441,0.9179045693116212,10,4.8828125,0.05,False,one-sided
sub-ccepAgeUMCU27,run-031551,T27-T28,early,standard,1,4,17,230,0.7237843839613101,0.0,0.0,-662.0400499904882,0.2866753456122424,0.0,9.073140592693903,0.9666538122570948,0.0394540951263236,0.9271997171307712,10,4.8828125,0.05,False,one-sided
sub-ccepAgeUMCU27,run-031551,T27-T28,early,standard,1,4,18,230,0.8016124324703704,0.1086918693881884,43.92807324967815,-434.2189803356509,0.2330079258817151,0.0,12.438928156253438,0.9460855821271386,0.12000644072643,0.8260791414007086,10,4.8828125,0.05,False,one-sided
sub-ccepAgeUMCU27,run-031551,T27-T28,early,standard,1,4,20,230,0.8030353979910747,0.0329999901579962,13.387050938636976,-447.51428569906096,0.2116530398159893,0.0,41.87863268199267,0.9526160777763538,0.1124632982727868,0.840152779503567,10,4.8828125,0.05,False,one-sided
sub-ccepAgeUMCU27,run-031551,T27-T28,early,standard,1,4,22,230,0.8398618741284438,0.0627047397993981,24.290562790545145,-351.72036548553643,0.1834991669412005,0.0,27.156024387241064,0.9613891306368778,0.1795350910047613,0.7818540396321164,10,4.8828125,0.05,False,one-sided
sub-ccepAgeUMCU27,run-031551,T27-T28,early,standard,1,4,24,230,0.8310031143826976,0.0,0.0,-379.1293161078094,0.1854351027617452,0.0,24.281201598067813,0.9540533058447368,0.1570458679416201,0.7970074379031168,10,4.8828125,0.05,False,one-sided
sub-ccepAgeUMCU27,run-031551,T27-T28,early,standard,1,4,25,230,0.8703418224960955,0.0625147055013552,23.37207171520098,-279.13474656262053,0.1497487135311837,0.0,25.69764179776443,0.9740553882233468,0.2559015113795726,0.7181538768437742,10,4.8828125,0.05,False,one-sided
sub-ccepAgeUMCU27,run-031551,T27-T28,early,standard,1,4,27,230,0.912690735749641,0.0784808669341673,27.959104313679987,-179.55795658663845,0.1256066912037227,0.0,17.644773184310612,0.9718278635878228,0.416134050064496,0.5556938135233267,10,4.8828125,0.05,False,one-sided
sub-ccepAgeUMCU27,run-031551,T27-T28,early,standard,1,4,29,230,0.9461514533042404,0.0854721778765371,29.365470646170184,-105.03951530181035,0.1147626747404203,0.0,16.777374388484223,0.9752811738505276,0.5987636947351135,0.3765174791154142,10,4.8828125,0.05,False,one-sided
sub-ccepAgeUMCU27,run-031551,T27-T28,early,standard,1,4,31,230,0.920210069156397,0.0554556502972665,19.61932127833079,-166.58576657000663,0.1070066320753983,0.0,28.258808899011413,0.9815205901795832,0.4433449856627182,0.5381756045168651,10,4.8828125,0.05,False,one-sided
sub-ccepAgeUMCU27,run-031551,T27-T28,early,standard,1,4,33,230,0.908072462243505,0.0,0.0,-197.4908914321349,0.1035289888224089,0.2222222222222222,24.18437238535927,0.9030423998621429,0.3812457901614445,0.5217966097006983,10,4.8828125,0.05,False,one-sided
sub-ccepAgeUMCU27,run-031551,T27-T28,early,standard,1,4,34,230,0.9765070735753212,0.0633388738207202,21.112374703149023,-44.38858428790786,0.0873622848570144,1.0,14.267076476384064,0.9654941417245352,0.8051383651028265,0.1603557766217085,10,4.8828125,0.05,False,one-sided
sub-ccepAgeUMCU27,run-031551,T27-T28,early,standard,1,4,36,230,0.9701474221714396,0.0479958563545804,16.112471066930564,-59.56599057684717,0.0761568164830264,1.0,15.954028386433102,0.9764030841387948,0.7476281402214197,0.2287749439173751,10,4.8828125,0.05,False,one-sided
sub-ccepAgeUMCU27,run-031551,T27-T28,early,standard,1,4,38,230,0.984267512747618,0.0476094999661657,15.754048908019849,-30.083216783529927,0.0672808823155452,1.0,14.559628055796267,0.962876116383468,0.8633883346036403,0.0994877817798277,10,4.8828125,0.05,False,one-sided
sub-ccepAgeUMCU27,run-031551,T27-T28,early,standard,1,4,40,230,0.9873301976015376,0.0400422008160009,13.2119726077113,-24.4306499210406,0.0700525571639273,1.0,20.579122209284968,0.9581271398666588,0.8875501228136253,0.0705770170530333,10,4.8828125,0.05,False,one-sided
sub-ccepAgeUMCU27,run-031551,T27-T28,early,standard,1,4,42,230,0.9844478689733922,0.034121350739901,11.293011073400193,-30.87159942153377,0.062732074695387,1.0,28.33675259973106,0.9623936780827396,0.8600710889763503,0.1023225891063892,10,4.8828125,0.05,False,one-sided
sub-ccepAgeUMCU27,run-031551,T27-T28,early,standard,1,4,47,230,0.9937293791598816,0.0056402117419578,1.850004134843668,-12.849677623273273,0.0361458480158754,1.0,20.30524858420508,0.9474020787663804,0.939185220290692,0.0082168584756885,10,4.8828125,0.05,True,one-sided
sub-ccepAgeUMCU27,run-031551,T27-T28,early,standard,1,4,49,230,0.9427219364859156,0.0,0.0,-120.79904973322742,0.0913050966180666,0.7777777777777778,25.810605857513742,0.918068259274426,0.5544164776121265,0.3636517816622995,10,4.8828125,0.05,False,one-sided
sub-ccepAgeUMCU27,run-031551,T27-T28,early,standard,1,5,0,231,0.6031577344306694,0.1865234573262687,97.75762333900164,-941.8970370553328,0.4411486271397353,0.0,12.66209904808198,0.9459733619400448,0.0100608198033234,0.9359125421367214,10,4.8828125,0.05,False,one-sided
sub-ccepAgeUMCU27,run-031551,T27-T28,early,standard,1,5,2,231,0.6985623626174984,0.2083500456402978,94.47821735069196,-647.4157150393444,0.3698656162453558,0.0,40.22496098743383,0.9746850990146708,0.0423744562132066,0.9323106428014644,10,4.8828125,0.05,False,one-sided
sub-ccepAgeUMCU27,run-031551,T27-T28,early,standard,1,5,4,231,0.5595214229435375,0.0426798443325691,24.815097794218445,-1183.2783579859747,0.44724201532819,0.0,9.17756417902159,0.9409665124514566,0.0030957460328474,0.9378707664186092,10,4.8828125,0.05,False,one-sided
sub-ccepAgeUMCU27,run-031551,T27-T28,early,standard,1,5,6,231,0.5952003109616819,0.1215886357037716,65.68183205684673,-1020.7546493199796,0.4291171511542329,0.0,9.494229170272767,0.9136832015627387,0.0068455699323268,0.906837631630412,10,4.8828125,0.05,False,one-sided
sub-ccepAgeUMCU27,run-031551,T27-T28,early,standard,1,5,8,231,0.6600947914187901,0.1484070520100313,72.08358123868886,-800.1869427765608,0.3751452258224121,0.0,28.97511838967137,0.9559345480137376,0.020097440576523,0.9358371074372144,10,4.8828125,0.05,False,one-sided
sub-ccepAgeUMCU27,run-031551,T27-T28,early,standard,1,5,10,231,0.6401233892165601,0.097768759351478,49.401838539795584,-889.9879281880603,0.3771739366264733,0.0,33.34408923249216,0.9524185041531632,0.012963154944534,0.9394553492086292,10,4.8828125,0.05,False,one-sided
sub-ccepAgeUMCU27,run-031551,T27-T28,early,standard,1,5,12,231,0.6363066853931967,0.0,0.0,-925.8488261223176,0.3638152243046021,0.0,13.825246788326194,0.952384024871624,0.0108809010781545,0.9415031237934696,10,4.8828125,0.05,False,one-sided
sub-ccepAgeUMCU27,run-031551,T27-T28,early,standard,1,5,13,231,0.6572796634822247,0.0306717620797755,15.199303020709202,-857.2069274594984,0.3447751240002261,0.0,38.17665197123055,0.9596093259715238,0.0152133689655962,0.9443959570059276,10,4.8828125,0.05,False,one-sided
sub-ccepAgeUMCU27,run-031551,T27-T28,early,standard,1,5,15,231,0.6807869920123012,0.0693756049927706,33.10160190427645,-776.8888693939987,0.328431048346435,0.0,23.87517218129519,0.9694409867866596,0.0225188468506494,0.9469221399360104,10,4.8828125,0.05,False,one-sided
sub-ccepAgeUMCU27,run-031551,T27-T28,early,standard,1,5,17,231,0.7178260856444536,0.0274891542343152,12.476134888619823,-677.46865811424,0.2858475693011652,0.0,25.74514269185446,0.9671294955884344,0.0365910196952752,0.9305384758931592,10,4.8828125,0.05,False,one-sided
sub-ccepAgeUMCU27,run-031551,T27-T28,early,standard,1,5,19,231,0.7819158440753115,0.1108482037279948,45.90229297881277,-483.4491650692006,0.2499573748858747,0.0,40.7155918812556,0.9735575512519096,0.0943643782289474,0.8791931730229622,10,4.8828125,0.05,False,one-sided
sub-ccepAgeUMCU27,run-031551,T27-T28,early,standard,1,5,21,231,0.823343113660362,0.0994487439727783,39.1804783322135,-383.2632705283048,0.211043226833117,0.0,15.8729532196556,0.945638535333724,0.1539076259355956,0.7917309093981284,10,4.8828125,0.05,False,one-sided
sub-ccepAgeUMCU27,run-031551,T27-T28,early,standard,1,5,23,231,0.7913689448929813,0.0,0.0,-479.21355063763,0.2123628049720485,0.0,36.37048169707831,0.980536565205621,0.0963363162751949,0.8842002489304261,10,4.8828125,0.05,False,one-sided
sub-ccepAgeUMCU27,run-031551,T27-T28,early,standard,1,5,24,231,0.849953672468335,0.0172676054098608,6.6210551582698685,-332.5278369510231,0.1633698755238817,0.0,23.257449694115103,0.9182442375615956,0.1971735292447572,0.7210707083168382,10,4.8828125,0.05,False,one-sided
sub-ccepAgeUMCU27,run-031551,T27-T28,early,standard,1,5,26,231,0.8523272198639503,0.0,0.0,-327.23919874486154,0.1634151424698457,0.0,29.69526716017463,0.9203868941272848,0.2023315379302651,0.7180553561970197,10,4.8828125,0.05,False,one-sided
sub-ccepAgeUMCU27,run-031551,T27-T28,early,standard,1,5,27,231,0.889218055057472,0.0640357283512157,23.43230999872043,-235.1647100810281,0.1354193484342719,0.0,15.721785573078703,0.9642073801213308,0.3171865520451514,0.6470208280761794,10,4.8828125,0.05,False,one-sided
sub-ccepAgeUMCU27,run-031551,T27-T28,early,standard,1,5,29,231,0.9360436318829284,0.0844252296845613,29.319241103880888,-127.06241003609794,0.1104445191860458,0.0,21.49238331203498,0.9773881629831228,0.537717513799093,0.4396706491840296,10,4.8828125,0.05,False,one-sided
sub-ccepAgeUMCU27,run-031551,T27-T28,early,standard,1,5,31,231,0.950727369090372,0.0781054234432311,26.71782384075055,-96.59327968392104,0.1026911100418478,0.3333333333333333,15.341667811868954,0.971187078339959,0.6239738157347704,0.3472132626051886,10,4.8828125,0.05,False,one-sided
sub-ccepAgeUMCU27,run-031551,T27-T28,early,standard,1,5,33,231,0.9252816838613928,0.0519589995071716,18.28441313072525,-155.8177078660238,0.0984760468137005,0.6666666666666666,22.9400333706582,0.8729590503236103,0.4672790549554326,0.4056799953681776,10,4.8828125,0.05,False,one-sided
sub-ccepAgeUMCU27,run-031551,T27-T28,early,standard,1,5,35,231,0.9757090288001474,0.0617375809020046,20.59684878345855,-46.27051227371788,0.0770670403344204,1.0,20.926757450502954,0.9669738856891756,0.797773755842765,0.1692001298464107,10,4.8828125,0.05,False,one-sided
sub-ccepAgeUMCU27,run-031551,T27-T28,early,standard,1,5,37,231,0.916701589919241,0.0,0.0,-178.12127666509056,0.0933251998482052,0.8888888888888888,24.073321469462968,0.9723817018891048,0.4190635096442553,0.5533181922448496,10,4.8828125,0.05,False,one-sided
sub-ccepAgeUMCU27,run-031551,T27-T28,early,standard,1,5,38,231,0.9498488888400256,0.0475242437096445,16.29479026484447,-102.81423058015694,0.0833889239298319,1.0,18.784482557829023,0.9468770958519652,0.6053051243884823,0.341571971463483,10,4.8828125,0.05,False,one-sided
sub-ccepAgeUMCU27,run-031551,T27-T28,early,standard,1,5,40,231,0.9874288163720156,0.0441656237009616,14.569320292589175,-23.862427521478363,0.0579762363384765,1.0,18.420280108125493,0.9810791182027034,0.890016070762716,0.0910630474399873,10,4.8828125,0.05,False,one-sided
sub-ccepAgeUMCU27,run-031551,T27-T28,early,standard,1,5,42,231,0.978287746747038,0.0384657821379672,12.809564876517085,-43.3746291761192,0.0622893411398908,1.0,31.46823563382513,0.9145040711152936,0.8091344511145588,0.1053696200007346,10,4.8828125,0.05,False,one-sided
sub-ccepAgeUMCU27,run-031551,T27-T28,early,standard,1,5,44,231,0.992476813724184,0.0290950345678228,9.552657939285634,-14.586083470292774,0.0523825169376009,1.0,12.984748732566173,0.9436520593923592,0.9312559587093336,0.0123961006830255,10,4.8828125,0.05,True,one-sided
sub-ccepAgeUMCU27,run-031551,T27-T28,early,standard,1,5,46,231,0.996433362816599,0.0140089796583724,4.582259884814172,-7.115147443935715,0.0387129673598562,1.0,18.164973728237293,0.9696472864135474,0.965854641356235,0.0037926450573123,10,4.8828125,0.05,True,one-sided
sub-ccepAgeUMCU27,run-031551,T27-T28,early,standard,1,5,48,231,0.9977264633279516,0.0014632014521845,0.4780159683330473,-4.65930182294214,0.0440139760175621,1.0,32.07348478561293,0.9418006387467464,0.9775063439372114,-0.0357057051904649,10,4.8828125,0.05,True,one-sided
sub-ccepAgeUMCU27,run-031551,T27-T28,early,standard,1,6,0,232,0.5794801359710688,0.1686409578347982,92.30854515654204,-1034.189335088957,0.4575592688311029,0.0,5.71630596716221,0.9424205999084307,0.0064109192298454,0.9360096806785854,10,4.8828125,0.05,False,one-sided
sub-ccepAgeUMCU27,run-031551,T27-T28,early,standard,1,6,2,232,0.5778720248083067,0.1027528074670342,57.35833889887364,-1091.2542482151996,0.4378757863180728,0.0,4.926702881737865,0.9412483825291468,0.0048518758099771,0.9363965067191696,10,4.8828125,0.05,False,one-sided
sub-ccepAgeUMCU27,run-031551,T27-T28,early,standard,1,6,4,232,0.6119945912714438,0.1603803995861612,83.5402664675349,-937.618238492581,0.4265062602821743,0.0,6.579232280046712,0.9606289286521806,0.0102732273399831,0.9503557013121976,10,4.8828125,0.05,False,one-sided
sub-ccepAgeUMCU27,run-031551,T27-T28,early,standard,1,6,6,232,0.6753641284250975,0.193869473894986,91.11672492557882,-722.7627754769318,0.381418062721143,0.0,27.098451104032105,0.9550699106064048,0.0293308588348428,0.925739051771562,10,4.8828125,0.05,False,one-sided
sub-ccepAgeUMCU27,run-031551,T27-T28,early,standard,1,6,8,232,0.6985007386906956,0.1389868106946737,64.02081665086178,-695.1006525298188,0.3372831618692637,0.0,44.397136233237646,0.9541764317628332,0.0335725619271582,0.9206038698356748,10,4.8828125,0.05,False,one-sided
sub-ccepAgeUMCU27,run-031551,T27-T28,early,standard,1,6,10,232,0.6528128660011019,0.0274787283828394,13.712028642855657,-871.5871193499468,0.3530939232223106,0.0,25.757870535985244,0.9708600455074744,0.0141817907163437,0.9566782547911308,10,4.8828125,0.05,False,one-sided
sub-ccepAgeUMCU27,run-031551,T27-T28,early,standard,1,6,12,232,0.6536997956477553,0.0,0.0,-870.6192608708741,0.3492405051951341,0.0,13.420152269000235,0.9772964601624884,0.0142489706534655,0.9630474895090227,10,4.8828125,0.05,False,one-sided
sub-ccepAgeUMCU27,run-031551,T27-T28,early,standard,1,6,13,232,0.7042029444863958,0.0620775513159678,28.65930382351418,-710.2837570014304,0.3060230222616213,0.0,14.396677460178037,0.9594880282037752,0.0311736401818468,0.9283143880219284,10,4.8828125,0.05,False,one-sided
sub-ccepAgeUMCU27,run-031551,T27-T28,early,standard,1,6,15,232,0.7002588458486374,0.0,0.0,-729.7131161736385,0.3087553835644492,0.0,16.72267504332232,0.9570687540994824,0.0283521525197921,0.9287166015796902,10,4.8828125,0.05,False,one-sided
sub-ccepAgeUMCU27,run-031551,T27-T28,early,standard,1,6,16,232,0.7737075451185719,0.1090253957147043,45.630039454017606,-505.3038239797804,0.2546080702388064,0.0,23.43739266811712,0.937391963488158,0.0848132220424844,0.8525787414456737,10,4.8828125,0.05,False,one-sided
sub-ccepAgeUMCU27,run-031551,T27-T28,early,standard,1,6,18,232,0.7391483071860565,0.0,0.0,-619.021704918478,0.2671476839699672,0.0,12.309053172968826,0.9574296188449064,0.0486761102493337,0.9087535085955728,10,4.8828125,0.05,False,one-sided
sub-ccepAgeUMCU27,run-031551,T27-T28,early,standard,1,6,19,232,0.8848476307731545,0.1100210968101189,40.32128114608869,-234.8418369681808,0.1660279520612004,0.0,16.157933507168067,0.9475764282387524,0.3176870001838632,0.6298894280548892,10,4.8828125,0.05,False,one-sided
sub-ccepAgeUMCU27,run-031551,T27-T28,early,standard,1,6,21,232,0.8571383186726369,0.0912234508883147,34.56001529815414,-304.1778848843912,0.1745066406218581,0.0,18.92793405836178,0.9174899682960648,0.2264471762863882,0.6910427920096767,10,4.8828125,0.05,False,one-sided
sub-ccepAgeUMCU27,run-031551,T27-T28,early,standard,1,6,23,232,0.8159953929674222,0.0,0.0,-416.45377516999713,0.1862003525780907,0.0,42.71959421463554,0.949305237723622,0.1308811395843783,0.8184240981392438,10,4.8828125,0.05,False,one-sided
sub-ccepAgeUMCU27,run-031551,T27-T28,early,standard,1,6,24,232,0.8451311720582426,0.0167235417325943,6.449076754478505,-344.2026174483937,0.1621355824562712,0.0,68.834000986619,0.9478608233955924,0.1862478727973943,0.7616129505981979,10,4.8828125,0.05,False,one-sided
sub-ccepAgeUMCU27,run-031551,T27-T28,early,standard,1,6,26,232,0.928737953571862,0.0857606541564523,30.01339482425536,-142.71138089256326,0.1137042220305827,0.0,30.04149752044188,0.9606649643963648,0.4981605250128301,0.4625044393835347,10,4.8828125,0.05,False,one-sided
sub-ccepAgeUMCU27,run-031551,T27-T28,early,standard,1,6,28,232,0.963067067943118,0.0870113847251132,29.369199180691737,-68.74602106398963,0.108808863179258,0.1111111111111111,14.67124029715012,0.9768072336230336,0.7148561602681875,0.2619510733548459,10,4.8828125,0.05,False,one-sided
sub-ccepAgeUMCU27,run-031551,T27-T28,early,standard,1,6,30,232,0.8859536319996477,0.0,0.0,-247.99367952938715,0.1184300072607734,0.0,38.29479978055423,0.8918257321686812,0.2979270448683399,0.5938986873003413,10,4.8828125,0.05,False,one-sided
sub-ccepAgeUMCU27,run-031551,T27-T28,early,standard,1,6,31,232,0.9627520810343904,0.0714370060974538,24.14147033875797,-72.11829986618734,0.087262493833804,0.7777777777777778,19.20871856303048,0.9679200361906192,0.7031815739724225,0.2647384622181967,10,4.8828125,0.05,False,one-sided
sub-ccepAgeUMCU27,run-031551,T27-T28,early,standard,1,6,33,232,0.979860101658112,0.0647512120320668,21.50814419655848,-37.20561157255933,0.0785526429601147,1.0,8.345408298575151,0.9622699286425092,0.8338781209463166,0.1283918076961925,10,4.8828125,0.05,False,one-sided
sub-ccepAgeUMCU27,run-031551,T27-T28,early,standard,1,6,35,232,0.9215825538915852,0.0,0.0,-167.24565905173483,0.0888998359818992,0.7777777777777778,25.054355289622528,0.7717573279963857,0.4419187688888971,0.3298385591074886,10,4.8828125,0.05,False,one-sided
sub-ccepAgeUMCU27,run-031551,T27-T28,early,standard,1,6,36,232,0.9337435098437644,0.0308935021825487,10.780309728393442,-139.27723569056567,0.0818539477645398,1.0,31.16178089694303,0.9540955367275388,0.5065842520869085,0.4475112846406304,10,4.8828125,0.05,False,one-sided
sub-ccepAgeUMCU27,run-031551,T27-T28,early,standard,1,6,38,232,0.990639617243682,0.0457940545454112,15.056860446281508,-17.074483200439687,0.0566572497152056,1.0,14.729920401641431,0.9748868490758646,0.9200093002689592,0.0548775488069055,10,4.8828125,0.05,False,one-sided
sub-ccepAgeUMCU27,run-031551,T27-T28,early,standard,1,6,40,232,0.9828817688965292,0.039844104230367,13.206117112874509,-33.68028110602989,0.0516350818358492,1.0,13.250838418727792,0.9289580205219752,0.8483563583266142,0.0806016621953611,10,4.8828125,0.05,False,one-sided
sub-ccepAgeUMCU27,run-031551,T27-T28,early,standard,1,6,42,232,0.996122210996062,0.0246697277569458,8.070734301119767,-7.329279166817457,0.0486102887450847,1.0,11.74653575769333,0.9655856337581054,0.964845305252054,0.0007403285060512,10,4.8828125,0.05,True,one-sided
sub-ccepAgeUMCU27,run-031551,T27-T28,early,standard,1,6,46,232,0.9926184715096662,0.0153944412865924,5.054717012524586,-14.927171445546334,0.0446918007409234,1.0,16.720746426785517,0.9308640194204316,0.9297062719599192,0.0011577474605123,10,4.8828125,0.05,True,one-sided
sub-ccepAgeUMCU27,run-031551,T27-T28,early,standard,1,6,48,232,0.966872066148083,0.0079438017165818,2.677932921460896,-68.92614041341761,0.0601392217606858,1.0,47.485025443879294,0.8790357258965755,0.714227728520788,0.1648079973757875,10,4.8828125,0.05,False,one-sided
sub-ccepAgeUMCU27,run-031551,T27-T28,early,standard,1,7,0,233,0.6012824975810114,0.143251601496455,76.23414022121314,-985.2654196105352,0.4314181765743356,0.0,9.849330660008446,0.9596887959908652,0.0081408042088477,0.9515479917820177,10,4.8828125,0.05,False,one-sided
sub-ccepAgeUMCU27,run-031551,T27-T28,early,standard,1,7,2,233,0.6524910066430862,0.1768746695362921,86.28350464444985,-801.8002711257018,0.3957836556516863,0.0,10.993948753872337,0.9884577267208782,0.0199397433358159,0.9685179833850622,10,4.8828125,0.05,False,one-sided
sub-ccepAgeUMCU27,run-031551,T27-T28,early,standard,1,7,4,233,0.5884359265894361,0.0,0.0,-1086.0282552587328,0.4152157703475711,0.0,7.677721210880881,0.9711596663321048,0.0049772769228832,0.9661823894092214,10,4.8828125,0.05,False,one-sided
sub-ccepAgeUMCU27,run-031551,T27-T28,early,standard,1,7,5,233,0.6217406293944376,0.1059395926981526,55.01081432947217,-943.9688778502114,0.4004846813191157,0.0,9.504629306093545,0.9717465545198276,0.0099595535132439,0.9617870010065838,10,4.8828125,0.05,False,one-sided
sub-ccepAgeUMCU27,run-031551,T27-T28,early,standard,1,7,7,233,0.6422841903973622,0.0600232700266029,30.37266984848069,-897.7953833233476,0.3669531404681719,0.0,7.703823521407032,0.9756619960477292,0.012478270340795,0.963183725706934,10,4.8828125,0.05,False,one-sided
sub-ccepAgeUMCU27,run-031551,T27-T28,early,standard,1,7,9,233,0.713339133660811,0.0578966762944052,26.397132450469808,-685.0875820154364,0.2979029314852053,0.0,13.738269536169788,0.9722093174855362,0.0352547781322181,0.936954539353318,10,4.8828125,0.05,False,one-sided
sub-ccepAgeUMCU27,run-031551,T27-T28,early,standard,1,7,11,233,0.7143845772613219,0.0158034098762725,7.209381195191753,-688.3107078414648,0.2942012241442469,0.0,17.95049400162429,0.9614570467410172,0.0347042844617145,0.9267527622793024,10,4.8828125,0.05,False,one-sided
sub-ccepAgeUMCU27,run-031551,T27-T28,early,standard,1,7,13,233,0.7894727638876703,0.1433383972045074,58.54234997301344,-450.91507062276935,0.2606994963865736,0.0,12.572395535740824,0.9562385616343176,0.1106112205651584,0.845627341069159,10,4.8828125,0.05,False,one-sided
sub-ccepAgeUMCU27,run-031551,T27-T28,early,standard,1,7,15,233,0.8139502402684533,0.0293398936468916,11.74418195440485,-420.2635235541919,0.1983608851226623,0.0,25.244683077001504,0.9637951238974496,0.1284689566780618,0.8353261672193879,10,4.8828125,0.05,False,one-sided
sub-ccepAgeUMCU27,run-031551,T27-T28,early,standard,1,7,17,233,0.9183484318106216,0.1270490723097566,44.80908719584199,-155.03183600656007,0.1619374632359969,0.0,11.477144172494707,0.9493155041899904,0.4690755731433524,0.4802399310466379,10,4.8828125,0.05,False,one-sided
sub-ccepAgeUMCU27,run-031551,T27-T28,early,standard,1,7,19,233,0.8345707652386537,0.0,0.0,-370.355691332683,0.1731335641122637,0.0,43.26694786901602,0.9694833664313414,0.1639198977083993,0.805563468722942,10,4.8828125,0.05,False,one-sided
sub-ccepAgeUMCU27,run-031551,T27-T28,early,standard,1,7,20,233,0.8786801979562031,0.0888436896571494,32.84523482751451,-254.4610714648672,0.1578061645075354,0.0,70.87443369476117,0.9767683548207656,0.2886657887102064,0.6881025661105593,10,4.8828125,0.05,False,one-sided
sub-ccepAgeUMCU27,run-031551,T27-T28,early,standard,1,7,22,233,0.87712588060189,0.078409619614673,29.06060421044969,-260.35203230402584,0.1555136630156788,0.0,81.7762847900976,0.9736718415656684,0.2804807573179776,0.6931910842476907,10,4.8828125,0.05,False,one-sided
sub-ccepAgeUMCU27,run-031551,T27-T28,early,standard,1,7,24,233,0.9427583371613928,0.100482407730968,34.610130963250256,-109.15288474613578,0.1284569425364989,0.0,10.953016682848848,0.9606170883417352,0.5868576046783966,0.3737594836633384,10,4.8828125,0.05,False,one-sided
sub-ccepAgeUMCU27,run-031551,T27-T28,early,standard,1,7,26,233,0.894755850289382,0.0242881416852744,8.845720014945758,-226.99233532109628,0.1225904020891179,0.0,64.67962152156109,0.9649307159781338,0.3300995470413653,0.6348311689367685,10,4.8828125,0.05,False,one-sided
sub-ccepAgeUMCU27,run-031551,T27-T28,early,standard,1,7,28,233,0.9707318165701404,0.0850948334724882,28.50002716070501,-52.997217620463935,0.0972623070009503,0.7777777777777778,11.780383581466984,0.9656362670997688,0.7719963347803932,0.1936399323193756,10,4.8828125,0.05,False,one-sided
sub-ccepAgeUMCU27,run-031551,T27-T28,early,standard,1,7,30,233,0.9492580046451328,0.0601849462190939,20.63824551269359,-102.54082751514731,0.0961042106398696,0.6666666666666666,17.6618967640048,0.9473991353572992,0.6061137317593148,0.3412854035979843,10,4.8828125,0.05,False,one-sided
sub-ccepAgeUMCU27,run-031551,T27-T28,early,standard,1,7,32,233,0.9798494914028624,0.0663435945474472,22.035726348480534,-37.00603815638712,0.0848400483588393,0.7777777777777778,11.316038258976585,0.9730332654752252,0.8346911141983342,0.1383421512768909,10,4.8828125,0.05,False,one-sided
sub-ccepAgeUMCU27,run-031551,T27-T28,early,standard,1,7,34,233,0.986215769783562,0.0587452032773588,19.39267387906224,-24.79960882922353,0.0706003057370684,0.8888888888888888,13.673123340520563,0.9801356875213952,0.8859525899825866,0.0941830975388086,10,4.8828125,0.05,False,one-sided
sub-ccepAgeUMCU27,run-031551,T27-T28,early,standard,1,7,36,233,0.9369435588384796,0.0053396533406788,1.857569258252942,-133.3575587424473,0.0823717911453533,0.8888888888888888,155.71043690663015,0.9553316237490086,0.5214405783272239,0.4338910454217847,10,4.8828125,0.05,False,one-sided
sub-ccepAgeUMCU27,run-031551,T27-T28,early,standard,1,7,38,233,0.9512889617375936,0.0422138932538369,14.454670917387826,-100.25736035061738,0.0833212110363293,0.7777777777777778,42.1741486652264,0.911793928651652,0.6129095589569927,0.2988843696946592,10,4.8828125,0.05,False,one-sided
sub-ccepAgeUMCU27,run-031551,T27-T28,early,standard,1,7,40,233,0.9832350723752326,0.0456801002775809,15.132392488761337,-32.417780232947,0.0632744933884402,1.0,17.16269448130507,0.950357847006483,0.8536022504774613,0.0967555965290216,10,4.8828125,0.05,False,one-sided
sub-ccepAgeUMCU27,run-031551,T27-T28,early,standard,1,7,42,233,0.979967952037376,0.0386423150632205,12.846251036382077,-39.85113813511232,0.0770945720808112,1.0,26.29500705405403,0.8937986754423287,0.8231756822383995,0.0706229932039291,10,4.8828125,0.05,False,one-sided
sub-ccepAgeUMCU27,run-031551,T27-T28,early,standard,1,7,46,233,0.9982788836603054,0.0190548390191407,6.220864588869624,-3.1548669195799266,0.0400253259972687,1.0,16.27232235782572,0.9872432051400648,0.9847134206638822,0.0025297844761826,10,4.8828125,0.05,True,one-sided
sub-ccepAgeUMCU27,run-031551,T27-T28,early,standard,1,7,48,233,0.9877857447461542,0.022606267011742,7.458309092375216,-24.632629108002096,0.0517928346986433,1.0,17.745949111709955,0.926040663221914,0.886675228856177,0.039365434365737,10,4.8828125,0.05,True,one-sided
sub-ccepAgeUMCU27,run-031551,T27-T28,early,standard,1,8,0,234,0.5671637247977438,0.1746689290633668,97.3779500896479,-1068.6481655849686,0.4725807367102989,0.0,3.0533119970075053,0.9499560739898112,0.0054181078967456,0.9445379660930656,10,4.8828125,0.05,False,one-sided
sub-ccepAgeUMCU27,run-031551,T27-T28,early,standard,1,8,4,234,0.5512826630342738,0.0364343820566391,21.51077365352033,-1215.1365627752307,0.4569131773192854,0.0,3.8202546173344487,0.9293389794255504,0.0026497658591482,0.926689213566402,10,4.8828125,0.05,False,one-sided
sub-ccepAgeUMCU27,run-031551,T27-T28,early,standard,1,8,6,234,0.5641785814599706,0.0,0.0,-1172.2433409181797,0.4430809956040638,0.0,2.241156644536368,0.923612140387623,0.0032671264624184,0.9203450139252044,10,4.8828125,0.05,False,one-sided
sub-ccepAgeUMCU27,run-031551,T27-T28,early,standard,1,8,7,234,0.6474203790341799,0.1568022954108772,77.45203273592396,-832.0166220256543,0.3895754679194884,0.0,15.795840962649256,0.9672307346988264,0.0172045540091346,0.9500261806896918,10,4.8828125,0.05,False,one-sided
sub-ccepAgeUMCU27,run-031551,T27-T28,early,standard,1,8,9,234,0.6556081214167435,0.0549376110636623,27.24972312907609,-857.4840706903748,0.3521094002012619,0.0,24.4489415261646,0.9912918502131042,0.0151927955735235,0.9760990546395806,10,4.8828125,0.05,False,one-sided
sub-ccepAgeUMCU27,run-031551,T27-T28,early,standard,1,8,11,234,0.6660168496898597,0.0,0.0,-832.3897526828217,0.3407592695569458,0.0,20.81269450696963,0.9548349707276388,0.0171732371042473,0.9376617336233914,10,4.8828125,0.05,False,one-sided
sub-ccepAgeUMCU27,run-031551,T27-T28,early,standard,1,8,12,234,0.7142031567496389,0.1269894474531168,57.35624867163565,-657.4594197298389,0.3186817371982203,0.0,13.778270917084004,0.9791810749994068,0.0403464820920043,0.9388345929074025,10,4.8828125,0.05,False,one-sided
sub-ccepAgeUMCU27,run-031551,T27-T28,early,standard,1,8,14,234,0.7084181710441734,0.0,0.0,-705.9880398393295,0.2980074397887545,0.0,30.234925094288585,0.9429452916319144,0.0318344186897766,0.9111108729421376,10,4.8828125,0.05,False,one-sided
sub-ccepAgeUMCU27,run-031551,T27-T28,early,standard,1,8,15,234,0.7716592716321572,0.1279721519541942,53.56796892732183,-503.0838260967432,0.2675482952836802,0.0,20.15267624688783,0.9665529695753416,0.0857375841551437,0.8808153854201979,10,4.8828125,0.05,False,one-sided
sub-ccepAgeUMCU27,run-031551,T27-T28,early,standard,1,8,17,234,0.7367912223353492,0.0727281964755399,32.07036162191781,-615.6339582654844,0.2786503943060027,0.0,12.257662377001376,0.9652072962727968,0.0494879938731998,0.9157193023995972,10,4.8828125,0.05,False,one-sided
sub-ccepAgeUMCU27,run-031551,T27-T28,early,standard,1,8,19,234,0.7682219104108756,0.0,0.0,-540.0097622503063,0.2358155719326511,0.0,64.05646875350584,0.9856816109797816,0.071592395608731,0.9140892153710504,10,4.8828125,0.05,False,one-sided
sub-ccepAgeUMCU27,run-031551,T27-T28,early,standard,1,8,20,234,0.7922702028654932,0.0,0.0,-476.88249367987805,0.2161724265025439,0.0,64.52690503960855,0.98393773509505,0.0974390912641103,0.8864986438309397,10,4.8828125,0.05,False,one-sided
sub-ccepAgeUMCU27,run-031551,T27-T28,early,standard,1,8,21,234,0.8094030928575925,0.0,0.0,-433.06644556690856,0.1983219999106021,0.0,29.14036923011475,0.9709114361803788,0.1206836941855773,0.8502277419948013,10,4.8828125,0.05,False,one-sided
sub-ccepAgeUMCU27,run-031551,T27-T28,early,standard,1,8,22,234,0.8498236349043055,0.0789195324515538,30.18296943295224,-324.4705800820932,0.1824358933526713,0.0,23.544331132397,0.9652880892881088,0.2050853583509274,0.7602027309371815,10,4.8828125,0.05,False,one-sided
sub-ccepAgeUMCU27,run-031551,T27-T28,early,standard,1,8,24,234,0.9057049982172128,0.0949991763001807,34.06418627524282,-191.63288501901968,0.1468227348759475,0.0,16.07015212184483,0.956822087579843,0.3923082302989502,0.5645138572808928,10,4.8828125,0.05,False,one-sided
sub-ccepAgeUMCU27,run-031551,T27-T28,early,standard,1,8,26,234,0.8856182703234192,0.0297529249924042,10.94636366340661,-247.6139552836381,0.1185438660946431,0.0,31.318560813374265,0.908822891507832,0.2984799504630231,0.6103429410448089,10,4.8828125,0.05,False,one-sided
sub-ccepAgeUMCU27,run-031551,T27-T28,early,standard,1,8,28,234,0.9125144817103598,0.0728465552293181,25.96565612507115,-180.9919458812988,0.1290289396836793,0.0,15.969911956109575,0.9525855286877118,0.4132304977597378,0.539355030927974,10,4.8828125,0.05,False,one-sided
sub-ccepAgeUMCU27,run-031551,T27-T28,early,standard,1,8,30,234,0.9290920379591568,0.0827782198562232,28.96424479721297,-142.5287383048508,0.1216571314025058,0.0,20.102502097197043,0.9805195187109365,0.4986049874651634,0.481914531245773,10,4.8828125,0.05,False,one-sided
sub-ccepAgeUMCU27,run-031551,T27-T28,early,standard,1,8,32,234,0.9559852472018596,0.0831021602738918,28.263168872968343,-84.47741551076099,0.1030175029107317,0.3333333333333333,10.8619825927091,0.9577918052967216,0.6620015508172441,0.2957902544794776,10,4.8828125,0.05,False,one-sided
sub-ccepAgeUMCU27,run-031551,T27-T28,early,standard,1,8,34,234,0.9294250988470392,0.0381146045407908,13.359303884563364,-148.1705530042118,0.0956872158936528,0.6666666666666666,20.04721699535323,0.961549435010647,0.4850569227964864,0.4764925122141606,10,4.8828125,0.05,False,one-sided
sub-ccepAgeUMCU27,run-031551,T27-T28,early,standard,1,8,36,234,0.9694702027128428,0.0546532272443713,18.355743950470178,-60.25016720243875,0.0756055456743778,0.8888888888888888,22.40774127474909,0.9358016329773526,0.745134701515316,0.1906669314620366,10,4.8828125,0.05,False,one-sided
sub-ccepAgeUMCU27,run-031551,T27-T28,early,standard,1,8,38,234,0.9801328140380244,0.0537407117115312,17.85393392335404,-38.02374320175661,0.0665524027908276,1.0,19.292835546950148,0.9445032980120678,0.83055360330142,0.1139496947106477,10,4.8828125,0.05,False,one-sided
sub-ccepAgeUMCU27,run-031551,T27-T28,early,standard,1,8,40,234,0.989166192212296,0.0386432699806737,12.727230088335116,-20.74707246491145,0.0635585666493604,0.8888888888888888,9.21666869477972,0.9721349243710582,0.9036582204785588,0.0684767038924992,10,4.8828125,0.05,False,one-sided
sub-ccepAgeUMCU27,run-031551,T27-T28,early,standard,1,8,42,234,0.9970950223677972,0.0207631156128091,6.786460043102689,-5.51411905196029,0.0517245277218298,1.0,8.922327833056018,0.955014689678094,0.9734348212330208,-0.0184201315549267,10,4.8828125,0.05,True,one-sided
sub-ccepAgeUMCU27,run-031551,T27-T28,early,standard,1,8,44,234,0.9890509584726024,0.0249723139919841,8.228069296117603,-21.89470711664609,0.0482242375971613,1.0,18.39197063798779,0.9278804824720364,0.8986085661727464,0.02927191629929,10,4.8828125,0.05,True,one-sided
sub-ccepAgeUMCU27,run-031551,T27-T28,early,standard,1,8,46,234,0.9962477788496344,0.0056730265798543,1.8560635503457128,-7.665798342891367,0.0345889962911619,1.0,18.08834250942673,0.9676726591511708,0.9632612118181731,0.0044114473329975,10,4.8828125,0.05,True,one-sided
sub-ccepAgeUMCU27,run-031551,T27-T28,early,standard,1,8,48,234,0.967849784273084,0.0159294916103311,5.3641983914721685,-66.64798249448383,0.0562588534250558,1.0,31.00205001454076,0.8501576217488017,0.7222170210931816,0.12794060065562,10,4.8828125,0.05,False,one-sided
sub-ccepAgeUMCU27,run-031551,T27-T28,early,standard,1,9,2,235,0.5913845625245395,0.1824919375395224,97.56102997221058,-982.649288979455,0.4493186423391386,0.0,6.848555359515832,0.9556134343263964,0.0082454624884236,0.9473679718379728,10,4.8828125,0.05,False,one-sided
sub-ccepAgeUMCU27,run-031551,T27-T28,early,standard,1,9,4,235,0.551743258403305,0.0,0.0,-1217.8891827019838,0.4523899310007925,0.0,6.063564471070933,0.9639212720973884,0.0026143898780734,0.9613068822193152,10,4.8828125,0.05,False,one-sided
sub-ccepAgeUMCU27,run-031551,T27-T28,early,standard,1,9,5,235,0.5811569218230879,0.0,0.0,-1111.5201933340302,0.4221385078578707,0.0,8.560599534269244,0.9767331291902704,0.004394749728714,0.9723383794615562,10,4.8828125,0.05,False,one-sided
sub-ccepAgeUMCU27,run-031551,T27-T28,early,standard,1,9,6,235,0.6587028011253169,0.1156831751480708,56.66622950555242,-823.8985412984085,0.3629840760917941,0.0,8.203123033691657,0.9796340518383448,0.0179002232135288,0.961733828624816,10,4.8828125,0.05,False,one-sided
sub-ccepAgeUMCU27,run-031551,T27-T28,early,standard,1,9,8,235,0.6214292326519155,0.0575835575719468,30.117469718088174,-965.5466845063314,0.3850364879291285,0.0,11.365018548088509,0.979794369899024,0.008963599341482,0.970830770557542,10,4.8828125,0.05,False,one-sided
sub-ccepAgeUMCU27,run-031551,T27-T28,early,standard,1,9,10,235,0.624662879103645,0.0101832972769766,5.3131776808923945,-963.4003090099144,0.3817668999617569,0.0,10.225881205241132,0.9773788398121648,0.0090580349866889,0.9683208048254758,10,4.8828125,0.05,False,one-sided
sub-ccepAgeUMCU27,run-031551,T27-T28,early,standard,1,9,12,235,0.7009222371856353,0.0234729675961994,10.91153803678061,-726.6260938363091,0.3077495891212529,0.0,9.587877617695431,0.9654040293680932,0.0287827516063845,0.9366212777617088,10,4.8828125,0.05,False,one-sided
sub-ccepAgeUMCU27,run-031551,T27-T28,early,standard,1,9,14,235,0.7494962112765017,0.0,0.0,-590.549025696959,0.2568474222753208,0.0,12.370750272348204,0.9820300985914135,0.0559363878846779,0.9260937107067356,10,4.8828125,0.05,False,one-sided
sub-ccepAgeUMCU27,run-031551,T27-T28,early,standard,1,9,15,235,0.7935613685941285,0.0593343444098339,24.32586876064854,-467.8388396205469,0.2199174930996229,0.0,19.15673250249261,0.9683822571308224,0.1018382677823532,0.8665439893484692,10,4.8828125,0.05,False,one-sided
sub-ccepAgeUMCU27,run-031551,T27-T28,early,standard,1,9,17,235,0.8442076752252832,0.1230984124030055,47.19578668473408,-325.2984679967036,0.2063865305385195,0.0,10.401676672656906,0.9487018396669789,0.2042579903094381,0.7444438493575407,10,4.8828125,0.05,False,one-sided
sub-ccepAgeUMCU27,run-031551,T27-T28,early,standard,1,9,19,235,0.8248057997161503,0.0632875715216674,24.96126941725132,-388.44862339491726,0.1943503107689806,0.0,20.22515528660166,0.9680161644985013,0.15005974053809,0.8179564239604112,10,4.8828125,0.05,False,one-sided
sub-ccepAgeUMCU27,run-031551,T27-T28,early,standard,1,9,21,235,0.8791733586694248,0.0910517794722318,33.637093328032634,-252.80278018965825,0.1618374270119736,0.0,16.583737236682268,0.971970537250353,0.2910126403442816,0.6809578969060713,10,4.8828125,0.05,False,one-sided
sub-ccepAgeUMCU27,run-031551,T27-T28,early,standard,1,9,23,235,0.8644386113010797,0.0,0.0,-298.34237341881845,0.1518318356950856,0.0,34.68834083920196,0.9675921664621472,0.2329923006905271,0.7345998657716202,10,4.8828125,0.05,False,one-sided
sub-ccepAgeUMCU27,run-031551,T27-T28,early,standard,1,9,24,235,0.9388725531677188,0.0977777528753811,33.82366889779878,-118.13225979401687,0.1303140802527303,0.0,8.178509649046674,0.9672769660438456,0.5616829833699357,0.40559398267391,10,4.8828125,0.05,False,one-sided
sub-ccepAgeUMCU27,run-031551,T27-T28,early,standard,1,9,26,235,0.8900109996853478,0.0,0.0,-238.63594421310623,0.1130636412964819,0.0,33.28404283008622,0.958279094969572,0.3118557395450861,0.6464233554244859,10,4.8828125,0.05,False,one-sided
sub-ccepAgeUMCU27,run-031551,T27-T28,early,standard,1,9,27,235,0.9055145436939398,0.0492096570446078,17.69611786431768,-200.2482357474724,0.1246505535965556,0.0,24.599544416756988,0.9540448726125684,0.3761472504909199,0.5778976221216485,10,4.8828125,0.05,False,one-sided
sub-ccepAgeUMCU27,run-031551,T27-T28,early,standard,1,9,29,235,0.9735811728437358,0.0770696847849952,25.74878788266872,-48.43646456304313,0.1015578843658853,0.3333333333333333,8.018009245293106,0.933512121241974,0.789381008155818,0.1441311130861559,10,4.8828125,0.05,False,one-sided
sub-ccepAgeUMCU27,run-031551,T27-T28,early,standard,1,9,31,235,0.9508584103065824,0.0614750848297139,21.044051611483503,-98.92764691381116,0.0997462621918475,0.5555555555555556,12.92746330830036,0.9737404051849018,0.6169019690370239,0.3568384361478779,10,4.8828125,0.05,False,one-sided
sub-ccepAgeUMCU27,run-031551,T27-T28,early,standard,1,9,33,235,0.9726567517627672,0.0629736622742083,21.073841322727795,-52.49540436330298,0.0843461060186987,1.0,14.246061779297408,0.9727272495909088,0.773890245893998,0.1988370036969108,10,4.8828125,0.05,False,one-sided
sub-ccepAgeUMCU27,run-031551,T27-T28,early,standard,1,9,35,235,0.9473794516025212,0.0360952180644026,12.41268637282358,-109.22044787821504,0.0829565914994213,1.0,37.15029897390456,0.9677213293071354,0.5866640333973625,0.3810572959097729,10,4.8828125,0.05,False,one-sided
sub-ccepAgeUMCU27,run-031551,T27-T28,early,standard,1,9,37,235,0.990947931539695,0.0526334437547902,17.296296997379738,-15.738290590331946,0.0714693958281618,1.0,6.551061472780884,0.9666361420619328,0.9260314125944912,0.0406047294674414,10,4.8828125,0.05,True,one-sided
sub-ccepAgeUMCU27,run-031551,T27-T28,early,standard,1,9,39,235,0.971157282150502,0.0451300833972374,15.136111613177157,-57.72955367231175,0.0759198673790449,1.0,30.007065889824865,0.9632108060520458,0.7543622518037084,0.2088485542483373,10,4.8828125,0.05,False,one-sided
sub-ccepAgeUMCU27,run-031551,T27-T28,early,standard,1,9,41,235,0.9887341684401773,0.0384724516810082,12.676558543029318,-21.654156273342,0.0530503013536428,1.0,16.495219073033052,0.9749109016712694,0.8996646601457697,0.0752462415254996,10,4.8828125,0.05,False,one-sided
sub-ccepAgeUMCU27,run-031551,T27-T28,early,standard,1,9,43,235,0.9969285074480408,0.0225965627600166,7.3867617887196895,-5.774146216104667,0.0509012591369813,1.0,13.308058737434829,0.9449484335059422,0.972199670472826,-0.0272512369668838,10,4.8828125,0.05,True,one-sided
sub-ccepAgeUMCU27,run-031551,T27-T28,early,standard,1,9,45,235,0.9984733088659196,0.015741317126542,5.138291226420435,-2.87457168995055,0.0403667282890776,1.0,17.520905144405074,0.9794365400093366,0.986062050734868,-0.0066255107255315,10,4.8828125,0.05,True,one-sided
sub-ccepAgeUMCU27,run-031551,T27-T28,early,standard,1,9,48,235,0.9990435343906308,0.0,0.0,-1.9597789480473853,0.0397877242054013,1.0,10.317084985799058,1.001432365101944,0.9904764062726364,0.0109559588293076,10,4.8828125,0.05,True,one-sided
sub-ccepAgeUMCU27,run-031551,T27-T28,early,standard,1,9,49,235,0.9653094155709852,0.0,0.0,-72.30789865288133,0.0628914686727726,1.0,32.58154663738109,0.958004778678389,0.7025308870631991,0.2554738916151898,10,4.8828125,0.05,False,one-sided
sub-ccepAgeUMCU27,run-031551,T27-T28,early,hankel_d50,50,0,8,226,0.9679469348477432,0.2419645366027421,79.84359443747915,-4.651207178182768,0.2072098219013515,0.0,1.052158253759443,0.4345978622741459,0.97754498027987,-0.542947118005724,10,4.8828125,0.05,False,one-sided
sub-ccepAgeUMCU27,run-031551,T27-T28,early,hankel_d50,50,0,10,226,0.9712353060164982,0.2250230030946496,74.2090249866876,-6.2311477055209314,0.2024887984840909,0.0,0.937936283842916,0.7422213538319513,0.9700326716816946,-0.2278113178497433,10,4.8828125,0.05,False,one-sided
sub-ccepAgeUMCU27,run-031551,T27-T28,early,hankel_d50,50,0,12,226,0.8524845368790976,0.0,0.0,-326.8612271046944,0.2048141353294882,0.0,2.2648264584404627,0.927191760436012,0.2027052986578022,0.72448646177821,10,4.8828125,0.05,False,one-sided
sub-ccepAgeUMCU27,run-031551,T27-T28,early,hankel_d50,50,0,13,226,0.9757030508812596,0.1966802483302371,64.83535736105279,-9.588882919935491,0.1875083344906113,0.0,1.7399020972009265,0.8941943954385015,0.9542584642105152,-0.0600640687720135,10,4.8828125,0.05,False,one-sided
sub-ccepAgeUMCU27,run-031551,T27-T28,early,hankel_d50,50,0,15,226,0.9800085571872432,0.1875020256038367,61.61821895755979,-4.542507970297682,0.1844536983281161,0.0,1.6538497479669836,0.938405967084818,0.9780639576663408,-0.0396579905815227,10,4.8828125,0.05,False,one-sided
sub-ccepAgeUMCU27,run-031551,T27-T28,early,hankel_d50,50,0,17,226,0.9768786834261176,0.1743174159636882,57.55764541664371,-15.8106245319015,0.1669386775616731,0.0,1.839229341009592,0.8630364227919525,0.9257044024654502,-0.0626679796734976,10,4.8828125,0.05,False,one-sided
sub-ccepAgeUMCU27,run-031551,T27-T28,early,hankel_d50,50,0,19,226,0.9843580106449872,0.1648990813682519,54.10050377870983,-3.947541398362955,0.153569619866119,0.0,1.3218435387699283,0.8500143061293326,0.9809094725260918,-0.1308951663967592,10,4.8828125,0.05,False,one-sided
sub-ccepAgeUMCU27,run-031551,T27-T28,early,hankel_d50,50,0,21,226,0.9863200223305952,0.1541044168892885,50.51847447303718,-3.512852229108342,0.149819898364091,0.0,1.493678849966264,0.9006311190264971,0.9829936695593908,-0.0823625505328937,10,4.8828125,0.05,False,one-sided
sub-ccepAgeUMCU27,run-031551,T27-T28,early,hankel_d50,50,0,23,226,0.9870196400788568,0.1324229910351189,43.47123747819102,-8.489629939722983,0.1251653542827361,0.0,1.518097010489048,0.8763833664846359,0.9593941656416616,-0.0830107991570257,10,4.8828125,0.05,False,one-sided
sub-ccepAgeUMCU27,run-031551,T27-T28,early,hankel_d50,50,0,25,226,0.9924669242788892,0.1213076822833445,39.64363467527601,-0.3009470606769084,0.1097313561271733,0.0,1.6262464018170135,0.8922980398210522,0.9985316110698418,-0.1062335712487896,10,4.8828125,0.05,False,one-sided
sub-ccepAgeUMCU27,run-031551,T27-T28,early,hankel_d50,50,0,27,226,0.9920379087143294,0.1065973248041173,34.89032007289478,-4.616134190006717,0.1010022857365739,0.4444444444444444,3.9861136888700113,0.967779745700152,0.9777124039101184,-0.0099326582099663,10,4.8828125,0.05,False,one-sided
sub-ccepAgeUMCU27,run-031551,T27-T28,early,hankel_d50,50,0,29,226,0.9841366846416656,0.1008083771262165,33.272021784249965,-22.06008436741857,0.0941604754799211,1.0,8.614482341837308,0.9315104705544952,0.8978832271647551,0.0336272433897402,10,4.8828125,0.05,True,one-sided
sub-ccepAgeUMCU27,run-031551,T27-T28,early,hankel_d50,50,0,31,226,0.98883145667586,0.0935068942553652,30.731369931878785,-13.885786338275285,0.0825646917419082,1.0,9.837140972526536,0.971994100254512,0.9344457641112764,0.0375483361432356,10,4.8828125,0.05,True,one-sided
sub-ccepAgeUMCU27,run-031551,T27-T28,early,hankel_d50,50,0,33,226,0.994130695818268,0.0797060700654724,26.077742211331948,-5.494241744817581,0.0676381574955025,1.0,5.593958139793031,0.9594953925745195,0.9735293046409698,-0.0140339120664501,10,4.8828125,0.05,True,one-sided
sub-ccepAgeUMCU27,run-031551,T27-T28,early,hankel_d50,50,0,35,226,0.983213357028616,0.0593275090375547,19.64410171177897,-30.949290854513304,0.0516059754708034,1.0,9.544922611971586,0.870099924457138,0.8597448805644059,0.0103550438927321,10,4.8828125,0.05,True,one-sided
sub-ccepAgeUMCU27,run-031551,T27-T28,early,hankel_d50,50,0,37,226,0.997772476933598,0.0638225440906014,20.82099187391467,-0.3858822493873771,0.0577334027821085,1.0,6.891720428266975,0.949939110654481,0.9981175833020612,-0.0481784726475801,10,4.8828125,0.05,True,one-sided
sub-ccepAgeUMCU27,run-031551,T27-T28,early,hankel_d50,50,0,39,226,0.9968418514613752,0.0562742255152517,18.38114810350299,-3.219940757827241,0.0519462119632296,1.0,10.48060654393284,0.986579478983309,0.9844005842254858,0.0021788947578231,10,4.8828125,0.05,True,one-sided
sub-ccepAgeUMCU27,run-031551,T27-T28,early,hankel_d50,50,0,44,226,0.9976456953350128,0.008703261872681,2.8434446924541734,-4.749372414487548,0.0228134270521933,1.0,9.198616492520928,0.956566197650032,0.9770765333094288,-0.0205103356593966,10,4.8828125,0.05,True,one-sided
sub-ccepAgeUMCU27,run-031551,T27-T28,early,hankel_d50,50,0,46,226,0.9912492257564746,0.0218033780486173,7.168379394755555,-17.50515038055621,0.0169808091826683,1.0,28.143802973455937,0.9127773512422548,0.9180766757270048,-0.0052993244847501,10,4.8828125,0.05,True,one-sided
sub-ccepAgeUMCU27,run-031551,T27-T28,early,hankel_d50,50,0,48,226,0.99463253315358,0.0233047149159856,7.635751094347141,-10.4601705220151,0.0189276948026,1.0,27.511930794050983,0.9523185749968208,0.9502073534858986,0.0021112215109223,10,4.8828125,0.05,True,one-sided
sub-ccepAgeUMCU27,run-031551,T27-T28,early,hankel_d50,50,1,6,227,0.9534566157284476,0.2878641840801578,95.57291348141132,-8.281403126720528,0.2648263666511624,0.0,0.9931943182458268,0.6914992162313918,0.960370108908675,-0.2688708926772832,10,4.8828125,0.05,False,one-sided
sub-ccepAgeUMCU27,run-031551,T27-T28,early,hankel_d50,50,1,8,227,0.9576619340758068,0.2771355965405352,91.81749310905744,-6.244389314991387,0.258613124135117,0.0,0.8548034187673463,0.7451194506642919,0.969969954989444,-0.224850504325152,10,4.8828125,0.05,False,one-sided
sub-ccepAgeUMCU27,run-031551,T27-T28,early,hankel_d50,50,1,10,227,0.9699432704305988,0.2388143041124592,78.68836472422474,-2.2324788323269167,0.2165031901390538,0.0,0.9669092987128496,0.5958123851305284,0.989158422608113,-0.3933460374775847,10,4.8828125,0.05,False,one-sided
sub-ccepAgeUMCU27,run-031551,T27-T28,early,hankel_d50,50,1,12,227,0.9720123093349112,0.2259875948730758,74.45867089094884,-4.229319669597477,0.2023424822140584,0.0,0.9320557111291176,0.5315816236060621,0.9795607961687316,-0.4479791725626695,10,4.8828125,0.05,False,one-sided
sub-ccepAgeUMCU27,run-031551,T27-T28,early,hankel_d50,50,1,14,227,0.9759018665110966,0.2091311495838096,68.80870567696095,-3.980548923906624,0.1889867521087563,0.0,1.674627397400294,0.7595857072757115,0.9807513925188392,-0.2211656852431277,10,4.8828125,0.05,False,one-sided
sub-ccepAgeUMCU27,run-031551,T27-T28,early,hankel_d50,50,1,16,227,0.9793421959266568,0.1863761029868172,61.29759128008543,-6.319941693780795,0.1809072191956629,0.0,2.0062407052163302,0.8900714864723552,0.9696121912117556,-0.0795407047394004,10,4.8828125,0.05,False,one-sided
sub-ccepAgeUMCU27,run-031551,T27-T28,early,hankel_d50,50,1,18,227,0.9825879848674826,0.1806535962332871,59.2655123985023,-1.932195078285804,0.1745903728664526,0.0,1.5362081862531962,0.9053742896335116,0.99060981941803,-0.0852355297845184,10,4.8828125,0.05,False,one-sided
sub-ccepAgeUMCU27,run-031551,T27-T28,early,hankel_d50,50,1,20,227,0.984632505982839,0.1629652435349909,53.46279263516029,-4.043719054480685,0.1565251189451376,0.0,2.9816805604939782,0.915998199467555,0.9804489284578636,-0.0644507289903085,10,4.8828125,0.05,False,one-sided
sub-ccepAgeUMCU27,run-031551,T27-T28,early,hankel_d50,50,1,22,227,0.9871137327978808,0.1448811614122188,47.50124506179707,-4.737652614023448,0.1391105385469988,0.0,2.397414963349608,0.9009923926142164,0.9771324486886444,-0.076140056074428,10,4.8828125,0.05,False,one-sided
sub-ccepAgeUMCU27,run-031551,T27-T28,early,hankel_d50,50,1,24,227,0.9884901621106026,0.1376260832200814,45.09159219713912,-4.0489652841992525,0.1331504557935097,0.0,3.3257450974146696,0.9217170495215644,0.9804238132507058,-0.0587067637291414,10,4.8828125,0.05,False,one-sided
sub-ccepAgeUMCU27,run-031551,T27-T28,early,hankel_d50,50,1,26,227,0.9901455486016506,0.1168824013905789,38.29966560108237,-6.111304075316228,0.1070540040667091,0.1111111111111111,2.3798062610364155,0.9128086508680132,0.970600475672508,-0.0577918248044948,10,4.8828125,0.05,False,one-sided
sub-ccepAgeUMCU27,run-031551,T27-T28,early,hankel_d50,50,1,28,227,0.9941357016465028,0.1061426339575716,34.66986199647901,-0.4383125137712361,0.0956792319151278,0.7777777777777778,2.388777262098144,0.9346569963566814,0.9978620907692396,-0.0632050944125582,10,4.8828125,0.05,True,one-sided
sub-ccepAgeUMCU27,run-031551,T27-T28,early,hankel_d50,50,1,32,227,0.9946066410257765,0.0851620595478147,27.84113308877851,-3.5954793795635087,0.0797912641484097,1.0,2.767895056764754,0.9602321170988888,0.9825971579216162,-0.0223650408227275,10,4.8828125,0.05,True,one-sided
sub-ccepAgeUMCU27,run-031551,T27-T28,early,hankel_d50,50,1,34,227,0.9973928521662556,0.0700153358234509,22.843631932857463,-0.312727374193041,0.0634134858312795,1.0,4.3488054126592735,0.9558307934726938,0.998474176122916,-0.042643382650222,10,4.8828125,0.05,True,one-sided
sub-ccepAgeUMCU27,run-031551,T27-T28,early,hankel_d50,50,1,36,227,0.958662511466225,0.0,0.0,-86.45874313714044,0.0507531711727701,1.0,8.583258399908019,0.7527188968529188,0.6556279294093648,0.097090967443554,10,4.8828125,0.05,False,one-sided
sub-ccepAgeUMCU27,run-031551,T27-T28,early,hankel_d50,50,1,39,227,0.9850059404247378,0.048386632732894,15.998809566525008,-28.472353820622512,0.0319183183517718,1.0,13.870248093884417,0.9417068079530316,0.8702061293238438,0.0715006786291878,10,4.8828125,0.05,False,one-sided
sub-ccepAgeUMCU27,run-031551,T27-T28,early,hankel_d50,50,1,41,227,0.998507613745158,0.045555530478695,14.86068240459672,-0.9294343435043968,0.0424257854875784,1.0,5.159627552029559,0.9759429326825716,0.9954720286821542,-0.0195290959995825,10,4.8828125,0.05,True,one-sided
sub-ccepAgeUMCU27,run-031551,T27-T28,early,hankel_d50,50,1,43,227,0.9952086794036856,0.0342756049331444,11.22146171066102,-8.622303326707419,0.0259021614506487,1.0,8.055966977175984,0.9670731873629814,0.9587728528822635,0.0083003344807177,10,4.8828125,0.05,True,one-sided
sub-ccepAgeUMCU27,run-031551,T27-T28,early,hankel_d50,50,1,45,227,0.9994736329508286,0.0,0.0,-1.0782835280650085,0.0307996314298193,1.0,11.186698169534044,0.9672294319490008,0.9947487798261924,-0.0275193478771915,10,4.8828125,0.05,True,one-sided
sub-ccepAgeUMCU27,run-031551,T27-T28,early,hankel_d50,50,1,46,227,0.9973318965646852,0.00924924919353,3.0227651407243217,-5.38351112552054,0.0252983611098245,1.0,10.515921936162204,0.968111116619977,0.974055811723038,-0.005944695103061,10,4.8828125,0.05,True,one-sided
sub-ccepAgeUMCU27,run-031551,T27-T28,early,hankel_d50,50,1,48,227,0.9970611984073688,0.019278422229655,6.301524721139642,-5.644774273622194,0.0206830812532021,1.0,9.343856038406074,0.974668976828726,0.9728140019879472,0.0018549748407786,10,4.8828125,0.05,True,one-sided
sub-ccepAgeUMCU27,run-031551,T27-T28,early,hankel_d50,50,2,8,228,0.95776099831538,0.2636885409031444,87.57004595812803,-13.567603959776848,0.2369542663694168,0.0,0.7273739010432791,0.5178752627133413,0.9358986706570795,-0.4180234079437382,10,4.8828125,0.05,False,one-sided
sub-ccepAgeUMCU27,run-031551,T27-T28,early,hankel_d50,50,2,10,228,0.9703822270149458,0.231392245731606,76.29931693281418,-4.943458531646447,0.1981757734588108,0.0,1.2450045006744226,0.6159053910488841,0.976151010063703,-0.3602456190148189,10,4.8828125,0.05,False,one-sided
sub-ccepAgeUMCU27,run-031551,T27-T28,early,hankel_d50,50,2,12,228,0.9682728335354812,0.2234454847969042,73.92426240526301,-12.90124149516921,0.2129965034958993,0.0,1.3073700449692227,0.7705422973200626,0.9389487850837956,-0.1684064877637329,10,4.8828125,0.05,False,one-sided
sub-ccepAgeUMCU27,run-031551,T27-T28,early,hankel_d50,50,2,14,228,0.9771910666482612,0.2050574774666126,67.42019832481826,-3.1269970143093686,0.2010305048002377,0.0,1.5433185119087045,0.9216307066866706,0.9848474330523896,-0.063216726365719,10,4.8828125,0.05,False,one-sided
sub-ccepAgeUMCU27,run-031551,T27-T28,early,hankel_d50,50,2,16,228,0.9828835680126988,0.175736558973809,57.66935817734457,-3.1347039959532474,0.166169254876496,0.0,1.4485799817792753,0.8743392336039787,0.9848103722209728,-0.1104711386169942,10,4.8828125,0.05,False,one-sided
sub-ccepAgeUMCU27,run-031551,T27-T28,early,hankel_d50,50,2,18,228,0.9848727157460782,0.1641604909308259,53.8349421609628,-3.155774362609648,0.1549212939660935,0.0,1.8688650835676657,0.855942165960178,0.984709057532288,-0.1287668915721099,10,4.8828125,0.05,False,one-sided
sub-ccepAgeUMCU27,run-031551,T27-T28,early,hankel_d50,50,2,22,228,0.9795911349153223,0.13998310368291,46.26478564341651,-21.53004285744948,0.1389268558489793,0.0,2.382582893111215,0.903624648346311,0.9002100424472341,0.0034146058990768,10,4.8828125,0.05,False,one-sided
sub-ccepAgeUMCU27,run-031551,T27-T28,early,hankel_d50,50,2,24,228,0.9898296002254836,0.1344092824635686,43.99169338835651,-2.2260412885519205,0.1277401009583914,0.0,1.4206399514156818,0.9039867236442352,0.9891895156292394,-0.0852027919850042,10,4.8828125,0.05,False,one-sided
sub-ccepAgeUMCU27,run-031551,T27-T28,early,hankel_d50,50,2,26,228,0.9901927808896956,0.1179899377856701,38.65737472991964,-5.747047501240116,0.1039988479602621,0.2222222222222222,2.874656489457278,0.9105894472583008,0.9723283184450944,-0.0617388711867936,10,4.8828125,0.05,False,one-sided
sub-ccepAgeUMCU27,run-031551,T27-T28,early,hankel_d50,50,2,28,228,0.9938036101324674,0.10472089586648,34.22024602315649,-1.4222156877178005,0.0981296475151686,0.6666666666666666,3.2365147131941168,0.9281144724273088,0.99307964417627,-0.0649651717489609,10,4.8828125,0.05,True,one-sided
sub-ccepAgeUMCU27,run-031551,T27-T28,early,hankel_d50,50,2,30,228,0.9940708574931104,0.0949984501734765,31.05506009012388,-2.8696040022428564,0.0870203502417764,1.0,2.970977903749666,0.9427316812365948,0.9860859692296844,-0.0433542879930898,10,4.8828125,0.05,True,one-sided
sub-ccepAgeUMCU27,run-031551,T27-T28,early,hankel_d50,50,2,32,228,0.9955890257998729,0.0782008343599355,25.54998186748081,-2.755315715172508,0.072405299426426,1.0,5.83788753061171,0.979313804147164,0.9866364063764658,-0.0073226022293017,10,4.8828125,0.05,True,one-sided
sub-ccepAgeUMCU27,run-031551,T27-T28,early,hankel_d50,50,2,34,228,0.9956962774714966,0.069248970909228,22.63277288353504,-3.891933838420217,0.0641708590224072,1.0,6.528225347044439,0.9684448357293286,0.9811758464917164,-0.0127310107623878,10,4.8828125,0.05,True,one-sided
sub-ccepAgeUMCU27,run-031551,T27-T28,early,hankel_d50,50,2,36,228,0.9804997768007592,0.0606537764301316,20.137584721229288,-36.41995042104355,0.0457765536075884,1.0,16.73339863189779,0.9260263345442076,0.8370832181137184,0.088943116430489,10,4.8828125,0.05,False,one-sided
sub-ccepAgeUMCU27,run-031551,T27-T28,early,hankel_d50,50,2,38,228,0.977082738653493,0.0403468019357457,13.45182471962046,-45.736159102081736,0.0281182202704224,1.0,28.21645783979244,0.9000003727243014,0.7998579821660181,0.1001423905582833,10,4.8828125,0.05,False,one-sided
sub-ccepAgeUMCU27,run-031551,T27-T28,early,hankel_d50,50,2,44,228,0.99899950970606,0.0168378019476164,5.493246479499224,-1.759173480215322,0.0186307394022795,1.0,13.882925559382318,0.992746781408069,0.9914470719336812,0.0012997094743878,10,4.8828125,0.05,True,one-sided
sub-ccepAgeUMCU27,run-031551,T27-T28,early,hankel_d50,50,2,46,228,0.9939849376647408,0.0249096651321068,8.166712721097879,-11.7131516052619,0.0208681931735693,1.0,19.453881572042256,0.9522907968445176,0.94441166407142,0.0078791327730975,10,4.8828125,0.05,True,one-sided
sub-ccepAgeUMCU27,run-031551,T27-T28,early,hankel_d50,50,2,48,228,0.9936081799117212,0.0385743779762446,12.647823951807682,-11.590263528963725,0.0265354530037938,1.0,12.299486532853123,0.9415424820680136,0.9449785183632408,-0.0034360362952271,10,4.8828125,0.05,True,one-sided
sub-ccepAgeUMCU27,run-031551,T27-T28,early,hankel_d50,50,3,8,229,0.9510895943677832,0.2819203013770132,93.92801575612722,-16.46396385846796,0.2614492597810556,0.0,1.3067594236851237,0.7203219190534336,0.9227559873237268,-0.2024340682702933,10,4.8828125,0.05,False,one-sided
sub-ccepAgeUMCU27,run-031551,T27-T28,early,hankel_d50,50,3,10,229,0.968462240803886,0.243349505375775,80.24138395296984,-2.934793681732331,0.2298429178796819,0.0,0.7555229240602528,0.7596818450004135,0.9857721391588844,-0.226090294158471,10,4.8828125,0.05,False,one-sided
sub-ccepAgeUMCU27,run-031551,T27-T28,early,hankel_d50,50,3,12,229,0.970282841722377,0.2211176421471143,73.03330231927765,-9.938061577915256,0.2039120641382593,0.0,1.0539097986214303,0.8114446916060492,0.9526328646162396,-0.1411881730101903,10,4.8828125,0.05,False,one-sided
sub-ccepAgeUMCU27,run-031551,T27-T28,early,hankel_d50,50,3,14,229,0.9780449270066204,0.1979680374543878,65.09655151115776,-4.347676132971604,0.1888774082134665,0.0,1.4016198875979664,0.8753965773854829,0.9789948593663408,-0.1035982819808578,10,4.8828125,0.05,False,one-sided
sub-ccepAgeUMCU27,run-031551,T27-T28,early,hankel_d50,50,3,16,229,0.9839133366184274,0.1743470587657613,57.164061259064574,-1.5552531661422515,0.1666088196018781,0.0,1.469262157716723,0.8784103468199607,0.992434752039161,-0.1140244052192003,10,4.8828125,0.05,False,one-sided
sub-ccepAgeUMCU27,run-031551,T27-T28,early,hankel_d50,50,3,18,229,0.9808489894470668,0.1681020719939162,55.3250804784628,-9.957457177525589,0.1627285501771037,0.0,2.0761558713793544,0.9111773698909588,0.9525426497201545,-0.0413652798291956,10,4.8828125,0.05,False,one-sided
sub-ccepAgeUMCU27,run-031551,T27-T28,early,hankel_d50,50,3,20,229,0.9836452174573392,0.1600143470155284,52.56332461057995,-7.025641159006742,0.1549135255899537,0.0,2.578032038240047,0.9000123591644461,0.9662768530488756,-0.0662644938844293,10,4.8828125,0.05,False,one-sided
sub-ccepAgeUMCU27,run-031551,T27-T28,early,hankel_d50,50,3,22,229,0.9880401645284153,0.1350361364136438,44.27342121814843,-5.690663222032372,0.129690910004954,0.0,1.5444767951224052,0.9387521764194204,0.9725960507643768,-0.0338438743449565,10,4.8828125,0.05,False,one-sided
sub-ccepAgeUMCU27,run-031551,T27-T28,early,hankel_d50,50,3,24,229,0.9915886240765576,0.1244377468504036,40.69173969410792,-1.2984846317648393,0.1096245408920595,0.0,1.322054124191704,0.8817838141864696,0.993679800027046,-0.1118959858405764,10,4.8828125,0.05,False,one-sided
sub-ccepAgeUMCU27,run-031551,T27-T28,early,hankel_d50,50,3,26,229,0.9922302443269536,0.1133771513928496,37.08375081767139,-2.691291665346651,0.106759433415874,0.1111111111111111,2.6611656168373177,0.9299867100296646,0.9869448943317962,-0.0569581843021316,10,4.8828125,0.05,False,one-sided
sub-ccepAgeUMCU27,run-031551,T27-T28,early,hankel_d50,50,3,28,229,0.9895811452836082,0.104805966480586,34.392893833684546,-10.027682033964656,0.0944543249256757,0.8888888888888888,3.0119776992625025,0.9323386720527508,0.9522160837843624,-0.0198774117316116,10,4.8828125,0.05,True,one-sided
sub-ccepAgeUMCU27,run-031551,T27-T28,early,hankel_d50,50,3,32,229,0.9958019515935548,0.0760450589039418,24.84311275962812,-2.661372607087406,0.0704567026796455,1.0,4.354538437429149,0.9855281373793536,0.9870890868063612,-0.0015609494270076,10,4.8828125,0.05,True,one-sided
sub-ccepAgeUMCU27,run-031551,T27-T28,early,hankel_d50,50,3,34,229,0.9811473920362742,0.0684365617310768,22.69870975096007,-34.00876542340601,0.0530816239001645,1.0,6.065859190105534,0.8732986141419923,0.8469967470274545,0.0263018671145377,10,4.8828125,0.05,True,one-sided
sub-ccepAgeUMCU27,run-031551,T27-T28,early,hankel_d50,50,3,36,229,0.9602414928667152,0.0177938396797845,6.039341482779297,-82.73676125599596,0.0356047537840838,1.0,7.360633528981263,0.7461556688611475,0.667652071575529,0.0785035972856185,10,4.8828125,0.05,False,one-sided
sub-ccepAgeUMCU27,run-031551,T27-T28,early,hankel_d50,50,3,38,229,0.9970538866779096,0.0588868707215029,19.22851407134205,-2.4768578276516124,0.0563424892598863,1.0,3.936625669435892,0.9628637451806096,0.9879788065135294,-0.0251150613329199,10,4.8828125,0.05,True,one-sided
sub-ccepAgeUMCU27,run-031551,T27-T28,early,hankel_d50,50,3,40,229,0.995016224535042,0.0494242229039949,16.17718590797604,-7.708902619247771,0.0422398749921624,1.0,5.721267617658569,0.9650809611412212,0.9630584954687902,0.0020224656724311,10,4.8828125,0.05,True,one-sided
sub-ccepAgeUMCU27,run-031551,T27-T28,early,hankel_d50,50,3,44,229,0.9979289040264236,0.0154168022231672,5.035124766161138,-4.00163883899526,0.0172665828283347,1.0,12.918782835716993,0.9582987386787084,0.9806504018028708,-0.0223516631241624,10,4.8828125,0.05,True,one-sided
sub-ccepAgeUMCU27,run-031551,T27-T28,early,hankel_d50,50,3,46,229,0.9972468452254786,0.026470853407568,8.649945845351764,-4.925000780247766,0.0240618162291939,1.0,7.528774190481223,0.9672986401793108,0.9762389903596916,-0.0089403501803808,10,4.8828125,0.05,True,one-sided
sub-ccepAgeUMCU27,run-031551,T27-T28,early,hankel_d50,50,4,16,230,0.941558519474677,0.2930813889710152,98.36052040027089,-28.62905709195558,0.2923248516265387,0.0,2.986900063746264,0.8433822618605973,0.8695405434312392,-0.0261582815706419,10,4.8828125,0.05,False,one-sided
sub-ccepAgeUMCU27,run-031551,T27-T28,early,hankel_d50,50,4,18,230,0.9753492905395358,0.1795951700613678,59.35357804417074,-16.97378472617372,0.1787161857064723,0.0,4.861400961031997,0.8856578463980659,0.9204617724985126,-0.0348039261004466,10,4.8828125,0.05,False,one-sided
sub-ccepAgeUMCU27,run-031551,T27-T28,early,hankel_d50,50,4,20,230,0.97726096084133,0.1671422134698158,55.213311948143705,-17.583183515590093,0.1572871700223774,0.0,2.153164474186464,0.8273723736010968,0.9177269357138828,-0.0903545621127859,10,4.8828125,0.05,False,one-sided
sub-ccepAgeUMCU27,run-031551,T27-T28,early,hankel_d50,50,4,22,230,0.9852582777564768,0.1452263297917416,47.70120371864304,-8.406058412026443,0.1316075493104692,0.0,2.0552440732111883,0.837020449139189,0.9597857398467416,-0.1227652907075526,10,4.8828125,0.05,False,one-sided
sub-ccepAgeUMCU27,run-031551,T27-T28,early,hankel_d50,50,4,26,230,0.9894547858884448,0.1147267881204318,37.62564486212503,-8.036048488124482,0.1079608379485269,0.1111111111111111,3.545730381941888,0.9140301115977818,0.9615213416378524,-0.0474912300400706,10,4.8828125,0.05,False,one-sided
sub-ccepAgeUMCU27,run-031551,T27-T28,early,hankel_d50,50,4,30,230,0.993657457584062,0.0897906317876619,29.374229501821944,-4.703264018783936,0.0807696237899528,1.0,4.066798662169923,0.9497022040875782,0.9772965357665576,-0.0275943316789795,10,4.8828125,0.05,True,one-sided
sub-ccepAgeUMCU27,run-031551,T27-T28,early,hankel_d50,50,4,32,230,0.9818654044924536,0.0755173783563626,25.02020504255161,-31.440931212774203,0.0582127796244942,1.0,8.839860403451262,0.9013754002169004,0.8576834628872283,0.0436919373296722,10,4.8828125,0.05,True,one-sided
sub-ccepAgeUMCU27,run-031551,T27-T28,early,hankel_d50,50,4,34,230,0.9966599434144114,0.0733158431003113,23.93422547165764,-1.3256519202808537,0.0657244630682831,1.0,5.279922399265471,0.982588357213502,0.9935479943855464,-0.0109596371720444,10,4.8828125,0.05,True,one-sided
sub-ccepAgeUMCU27,run-031551,T27-T28,early,hankel_d50,50,4,36,230,0.995739099234333,0.0639264445011576,20.89726586684437,-4.533084121827864,0.0600931684473447,1.0,9.34614024408429,0.9606045894728648,0.978108964202457,-0.017504374729592,10,4.8828125,0.05,True,one-sided
sub-ccepAgeUMCU27,run-031551,T27-T28,early,hankel_d50,50,4,38,230,0.9715464451458312,0.0481301755648476,16.134260325488793,-56.60797571640149,0.037787928355408,1.0,13.06712241302874,0.815430779074847,0.7585048155541517,0.0569259635206952,10,4.8828125,0.05,False,one-sided
sub-ccepAgeUMCU27,run-031551,T27-T28,early,hankel_d50,50,4,40,230,0.9962691744346128,0.0442077878578227,14.453977569075736,-5.64075294019315,0.0398140301522897,1.0,10.134209953196171,0.9939577250833638,0.9728331037842044,0.0211246212991593,10,4.8828125,0.05,True,one-sided
sub-ccepAgeUMCU27,run-031551,T27-T28,early,hankel_d50,50,4,42,230,0.9871839230244974,0.0212584034398269,7.018035108295416,-25.94222113695401,0.0178271882472395,1.0,15.20030437289662,0.9188116440963348,0.8810234801968823,0.0377881638994526,10,4.8828125,0.05,True,one-sided
sub-ccepAgeUMCU27,run-031551,T27-T28,early,hankel_d50,50,4,44,230,0.9992219489639688,0.0076332546161928,2.489943083626841,-1.5343125521247043,0.0224060361695358,1.0,15.885729292249524,0.9751431611298962,0.9925362327793792,-0.017393071649483,10,4.8828125,0.05,True,one-sided
sub-ccepAgeUMCU27,run-031551,T27-T28,early,hankel_d50,50,4,46,230,0.9995188924915086,0.0121021528684252,3.9463944288233,-0.8354346670272891,0.0175101020605683,1.0,9.508333648306149,0.9611146960743804,0.9959290380882224,-0.0348143420138418,10,4.8828125,0.05,True,one-sided
sub-ccepAgeUMCU27,run-031551,T27-T28,early,hankel_d50,50,4,48,230,0.9994445809567618,0.0320992826376639,10.464956648510087,-0.0820929164775894,0.0339728877160679,1.0,5.520597494996348,0.9976737857412912,0.9995992360086112,-0.00192545026732,10,4.8828125,0.05,True,one-sided
sub-ccepAgeUMCU27,run-031551,T27-T28,early,hankel_d50,50,5,16,231,0.9538235193255524,0.2364572664070368,79.20750430660591,-35.74887896062469,0.2351211393143504,0.0,3.008862677522925,0.8024584640160111,0.8398306009229543,-0.0373721369069431,10,4.8828125,0.05,False,one-sided
sub-ccepAgeUMCU27,run-031551,T27-T28,early,hankel_d50,50,5,18,231,0.9753747893674098,0.2013951089443173,66.36922137194031,-8.311688508590906,0.1953372748231855,0.0,2.575973794501244,0.8952232057477582,0.9602281019503512,-0.065004896202593,10,4.8828125,0.05,False,one-sided
sub-ccepAgeUMCU27,run-031551,T27-T28,early,hankel_d50,50,5,20,231,0.9755724704879478,0.162387187566486,53.7624076462025,-22.663033997428755,0.159012804810011,0.0,3.272140367436202,0.8587403341358097,0.8952436656031695,-0.0365033314673597,10,4.8828125,0.05,False,one-sided
sub-ccepAgeUMCU27,run-031551,T27-T28,early,hankel_d50,50,5,22,231,0.9863541626066988,0.1456902066877153,47.79898710770685,-6.038716254057498,0.1330039698311383,0.0,1.8123949238629828,0.8605034358460103,0.9709445492119528,-0.1104411133659425,10,4.8828125,0.05,False,one-sided
sub-ccepAgeUMCU27,run-031551,T27-T28,early,hankel_d50,50,5,24,231,0.9898716853205892,0.1267737995285144,41.51862298540932,-4.1889856550023215,0.114023760102657,0.1111111111111111,2.6914751532457046,0.9028229914162758,0.9797537332306704,-0.0769307418143947,10,4.8828125,0.05,False,one-sided
sub-ccepAgeUMCU27,run-031551,T27-T28,early,hankel_d50,50,5,26,231,0.9826406877147926,0.1189813953735328,39.27582727753456,-20.96002012175696,0.1187796328355929,0.0,4.662427353698616,0.963619365030634,0.9027190999143492,0.0609002651162849,10,4.8828125,0.05,False,one-sided
sub-ccepAgeUMCU27,run-031551,T27-T28,early,hankel_d50,50,5,28,231,0.9925639888883184,0.1103035595910462,36.07470328794667,-2.7170506525250167,0.0990658258843218,0.5555555555555556,2.7365029349077,0.9359038734789236,0.98682076785641,-0.0509168943774864,10,4.8828125,0.05,True,one-sided
sub-ccepAgeUMCU27,run-031551,T27-T28,early,hankel_d50,50,5,32,231,0.9949575897179368,0.0781029367769805,25.53425570015468,-4.06239724663553,0.0757134448621256,1.0,6.883088729317713,0.988051476735141,0.9803595135241892,0.0076919632109517,10,4.8828125,0.05,True,one-sided
sub-ccepAgeUMCU27,run-031551,T27-T28,early,hankel_d50,50,5,34,231,0.9575268052131856,0.0445615700112486,15.158156574316587,-86.67101689246805,0.0465082422414173,1.0,11.417317214807404,0.814454377143595,0.6549487277400493,0.1595056494035457,10,4.8828125,0.05,False,one-sided
sub-ccepAgeUMCU27,run-031551,T27-T28,early,hankel_d50,50,5,38,231,0.9867643917069988,0.0596176926446779,19.66908620377671,-23.55645301011692,0.0537993503235256,1.0,12.76869245340004,0.9501840420526896,0.8913467629531941,0.0588372790994954,10,4.8828125,0.05,False,one-sided
sub-ccepAgeUMCU27,run-031551,T27-T28,early,hankel_d50,50,5,40,231,0.9962175675902571,0.0485361513047067,15.867845062791464,-5.333340084734424,0.0456699433421759,1.0,9.501972077855513,0.9801597262461852,0.9742944610406926,0.0058652652054925,10,4.8828125,0.05,True,one-sided
sub-ccepAgeUMCU27,run-031551,T27-T28,early,hankel_d50,50,5,46,231,0.997799392748743,0.0291045277485961,9.50482845162311,-3.64094668581664,0.028542000694178,1.0,12.793290671414711,0.9453363511532052,0.982379037379418,-0.0370426862262126,10,4.8828125,0.05,True,one-sided
sub-ccepAgeUMCU27,run-031551,T27-T28,early,hankel_d50,50,5,48,231,0.9936641096342338,0.0371429652268936,12.178250464481128,-11.587400133049242,0.0293227012608722,1.0,12.879652467522334,0.9680875868210554,0.9449917306022294,0.023095856218826,10,4.8828125,0.05,True,one-sided
sub-ccepAgeUMCU27,run-031551,T27-T28,early,hankel_d50,50,6,10,232,0.962058095041866,0.2571091502604717,85.12038448735686,-8.575049201531913,0.2442263026289583,0.0,1.0725332622615351,0.7258104248178306,0.9589940989740569,-0.2331836741562262,10,4.8828125,0.05,False,one-sided
sub-ccepAgeUMCU27,run-031551,T27-T28,early,hankel_d50,50,6,12,232,0.9707274894198674,0.2310834622482046,76.1750439652966,-4.400944202974857,0.2023275126454768,0.0,0.8857031081601919,0.6049228469551073,0.9787402578754112,-0.3738174109203038,10,4.8828125,0.05,False,one-sided
sub-ccepAgeUMCU27,run-031551,T27-T28,early,hankel_d50,50,6,14,232,0.9721592551150576,0.2138390165068691,70.57290604589146,-9.442966219377798,0.1973344594386825,0.0,1.3237795045508554,0.776880681839177,0.9549386002568456,-0.1780579184176685,10,4.8828125,0.05,False,one-sided
sub-ccepAgeUMCU27,run-031551,T27-T28,early,hankel_d50,50,6,16,232,0.9788577378019836,0.1900481433931218,62.50637362714999,-5.873305368532207,0.1832924919971734,0.0,1.6649317219356927,0.7483686868322915,0.9717290690997044,-0.2233603822674129,10,4.8828125,0.05,False,one-sided
sub-ccepAgeUMCU27,run-031551,T27-T28,early,hankel_d50,50,6,18,232,0.9825445105141528,0.174997023331115,57.45108636073682,-4.086043915823159,0.1666787059146149,0.0,1.9652440225317995,0.8720598797878656,0.9802463255416882,-0.1081864457538226,10,4.8828125,0.05,False,one-sided
sub-ccepAgeUMCU27,run-031551,T27-T28,early,hankel_d50,50,6,20,232,0.9843626239105848,0.1519121048775165,49.908516052420765,-8.176363849903773,0.1412164548624883,0.0,2.5741682669905392,0.8539055536844762,0.9608627966786364,-0.1069572429941601,10,4.8828125,0.05,False,one-sided
sub-ccepAgeUMCU27,run-031551,T27-T28,early,hankel_d50,50,6,22,232,0.9850316489369052,0.1456018007672539,47.833616741887454,-8.754387716268965,0.1398227164156978,0.0,1.7728150318078135,0.8621168133926874,0.9581546981053352,-0.0960378847126478,10,4.8828125,0.05,False,one-sided
sub-ccepAgeUMCU27,run-031551,T27-T28,early,hankel_d50,50,6,24,232,0.9859223088767498,0.1250611839008048,41.12602381122854,-12.690824015638844,0.1159269711136417,0.0,7.292417384399264,0.8922274977888514,0.9399139841402064,-0.0476864863513549,10,4.8828125,0.05,False,one-sided
sub-ccepAgeUMCU27,run-031551,T27-T28,early,hankel_d50,50,6,26,232,0.9889658819259584,0.118126463958444,38.74924821872008,-8.217328774401917,0.1103490023191713,0.1111111111111111,6.909145573786705,0.8995900855202554,0.9606706202355626,-0.0610805347153071,10,4.8828125,0.05,False,one-sided
sub-ccepAgeUMCU27,run-031551,T27-T28,early,hankel_d50,50,6,28,232,0.9742811263063946,0.1044531659593501,34.812217802085804,-41.65861030355477,0.0944878282682973,0.6666666666666666,15.80358269856601,0.9066397730014084,0.8159426705844662,0.090697102416942,10,4.8828125,0.05,False,one-sided
sub-ccepAgeUMCU27,run-031551,T27-T28,early,hankel_d50,50,6,30,232,0.9904090598291212,0.1063953484460119,34.88155127938194,-7.987473587541919,0.0938886191798694,0.7777777777777778,5.546077407911084,0.9243522160948252,0.961749424366891,-0.0373972082720657,10,4.8828125,0.05,True,one-sided
sub-ccepAgeUMCU27,run-031551,T27-T28,early,hankel_d50,50,6,32,232,0.9937329172299842,0.0829732203910138,27.152644806156403,-5.761158089691734,0.0772148855465973,1.0,7.558249351988644,0.9460839220679668,0.9722613279563328,-0.0261774058883659,10,4.8828125,0.05,True,one-sided
sub-ccepAgeUMCU27,run-031551,T27-T28,early,hankel_d50,50,6,34,232,0.9883439139609184,0.0767457674256939,25.259561949759245,-17.856050295592727,0.0694173347479496,1.0,13.591929812609626,0.9321544045462828,0.9165050097112324,0.0156493948350505,10,4.8828125,0.05,True,one-sided
sub-ccepAgeUMCU27,run-031551,T27-T28,early,hankel_d50,50,6,36,232,0.9923273905820555,0.0647753508329688,21.24658693021506,-11.420121074354087,0.0608823018434494,1.0,7.6061347319747235,0.953134228355818,0.9457639078625812,0.0073703204932367,10,4.8828125,0.05,True,one-sided
sub-ccepAgeUMCU27,run-031551,T27-T28,early,hankel_d50,50,6,40,232,0.9860948883979715,0.0418727402363163,13.83253998405308,-26.83278060436767,0.0316209613623717,1.0,16.756769889689046,0.9267700580204064,0.8772007244742004,0.049569333546206,10,4.8828125,0.05,True,one-sided
sub-ccepAgeUMCU27,run-031551,T27-T28,early,hankel_d50,50,6,42,232,0.991697130595908,0.0336441667974456,11.053867863328236,-15.897353286202357,0.0293103064716945,1.0,11.96524171100834,0.9515951094281392,0.9253124679318532,0.026282641496286,10,4.8828125,0.05,True,one-sided
sub-ccepAgeUMCU27,run-031551,T27-T28,early,hankel_d50,50,6,44,232,0.9986237240861516,0.0013259806847027,0.4327979024167526,-2.818749061068461,0.0432045759100218,1.0,63.3877402723471,0.9347056637030128,0.986330859711354,-0.0516251960083411,10,4.8828125,0.05,True,one-sided
sub-ccepAgeUMCU27,run-031551,T27-T28,early,hankel_d50,50,6,46,232,0.9983048170478196,0.0106054828258731,3.462589638656978,-3.359119970142396,0.0174243814992331,1.0,9.312994928698163,0.9421168089114866,0.9837318266372688,-0.041615017725782,10,4.8828125,0.05,True,one-sided
sub-ccepAgeUMCU27,run-031551,T27-T28,early,hankel_d50,50,6,48,232,0.9961442055497572,0.0219627745335186,7.185296898429091,-7.414279792777008,0.0223527302661287,1.0,8.269633104580926,0.94349751766193,0.9644449369027234,-0.0209474192407932,10,4.8828125,0.05,True,one-sided
sub-ccepAgeUMCU27,run-031551,T27-T28,early,hankel_d50,50,7,6,233,0.9540846230109884,0.2671294491798302,88.98248917016,-18.979950840955063,0.2468365727086561,0.0,1.1380810803287973,0.3546060047511363,0.9114891929990528,-0.5568831882479164,10,4.8828125,0.05,False,one-sided
sub-ccepAgeUMCU27,run-031551,T27-T28,early,hankel_d50,50,7,8,233,0.9660957885977436,0.2482631119666028,81.98705905939683,-5.157907453791982,0.2218145404844795,0.0,1.0220053160110003,0.51017056552715,0.9751294037567848,-0.4649588382296347,10,4.8828125,0.05,False,one-sided
sub-ccepAgeUMCU27,run-031551,T27-T28,early,hankel_d50,50,7,10,233,0.9727145778690702,0.2192675421790098,72.26701622351408,-5.903031118382097,0.2108846284832293,0.0,1.4259389454930675,0.907437043935298,0.971588037463752,-0.0641509935284541,10,4.8828125,0.05,False,one-sided
sub-ccepAgeUMCU27,run-031551,T27-T28,early,hankel_d50,50,7,12,233,0.9733100636794476,0.2020744939326208,66.72428812014503,-12.189686820506743,0.1866333523571413,0.0,1.881833600031176,0.7219675671518816,0.9422167313008004,-0.2202491641489188,10,4.8828125,0.05,False,one-sided
sub-ccepAgeUMCU27,run-031551,T27-T28,early,hankel_d50,50,7,14,233,0.9726925302965702,0.1943264588262115,64.27262224500069,-16.627290000353845,0.1864564386814287,0.0,3.3114907092373063,0.8620018931810439,0.922020391150461,-0.060018497969417,10,4.8828125,0.05,False,one-sided
sub-ccepAgeUMCU27,run-031551,T27-T28,early,hankel_d50,50,7,16,233,0.9790427003467524,0.1815029962590581,59.74883357118167,-8.774307409786758,0.1698956777917471,0.0,2.6363845575443507,0.8507929821005852,0.9580615085557256,-0.1072685264551402,10,4.8828125,0.05,False,one-sided
sub-ccepAgeUMCU27,run-031551,T27-T28,early,hankel_d50,50,7,18,233,0.9808032402356376,0.164339203600601,54.11201662342984,-11.344664278642952,0.1481712804511584,0.0,2.2032847809749057,0.8285318569048411,0.9461124306281326,-0.1175805737232914,10,4.8828125,0.05,False,one-sided
sub-ccepAgeUMCU27,run-031551,T27-T28,early,hankel_d50,50,7,20,233,0.9749201599451292,0.1481970640973144,49.17094990801312,-28.62638037189401,0.1416497823986114,0.0,4.056069442802704,0.7980875979927786,0.8695519083327388,-0.0714643103399601,10,4.8828125,0.05,False,one-sided
sub-ccepAgeUMCU27,run-031551,T27-T28,early,hankel_d50,50,7,22,233,0.9880087572430618,0.1459250584716006,47.7959065532413,-2.6089634295486666,0.1321778536787228,0.0,1.7160445635327417,0.8576486706823038,0.9873417193603008,-0.1296930486779971,10,4.8828125,0.05,False,one-sided
sub-ccepAgeUMCU27,run-031551,T27-T28,early,hankel_d50,50,7,24,233,0.9896693702370092,0.1346350702087773,44.07174412703468,-2.489229004196557,0.1221506665650066,0.0,1.9149136473167747,0.8785429085432064,0.9879191283343816,-0.1093762197911752,10,4.8828125,0.05,False,one-sided
sub-ccepAgeUMCU27,run-031551,T27-T28,early,hankel_d50,50,7,26,233,0.9917822152609456,0.1168979984131498,38.24209688821653,-2.771512193561201,0.1061542782047588,0.2222222222222222,2.1968581008870287,0.9259879631388268,0.9865583819459752,-0.0605704188071485,10,4.8828125,0.05,False,one-sided
sub-ccepAgeUMCU27,run-031551,T27-T28,early,hankel_d50,50,7,28,233,0.9325452719225824,0.0,0.0,-143.02736315185038,0.0798551575118318,1.0,5.099329875834403,0.7032158520338982,0.4973925146702632,0.205823337363635,10,4.8828125,0.05,False,one-sided
sub-ccepAgeUMCU27,run-031551,T27-T28,early,hankel_d50,50,7,29,233,0.9898088373898606,0.1047190502180123,34.35673588057664,-9.580561713452834,0.0986515095089949,0.6666666666666666,3.405075682758624,0.916006458485353,0.9542972373698766,-0.0382907788845235,10,4.8828125,0.05,True,one-sided
sub-ccepAgeUMCU27,run-031551,T27-T28,early,hankel_d50,50,7,31,233,0.992665491352556,0.0961126235119143,31.46124854262043,-5.521507472872458,0.0922936708791304,1.0,3.5913651504115176,0.951104928444577,0.9733997039651576,-0.0222947755205807,10,4.8828125,0.05,True,one-sided
sub-ccepAgeUMCU27,run-031551,T27-T28,early,hankel_d50,50,7,33,233,0.9919057251421912,0.0761267605709986,24.967008198543432,-10.63060481468512,0.0567933189964846,1.0,6.502829981368722,0.9277635894396724,0.9494169211106682,-0.0216533316709957,10,4.8828125,0.05,True,one-sided
sub-ccepAgeUMCU27,run-031551,T27-T28,early,hankel_d50,50,7,35,233,0.9891023636689618,0.0697450681119885,22.94584735693598,-17.361989525678847,0.0486130018784706,1.0,11.708549311733812,0.9100548376269648,0.9187186610295844,-0.0086638234026196,10,4.8828125,0.05,True,one-sided
sub-ccepAgeUMCU27,run-031551,T27-T28,early,hankel_d50,50,7,37,233,0.9950059918825928,0.064035369651696,20.948155842145244,-6.020914937974752,0.0516195481517104,1.0,7.189877861550814,0.9464045925442596,0.9710289478545896,-0.0246243553103302,10,4.8828125,0.05,True,one-sided
sub-ccepAgeUMCU27,run-031551,T27-T28,early,hankel_d50,50,7,39,233,0.9963044280049916,0.0483243490034551,15.79733430139705,-5.176319014339546,0.0458139220371537,1.0,15.544991637834196,0.967678006142036,0.9750417433707268,-0.0073637372286908,10,4.8828125,0.05,True,one-sided
sub-ccepAgeUMCU27,run-031551,T27-T28,early,hankel_d50,50,7,41,233,0.9958233086326452,0.0439017974280819,14.360480590472983,-6.583493846013471,0.0417995951963946,1.0,14.854954417136552,0.9861480071044,0.968365223320907,0.0177827837834928,10,4.8828125,0.05,True,one-sided
sub-ccepAgeUMCU27,run-031551,T27-T28,early,hankel_d50,50,7,44,233,0.9997737346353356,0.0084994485489922,2.770949735350906,-0.3894386860239466,0.0255942345333292,1.0,6.32851504705615,0.9779388649576564,0.9981002507282364,-0.0201613857705799,10,4.8828125,0.05,True,one-sided
sub-ccepAgeUMCU27,run-031551,T27-T28,early,hankel_d50,50,7,46,233,0.9952119261743044,0.0296279656221675,9.700812061048753,-8.922374201218581,0.0265813667500264,1.0,10.838710399901514,0.9602535440906276,0.957369097296777,0.0028844467938504,10,4.8828125,0.05,True,one-sided
sub-ccepAgeUMCU27,run-031551,T27-T28,early,hankel_d50,50,7,48,233,0.9971682537270394,0.0214571121147048,7.012710234878744,-5.333613950416243,0.020001457588194,1.0,9.164774645362414,0.9785112532498296,0.9742931581811296,0.0042180950686998,10,4.8828125,0.05,True,one-sided
sub-ccepAgeUMCU27,run-031551,T27-T28,early,hankel_d50,50,8,10,234,0.959060983124994,0.2519041879718046,83.72181405256617,-17.29343033227272,0.2199760976522475,0.0,0.6527312040293629,0.5331265931183782,0.9190262643220456,-0.3858996712036675,10,4.8828125,0.05,False,one-sided
sub-ccepAgeUMCU27,run-031551,T27-T28,early,hankel_d50,50,8,12,234,0.969405370781437,0.233812197835327,77.14280087496584,-5.735155852702147,0.2052280225511708,0.0,1.0270210124362518,0.6151988839861854,0.9723847780267432,-0.3571858940405578,10,4.8828125,0.05,False,one-sided
sub-ccepAgeUMCU27,run-031551,T27-T28,early,hankel_d50,50,8,14,234,0.973272171492832,0.2167463969042949,71.42296294954167,-5.917640308159188,0.2027001898146546,0.0,1.2188916409239643,0.7629857926978147,0.9715187327382846,-0.2085329400404698,10,4.8828125,0.05,False,one-sided
sub-ccepAgeUMCU27,run-031551,T27-T28,early,hankel_d50,50,8,16,234,0.9792866019600628,0.1951612622714135,64.11815095571484,-2.9840125179801267,0.1840985539498658,0.0,1.097354292213196,0.8365050003195729,0.9855352606050868,-0.149030260285514,10,4.8828125,0.05,False,one-sided
sub-ccepAgeUMCU27,run-031551,T27-T28,early,hankel_d50,50,8,18,234,0.9828841689508818,0.1683577774613376,55.29508916101966,-5.744718116444937,0.1569186949804538,0.0,1.5824565148299448,0.8402827696530992,0.9723393777208822,-0.1320566080677829,10,4.8828125,0.05,False,one-sided
sub-ccepAgeUMCU27,run-031551,T27-T28,early,hankel_d50,50,8,20,234,0.9853172674509114,0.157602322334847,51.69795082089608,-4.42440837299315,0.1442964380690425,0.0,1.519332168724421,0.7953235047273399,0.9786281289091868,-0.1833046241818469,10,4.8828125,0.05,False,one-sided
sub-ccepAgeUMCU27,run-031551,T27-T28,early,hankel_d50,50,8,22,234,0.987369179985629,0.1464350467747178,47.99117024779696,-3.753563712225224,0.1411111004681675,0.0,1.9957779456031548,0.8909708108634046,0.9818389876049586,-0.090868176741554,10,4.8828125,0.05,False,one-sided
sub-ccepAgeUMCU27,run-031551,T27-T28,early,hankel_d50,50,8,24,234,0.988060831605909,0.1310060025651306,42.96668354881721,-6.753197148508251,0.1230825285732722,0.0,1.6994278150998563,0.8880287436122738,0.9675631397813232,-0.0795343961690494,10,4.8828125,0.05,False,one-sided
sub-ccepAgeUMCU27,run-031551,T27-T28,early,hankel_d50,50,8,26,234,0.9895188332745192,0.1204522467632358,39.48294040940677,-6.516676438493888,0.1164974720675823,0.0,2.316180632662336,0.9038059481534576,0.9686812106739752,-0.0648752625205176,10,4.8828125,0.05,False,one-sided
sub-ccepAgeUMCU27,run-031551,T27-T28,early,hankel_d50,50,8,28,234,0.993178581435429,0.1058610468470263,34.6116486725223,-2.450026633452996,0.0940648354587435,0.7777777777777778,2.1379207390114736,0.9193805238027588,0.9881082517663096,-0.0687277279635509,10,4.8828125,0.05,True,one-sided
sub-ccepAgeUMCU27,run-031551,T27-T28,early,hankel_d50,50,8,30,234,0.991790391026428,0.09403906460564,30.813571844940967,-7.717688414979701,0.0834879094436584,1.0,3.1154557368393663,0.9098162231266912,0.9630171817298708,-0.0532009586031795,10,4.8828125,0.05,True,one-sided
sub-ccepAgeUMCU27,run-031551,T27-T28,early,hankel_d50,50,8,32,234,0.9960401546986366,0.0830964163636823,27.130074757270474,-1.0234830277924774,0.0774035278358484,1.0,4.006125646524118,0.9720393073755188,0.995014990884318,-0.022975683508799,10,4.8828125,0.05,True,one-sided
sub-ccepAgeUMCU27,run-031551,T27-T28,early,hankel_d50,50,8,34,234,0.955948693674752,0.0,0.0,-92.26451983387231,0.0406830195899724,1.0,12.430390865483432,0.6791437671506023,0.6373028206390412,0.0418409465115611,10,4.8828125,0.05,True,one-sided
sub-ccepAgeUMCU27,run-031551,T27-T28,early,hankel_d50,50,8,35,234,0.9896709962575688,0.0725171078625512,23.840988918810663,-15.78058324839268,0.0639558388697184,1.0,8.800746797812149,0.9442543706371714,0.9258402002590022,0.0184141703781692,10,4.8828125,0.05,True,one-sided
sub-ccepAgeUMCU27,run-031551,T27-T28,early,hankel_d50,50,8,37,234,0.9944731498718572,0.062651461967874,20.507591229603264,-7.294216982663408,0.0584009711645931,1.0,6.406349728889517,0.9535125933106932,0.9650105029072586,-0.0114979095965654,10,4.8828125,0.05,True,one-sided
sub-ccepAgeUMCU27,run-031551,T27-T28,early,hankel_d50,50,8,39,234,0.9848306361441128,0.0468243743934001,15.485797798479163,-28.99267311234891,0.0329928604704767,1.0,9.271634131560852,0.920263333135806,0.8679980709940065,0.0522652621417996,10,4.8828125,0.05,False,one-sided
sub-ccepAgeUMCU27,run-031551,T27-T28,early,hankel_d50,50,8,41,234,0.9974407470497026,0.0437134590285128,14.275796055899146,-3.2831734499656107,0.0395219532856572,1.0,5.567205846440096,0.9813109217865932,0.9840966941342048,-0.0027857723476115,10,4.8828125,0.05,True,one-sided
sub-ccepAgeUMCU27,run-031551,T27-T28,early,hankel_d50,50,8,43,234,0.9992363571739944,0.0302181874508082,9.85412183062342,-0.6284820029831768,0.0286204310759766,1.0,5.455658065579065,0.9663295075376788,0.9969359440502314,-0.0306064365125525,10,4.8828125,0.05,True,one-sided
sub-ccepAgeUMCU27,run-031551,T27-T28,early,hankel_d50,50,8,46,234,0.9999077938683912,0.0108033494124023,3.521532128369666,-0.0693183425398179,0.0171002175731911,1.0,13.56914349463985,0.9740541324547286,0.9996615888045582,-0.0256074563498296,10,4.8828125,0.05,True,one-sided
sub-ccepAgeUMCU27,run-031551,T27-T28,early,hankel_d50,50,8,48,234,0.9954175279037244,0.0165645278527251,5.423551629615532,-9.122949391688874,0.0168403954848536,1.0,13.5035934810393,0.9462220465003612,0.9564319367102644,-0.0102098902099031,10,4.8828125,0.05,True,one-sided
sub-ccepAgeUMCU27,run-031551,T27-T28,early,hankel_d50,50,9,10,235,0.9619518351422868,0.2606558819240122,86.24998216327339,-6.891286824249184,0.224425989627929,0.0,0.5634113148455692,0.5019526793874687,0.96691096475275,-0.4649582853652813,10,4.8828125,0.05,False,one-sided
sub-ccepAgeUMCU27,run-031551,T27-T28,early,hankel_d50,50,9,12,235,0.9688866426289346,0.2228870656123744,73.70062112306515,-11.927142825696308,0.2090661488545499,0.0,1.6557929602338306,0.7476146463773814,0.9434253835122434,-0.1958107371348619,10,4.8828125,0.05,False,one-sided
sub-ccepAgeUMCU27,run-031551,T27-T28,early,hankel_d50,50,9,14,235,0.9686404934576316,0.21233059090547,70.33713759487385,-17.194502314959955,0.2009222887434326,0.0,2.5082851301669504,0.78885206890755,0.9194703044022297,-0.1306182354946795,10,4.8828125,0.05,False,one-sided
sub-ccepAgeUMCU27,run-031551,T27-T28,early,hankel_d50,50,9,16,235,0.9785134774368156,0.179712210326577,59.203558670650885,-10.513844240294729,0.1762601948663503,0.0,2.946645615495952,0.8888213778157055,0.9499583570053186,-0.0611369791896131,10,4.8828125,0.05,False,one-sided
sub-ccepAgeUMCU27,run-031551,T27-T28,early,hankel_d50,50,9,18,235,0.9833621847502284,0.179159472745046,58.74066437835282,-0.9227292673874782,0.1693860176996924,0.0,2.1908182306498087,0.8338877691211138,0.9955046206010468,-0.1616168514799328,10,4.8828125,0.05,False,one-sided
sub-ccepAgeUMCU27,run-031551,T27-T28,early,hankel_d50,50,9,22,235,0.9870956884295758,0.1382917827493254,45.3700912651518,-6.695747836978259,0.1321341305475302,0.0,2.390663038334815,0.8771419192674904,0.9678345930688236,-0.090692673801333,10,4.8828125,0.05,False,one-sided
sub-ccepAgeUMCU27,run-031551,T27-T28,early,hankel_d50,50,9,24,235,0.9881886471021036,0.1295486235791512,42.4886929550966,-6.884249601601242,0.1245154218271503,0.0,2.3590048059166286,0.9248066751147038,0.9669441897754318,-0.042137514660728,10,4.8828125,0.05,False,one-sided
sub-ccepAgeUMCU27,run-031551,T27-T28,early,hankel_d50,50,9,26,235,0.989887213589016,0.1170131011585339,38.35201334210757,-6.606856234765963,0.1109618801043257,0.2222222222222222,2.315257274806505,0.90342718192828,0.968254764168161,-0.064827582239881,10,4.8828125,0.05,False,one-sided
sub-ccepAgeUMCU27,run-031551,T27-T28,early,hankel_d50,50,9,30,235,0.980160304118558,0.0901541721911247,29.89637555536711,-32.41342838787585,0.0784753846125776,1.0,6.078730717021031,0.9249587910189604,0.8536203890722575,0.0713384019467029,10,4.8828125,0.05,False,one-sided
sub-ccepAgeUMCU27,run-031551,T27-T28,early,hankel_d50,50,9,32,235,0.9954259930938718,0.0843430013022772,27.552059753479224,-2.063749036921481,0.0765769443986743,1.0,5.128805465530308,0.9517819488537408,0.989973702245851,-0.0381917533921101,10,4.8828125,0.05,True,one-sided
sub-ccepAgeUMCU27,run-031551,T27-T28,early,hankel_d50,50,9,34,235,0.975670458222602,0.0674235389244492,22.48891887610724,-45.56459919425564,0.0533431226320672,1.0,13.78246752769942,0.928405555219344,0.800528299809979,0.1278772554093651,10,4.8828125,0.05,False,one-sided
sub-ccepAgeUMCU27,run-031551,T27-T28,early,hankel_d50,50,9,36,235,0.9927742363610506,0.0722133788671464,23.667536614875125,-9.448429055006594,0.0633101972432597,1.0,7.780680003420594,0.9658204758880888,0.9549131285623396,0.0109073473257492,10,4.8828125,0.05,True,one-sided
sub-ccepAgeUMCU27,run-031551,T27-T28,early,hankel_d50,50,9,40,235,0.9934591863860132,0.0448658305305634,14.710274369918514,-11.353229344836894,0.0385825759675142,1.0,6.26066710937614,0.965026889669435,0.9460728635082752,0.0189540261611597,10,4.8828125,0.05,True,one-sided
sub-ccepAgeUMCU27,run-031551,T27-T28,early,hankel_d50,50,9,46,235,0.9930309723310916,0.023260161274752,7.633445410699032,-13.760864586929731,0.0194450282046723,1.0,10.461033798813691,0.9291870605648542,0.9350159213880946,-0.0058288608232404,10,4.8828125,0.05,True,one-sided
sub-ccepAgeUMCU27,run-031551,T27-T28,early,hankel_d50,50,9,48,235,0.9969513398460016,0.033239013855713,10.863340945494896,-5.115547085590611,0.0309357308533016,1.0,9.159130959325855,0.9872574501345076,0.9753311181746976,0.01192633195981,10,4.8828125,0.05,True,one-sided
