stem,n_fits,all_rank50,min_rank,n_channels,subject
sub-ccepAgeUMCU02__run-021804__FC11-FC12,40,True,50,84,sub-ccepAgeUMCU02
sub-ccepAgeUMCU02__run-021804__FC12-FC13,40,True,50,84,sub-ccepAgeUMCU02
sub-ccepAgeUMCU02__run-021804__FC13-FC14,40,True,50,84,sub-ccepAgeUMCU02
sub-ccepAgeUMCU02__run-021804__FC15-FC16,40,True,50,84,sub-ccepAgeUMCU02
sub-ccepAgeUMCU02__run-021804__FC17-FC18,40,True,50,84,sub-ccepAgeUMCU02
sub-ccepAgeUMCU02__run-021804__FC18-FC19,40,True,50,84,sub-ccepAgeUMCU02
sub-ccepAgeUMCU02__run-021804__FC19-FC20,40,True,50,84,sub-ccepAgeUMCU02
sub-ccepAgeUMCU02__run-021804__FC20-FC21,40,True,50,84,sub-ccepAgeUMCU02
sub-ccepAgeUMCU02__run-021804__FC21-FC22,40,True,50,84,sub-ccepAgeUMCU02
sub-ccepAgeUMCU02__run-021804__FC22-FC23,40,True,50,84,sub-ccepAgeUMCU02
sub-ccepAgeUMCU02__run-021804__FC23-FC24,40,True,50,84,sub-ccepAgeUMCU02
sub-ccepAgeUMCU02__run-021804__FC25-FC26,40,True,50,84,sub-ccepAgeUMCU02
sub-ccepAgeUMCU02__run-021804__FC31-FC32,40,True,50,84,sub-ccepAgeUMCU02
sub-ccepAgeUMCU02__run-021804__FC33-FC34,40,True,50,84,sub-ccepAgeUMCU02
sub-ccepAgeUMCU02__run-021804__FC34-FC35,40,True,50,84,sub-ccepAgeUMCU02
sub-ccepAgeUMCU02__run-021804__FC35-FC36,40,True,50,84,sub-ccepAgeUMCU02
sub-ccepAgeUMCU02__run-021804__FC36-FC37,40,True,50,84,sub-ccepAgeUMCU02
sub-ccepAgeUMCU02__run-021804__FC43-FC44,40,True,50,84,sub-ccepAgeUMCU02
sub-ccepAgeUMCU02__run-041421__F01-F02,40,True,50,84,sub-ccepAgeUMCU02
sub-ccepAgeUMCU02__run-041421__F02-F03,40,True,50,84,sub-ccepAgeUMCU02
sub-ccepAgeUMCU02__run-041421__F04-F05,40,True,50,84,sub-ccepAgeUMCU02
sub-ccepAgeUMCU02__run-041421__FB50-FB51,40,True,50,84,sub-ccepAgeUMCU02
sub-ccepAgeUMCU02__run-041421__FB51-FB52,40,True,50,84,sub-ccepAgeUMCU02
sub-ccepAgeUMCU02__run-041421__FB59-FB60,40,True,50,84,sub-ccepAgeUMCU02
sub-ccepAgeUMCU02__run-041421__FB60-FB61,40,True,50,84,sub-ccepAgeUMCU02
sub-ccepAgeUMCU02__run-041421__FB61-FB62,40,True,50,84,sub-ccepAgeUMCU02
sub-ccepAgeUMCU02__run-041421__FB62-FB63,40,True,50,84,sub-ccepAgeUMCU02
sub-ccepAgeUMCU02__run-041421__IH3-IH4,40,True,50,84,sub-ccepAgeUMCU02
sub-ccepAgeUMCU02__run-041421__IH4-IH5,40,True,50,84,sub-ccepAgeUMCU02
sub-ccepAgeUMCU02__run-041421__IH7-IH8,40,True,50,84,sub-ccepAgeUMCU02
sub-ccepAgeUMCU03__run-031411__C05-C06,40,True,50,67,sub-ccepAgeUMCU03
sub-ccepAgeUMCU03__run-031411__C09-C10,40,True,50,65,sub-ccepAgeUMCU03
sub-ccepAgeUMCU03__run-031411__C10-C11,40,True,50,65,sub-ccepAgeUMCU03
sub-ccepAgeUMCU03__run-031411__C11-C12,40,True,50,64,sub-ccepAgeUMCU03
sub-ccepAgeUMCU03__run-031411__C12-C13,40,True,50,65,sub-ccepAgeUMCU03
sub-ccepAgeUMCU03__run-031411__C13-C14,40,True,50,65,sub-ccepAgeUMCU03
sub-ccepAgeUMCU03__run-031411__C14-C15,40,True,50,66,sub-ccepAgeUMCU03
sub-ccepAgeUMCU03__run-031411__C17-C18,40,True,50,69,sub-ccepAgeUMCU03
sub-ccepAgeUMCU03__run-031411__C18-C19,40,True,50,69,sub-ccepAgeUMCU03
sub-ccepAgeUMCU03__run-031411__C19-C20,40,True,50,70,sub-ccepAgeUMCU03
sub-ccepAgeUMCU03__run-031411__C23-C24,40,True,50,70,sub-ccepAgeUMCU03
sub-ccepAgeUMCU03__run-031411__C25-C26,40,True,50,70,sub-ccepAgeUMCU03
sub-ccepAgeUMCU03__run-031411__C29-C30,40,True,50,69,sub-ccepAgeUMCU03
sub-ccepAgeUMCU03__run-031411__C33-C34,40,True,50,68,sub-ccepAgeUMCU03
sub-ccepAgeUMCU03__run-031411__C35-C36,40,True,50,68,sub-ccepAgeUMCU03
sub-ccepAgeUMCU03__run-031411__C36-C37,40,True,50,67,sub-ccepAgeUMCU03
sub-ccepAgeUMCU03__run-031411__C37-C38,40,True,50,67,sub-ccepAgeUMCU03
sub-ccepAgeUMCU03__run-031411__C43-C44,40,True,50,65,sub-ccepAgeUMCU03
sub-ccepAgeUMCU03__run-031411__C44-C45,40,True,50,65,sub-ccepAgeUMCU03
sub-ccepAgeUMCU03__run-031411__C47-C48,40,True,50,68,sub-ccepAgeUMCU03
sub-ccepAgeUMCU03__run-031411__F49-F50,40,True,50,70,sub-ccepAgeUMCU03
sub-ccepAgeUMCU03__run-031411__F59-F60,40,True,50,70,sub-ccepAgeUMCU03
sub-ccepAgeUMCU03__run-031411__F60-F61,40,True,50,70,sub-ccepAgeUMCU03
sub-ccepAgeUMCU03__run-031411__F61-F62,40,True,50,70,sub-ccepAgeUMCU03
sub-ccepAgeUMCU03__run-031411__F62-F63,40,True,50,70,sub-ccepAgeUMCU03
sub-ccepAgeUMCU03__run-031411__F63-F64,40,True,50,70,sub-ccepAgeUMCU03
sub-ccepAgeUMCU03__run-031556__IH6-IH7,40,True,50,70,sub-ccepAgeUMCU03
sub-ccepAgeUMCU04__run-031148__Oc1-Oc2,40,True,50,109,sub-ccepAgeUMCU04
sub-ccepAgeUMCU04__run-031148__P01-P02,40,True,50,109,sub-ccepAgeUMCU04
sub-ccepAgeUMCU04__run-031148__P03-P04,40,True,50,109,sub-ccepAgeUMCU04
sub-ccepAgeUMCU04__run-031148__P04-P05,40,True,50,109,sub-ccepAgeUMCU04
sub-ccepAgeUMCU04__run-031148__P05-P06,40,True,50,109,sub-ccepAgeUMCU04
sub-ccepAgeUMCU04__run-031148__P06-P07,40,True,50,109,sub-ccepAgeUMCU04
sub-ccepAgeUMCU04__run-031148__P07-P08,40,True,50,109,sub-ccepAgeUMCU04
sub-ccepAgeUMCU04__run-031148__P10-P11,40,True,50,109,sub-ccepAgeUMCU04
sub-ccepAgeUMCU04__run-031148__P11-P12,40,True,50,109,sub-ccepAgeUMCU04
sub-ccepAgeUMCU04__run-031148__P12-P13,40,True,50,109,sub-ccepAgeUMCU04
sub-ccepAgeUMCU04__run-031148__TP1-TP2,40,True,50,109,sub-ccepAgeUMCU04
sub-ccepAgeUMCU04__run-031148__TP10-TP11,40,True,50,109,sub-ccepAgeUMCU04
sub-ccepAgeUMCU04__run-031148__TP11-TP12,40,True,50,109,sub-ccepAgeUMCU04
sub-ccepAgeUMCU04__run-031148__TP12-TP13,40,True,50,109,sub-ccepAgeUMCU04
sub-ccepAgeUMCU04__run-031148__TP13-TP14,40,True,50,109,sub-ccepAgeUMCU04
sub-ccepAgeUMCU04__run-031148__TP14-TP15,40,True,50,109,sub-ccepAgeUMCU04
sub-ccepAgeUMCU04__run-031148__TP19-TP20,40,True,50,109,sub-ccepAgeUMCU04
sub-ccepAgeUMCU04__run-031148__TP20-TP21,40,True,50,109,sub-ccepAgeUMCU04
sub-ccepAgeUMCU04__run-031148__TP21-TP22,40,True,50,109,sub-ccepAgeUMCU04
sub-ccepAgeUMCU04__run-031148__TP22-TP23,40,True,50,109,sub-ccepAgeUMCU04
sub-ccepAgeUMCU04__run-031148__TP23-TP24,40,True,50,109,sub-ccepAgeUMCU04
sub-ccepAgeUMCU04__run-031148__TP26-TP27,40,True,50,109,sub-ccepAgeUMCU04
sub-ccepAgeUMCU04__run-031148__TP27-TP28,40,True,50,109,sub-ccepAgeUMCU04
sub-ccepAgeUMCU04__run-031148__TP28-TP29,40,True,50,109,sub-ccepAgeUMCU04
sub-ccepAgeUMCU04__run-031148__TP29-TP30,40,True,50,109,sub-ccepAgeUMCU04
sub-ccepAgeUMCU04__run-031148__TP4-TP5,40,True,50,109,sub-ccepAgeUMCU04
sub-ccepAgeUMCU04__run-031148__TP5-TP6,40,True,50,109,sub-ccepAgeUMCU04
sub-ccepAgeUMCU04__run-031148__TPa12-TPa13,40,True,50,109,sub-ccepAgeUMCU04
sub-ccepAgeUMCU04__run-031148__TPa6-TPa7,40,True,50,109,sub-ccepAgeUMCU04
sub-ccepAgeUMCU04__run-031148__TPv3-TPv4,40,True,50,109,sub-ccepAgeUMCU04
sub-ccepAgeUMCU04__run-031252__C36-C37,40,True,50,109,sub-ccepAgeUMCU04
sub-ccepAgeUMCU04__run-031252__C37-C38,40,True,50,109,sub-ccepAgeUMCU04
sub-ccepAgeUMCU04__run-031252__C43-C44,40,True,50,109,sub-ccepAgeUMCU04
sub-ccepAgeUMCU04__run-031252__C48-C49,40,True,50,109,sub-ccepAgeUMCU04
sub-ccepAgeUMCU04__run-031252__C49-C50,40,True,50,109,sub-ccepAgeUMCU04
sub-ccepAgeUMCU04__run-031252__C50-C51,40,True,50,109,sub-ccepAgeUMCU04
sub-ccepAgeUMCU04__run-031252__C51-C52,40,True,50,109,sub-ccepAgeUMCU04
sub-ccepAgeUMCU04__run-031252__C52-C53,40,True,50,109,sub-ccepAgeUMCU04
sub-ccepAgeUMCU04__run-031252__C53-C54,40,True,50,109,sub-ccepAgeUMCU04
sub-ccepAgeUMCU04__run-031252__C58-C59,40,True,50,109,sub-ccepAgeUMCU04
sub-ccepAgeUMCU04__run-031252__C60-C61,40,True,50,109,sub-ccepAgeUMCU04
sub-ccepAgeUMCU04__run-031252__C62-C63,40,True,50,109,sub-ccepAgeUMCU04
sub-ccepAgeUMCU05__run-031133__OB2-OB3,40,True,50,91,sub-ccepAgeUMCU05
sub-ccepAgeUMCU05__run-031133__Oc1-Oc2,40,True,50,91,sub-ccepAgeUMCU05
sub-ccepAgeUMCU05__run-031133__Oc6-Oc7,40,True,50,91,sub-ccepAgeUMCU05
sub-ccepAgeUMCU05__run-031133__P03-P04,40,True,50,91,sub-ccepAgeUMCU05
sub-ccepAgeUMCU05__run-031133__P06-P07,40,True,50,91,sub-ccepAgeUMCU05
sub-ccepAgeUMCU05__run-031133__P09-P10,40,True,50,91,sub-ccepAgeUMCU05
sub-ccepAgeUMCU05__run-031133__P10-P11,40,True,50,91,sub-ccepAgeUMCU05
sub-ccepAgeUMCU05__run-031133__P11-P12,40,True,50,91,sub-ccepAgeUMCU05
sub-ccepAgeUMCU05__run-031133__P12-P13,40,True,50,91,sub-ccepAgeUMCU05
sub-ccepAgeUMCU05__run-031133__P13-P14,40,True,50,91,sub-ccepAgeUMCU05
sub-ccepAgeUMCU05__run-031133__P14-P15,40,True,50,91,sub-ccepAgeUMCU05
sub-ccepAgeUMCU05__run-031133__P19-P20,40,True,50,91,sub-ccepAgeUMCU05
sub-ccepAgeUMCU05__run-031133__P20-P21,40,True,50,91,sub-ccepAgeUMCU05
sub-ccepAgeUMCU05__run-031133__P27-P28,40,True,50,91,sub-ccepAgeUMCU05
sub-ccepAgeUMCU05__run-031133__P31-P32,40,True,50,91,sub-ccepAgeUMCU05
sub-ccepAgeUMCU05__run-031133__P33-P34,40,True,50,91,sub-ccepAgeUMCU05
sub-ccepAgeUMCU05__run-031133__P34-P35,40,True,50,91,sub-ccepAgeUMCU05
sub-ccepAgeUMCU05__run-031133__P36-P37,40,True,50,91,sub-ccepAgeUMCU05
sub-ccepAgeUMCU05__run-031133__P39-P40,40,True,50,91,sub-ccepAgeUMCU05
sub-ccepAgeUMCU05__run-031133__P44-P45,40,True,50,91,sub-ccepAgeUMCU05
sub-ccepAgeUMCU05__run-031133__P46-P47,40,True,50,91,sub-ccepAgeUMCU05
sub-ccepAgeUMCU05__run-031133__P47-P48,40,True,50,91,sub-ccepAgeUMCU05
sub-ccepAgeUMCU05__run-031133__P49-P50,40,True,50,91,sub-ccepAgeUMCU05
sub-ccepAgeUMCU05__run-031133__P52-P53,40,True,50,91,sub-ccepAgeUMCU05
sub-ccepAgeUMCU05__run-031133__P53-P54,40,True,50,91,sub-ccepAgeUMCU05
sub-ccepAgeUMCU05__run-031133__P54-P55,40,True,50,91,sub-ccepAgeUMCU05
sub-ccepAgeUMCU05__run-031133__P61-P62,40,True,50,91,sub-ccepAgeUMCU05
sub-ccepAgeUMCU05__run-031133__PB1-PB2,40,True,50,91,sub-ccepAgeUMCU05
sub-ccepAgeUMCU05__run-031133__PB2-PB3,40,True,50,91,sub-ccepAgeUMCU05
sub-ccepAgeUMCU05__run-031133__PB3-PB4,40,True,50,91,sub-ccepAgeUMCU05
sub-ccepAgeUMCU05__run-031133__PB4-PB5,40,True,50,91,sub-ccepAgeUMCU05
sub-ccepAgeUMCU05__run-031133__PB5-PB6,40,True,50,91,sub-ccepAgeUMCU05
sub-ccepAgeUMCU06__run-030854__C02-C03,40,True,50,61,sub-ccepAgeUMCU06
sub-ccepAgeUMCU06__run-030854__C03-C04,40,True,50,61,sub-ccepAgeUMCU06
sub-ccepAgeUMCU06__run-030854__C05-C06,40,True,50,61,sub-ccepAgeUMCU06
sub-ccepAgeUMCU06__run-030854__C06-C07,40,True,50,61,sub-ccepAgeUMCU06
sub-ccepAgeUMCU06__run-030854__C07-C08,40,True,50,61,sub-ccepAgeUMCU06
sub-ccepAgeUMCU06__run-030854__C10-C11,40,True,50,61,sub-ccepAgeUMCU06
sub-ccepAgeUMCU06__run-030854__C11-C12,40,True,50,61,sub-ccepAgeUMCU06
sub-ccepAgeUMCU06__run-030854__C12-C13,40,True,50,61,sub-ccepAgeUMCU06
sub-ccepAgeUMCU06__run-030854__C13-C14,40,True,50,61,sub-ccepAgeUMCU06
sub-ccepAgeUMCU06__run-030854__C14-C15,40,True,50,61,sub-ccepAgeUMCU06
sub-ccepAgeUMCU06__run-030854__C15-C16,40,True,50,61,sub-ccepAgeUMCU06
sub-ccepAgeUMCU06__run-030854__C17-C18,40,True,50,61,sub-ccepAgeUMCU06
sub-ccepAgeUMCU06__run-030854__C18-C19,40,True,50,61,sub-ccepAgeUMCU06
sub-ccepAgeUMCU06__run-030854__C19-C20,40,True,50,61,sub-ccepAgeUMCU06
sub-ccepAgeUMCU06__run-030854__C20-C21,40,True,50,61,sub-ccepAgeUMCU06
sub-ccepAgeUMCU06__run-030854__C22-C23,40,True,50,61,sub-ccepAgeUMCU06
sub-ccepAgeUMCU06__run-030854__C23-C24,40,True,50,61,sub-ccepAgeUMCU06
sub-ccepAgeUMCU06__run-030854__C25-C26,40,True,50,61,sub-ccepAgeUMCU06
sub-ccepAgeUMCU06__run-030854__C26-C27,40,True,50,61,sub-ccepAgeUMCU06
sub-ccepAgeUMCU06__run-030854__C27-C28,40,True,50,61,sub-ccepAgeUMCU06
sub-ccepAgeUMCU06__run-030854__C28-C29,40,True,50,61,sub-ccepAgeUMCU06
sub-ccepAgeUMCU06__run-030854__C29-C30,40,True,50,61,sub-ccepAgeUMCU06
sub-ccepAgeUMCU06__run-030854__C31-C32,40,True,50,61,sub-ccepAgeUMCU06
sub-ccepAgeUMCU06__run-030854__C33-C34,40,True,50,61,sub-ccepAgeUMCU06
sub-ccepAgeUMCU06__run-030854__C34-C35,40,True,50,61,sub-ccepAgeUMCU06
sub-ccepAgeUMCU06__run-030854__C35-C36,40,True,50,61,sub-ccepAgeUMCU06
sub-ccepAgeUMCU06__run-030854__C36-C37,40,True,50,61,sub-ccepAgeUMCU06
sub-ccepAgeUMCU06__run-030854__C37-C38,40,True,50,61,sub-ccepAgeUMCU06
sub-ccepAgeUMCU06__run-030854__C38-C39,40,True,50,61,sub-ccepAgeUMCU06
sub-ccepAgeUMCU06__run-030854__C39-C40,40,True,50,61,sub-ccepAgeUMCU06
sub-ccepAgeUMCU06__run-030854__C42-C43,40,True,50,61,sub-ccepAgeUMCU06
sub-ccepAgeUMCU06__run-030854__C43-C44,40,True,50,61,sub-ccepAgeUMCU06
sub-ccepAgeUMCU06__run-030854__C44-C45,40,True,50,61,sub-ccepAgeUMCU06
sub-ccepAgeUMCU06__run-030854__C45-C46,40,True,50,61,sub-ccepAgeUMCU06
sub-ccepAgeUMCU06__run-030854__C46-C47,40,True,50,61,sub-ccepAgeUMCU06
sub-ccepAgeUMCU06__run-030854__C47-C48,40,True,50,61,sub-ccepAgeUMCU06
sub-ccepAgeUMCU06__run-030854__IH49-IH50,40,True,50,61,sub-ccepAgeUMCU06
sub-ccepAgeUMCU06__run-030854__IH51-IH52,40,True,50,61,sub-ccepAgeUMCU06
sub-ccepAgeUMCU06__run-030854__IH52-IH53,40,True,50,61,sub-ccepAgeUMCU06
sub-ccepAgeUMCU06__run-030854__IH53-IH54,40,True,50,61,sub-ccepAgeUMCU06
sub-ccepAgeUMCU06__run-030854__IH54-IH55,40,True,50,61,sub-ccepAgeUMCU06
sub-ccepAgeUMCU06__run-030854__IH55-IH56,40,True,50,61,sub-ccepAgeUMCU06
sub-ccepAgeUMCU06__run-030854__IH59-IH60,40,True,50,61,sub-ccepAgeUMCU06
sub-ccepAgeUMCU06__run-030854__IH60-IH61,40,True,50,61,sub-ccepAgeUMCU06
sub-ccepAgeUMCU07__run-021647__HOC49-HOC50,40,True,50,109,sub-ccepAgeUMCU07
sub-ccepAgeUMCU07__run-021647__HOC51-HOC52,40,True,50,109,sub-ccepAgeUMCU07
sub-ccepAgeUMCU07__run-021647__HOC52-HOC53,40,True,50,109,sub-ccepAgeUMCU07
sub-ccepAgeUMCU07__run-021647__HOC53-HOC54,40,True,50,109,sub-ccepAgeUMCU07
sub-ccepAgeUMCU07__run-021647__HOC58-HOC59,40,True,50,109,sub-ccepAgeUMCU07
sub-ccepAgeUMCU07__run-021647__HOC60-HOC61,40,True,50,109,sub-ccepAgeUMCU07
sub-ccepAgeUMCU07__run-021647__HOC61-HOC62,40,True,50,109,sub-ccepAgeUMCU07
sub-ccepAgeUMCU07__run-021647__LOc1-LOc2,40,True,50,109,sub-ccepAgeUMCU07
sub-ccepAgeUMCU07__run-021647__LOc2-LOc3,40,True,50,109,sub-ccepAgeUMCU07
sub-ccepAgeUMCU07__run-021647__LOc4-LOc5,40,True,50,109,sub-ccepAgeUMCU07
sub-ccepAgeUMCU07__run-021647__LOc5-LOc6,40,True,50,109,sub-ccepAgeUMCU07
sub-ccepAgeUMCU07__run-021647__LOc6-LOc7,40,True,50,109,sub-ccepAgeUMCU07
sub-ccepAgeUMCU07__run-021647__LOc7-LOc8,40,True,50,109,sub-ccepAgeUMCU07
sub-ccepAgeUMCU07__run-021647__TOc02-TOc03,40,True,50,109,sub-ccepAgeUMCU07
sub-ccepAgeUMCU07__run-021647__TOc03-TOc04,40,True,50,109,sub-ccepAgeUMCU07
sub-ccepAgeUMCU07__run-021647__TOc06-TOc07,40,True,50,109,sub-ccepAgeUMCU07
sub-ccepAgeUMCU07__run-021647__TOc14-TOc15,40,True,50,109,sub-ccepAgeUMCU07
sub-ccepAgeUMCU07__run-021647__TOc26-TOc27,40,True,50,109,sub-ccepAgeUMCU07
sub-ccepAgeUMCU07__run-021647__TOc27-TOc28,40,True,50,108,sub-ccepAgeUMCU07
sub-ccepAgeUMCU07__run-021647__TOc30-TOc31,40,True,50,109,sub-ccepAgeUMCU07
sub-ccepAgeUMCU07__run-021647__TOc33-TOc34,40,True,50,109,sub-ccepAgeUMCU07
sub-ccepAgeUMCU07__run-021647__TOc44-TOc45,40,True,50,109,sub-ccepAgeUMCU07
sub-ccepAgeUMCU07__run-021647__sOc1-sOc2,40,True,50,109,sub-ccepAgeUMCU07
sub-ccepAgeUMCU07__run-021647__sOc2-sOc3,40,True,50,109,sub-ccepAgeUMCU07
sub-ccepAgeUMCU07__run-021647__sOc3-sOc4,40,True,50,109,sub-ccepAgeUMCU07
sub-ccepAgeUMCU07__run-021647__sOc4-sOc5,40,True,50,109,sub-ccepAgeUMCU07
sub-ccepAgeUMCU07__run-021647__sOc5-sOc6,40,True,50,109,sub-ccepAgeUMCU07
sub-ccepAgeUMCU07__run-021647__sOc6-sOc7,40,True,50,109,sub-ccepAgeUMCU07
sub-ccepAgeUMCU07__run-021647__sOc7-sOc8,40,True,50,109,sub-ccepAgeUMCU07
sub-ccepAgeUMCU07__run-021647__sTa7-sTa8,40,True,50,109,sub-ccepAgeUMCU07
sub-ccepAgeUMCU07__run-021752__T02-T03,40,True,50,109,sub-ccepAgeUMCU07
sub-ccepAgeUMCU07__run-021752__T03-T04,40,True,50,109,sub-ccepAgeUMCU07
sub-ccepAgeUMCU07__run-021752__T04-T05,40,True,50,109,sub-ccepAgeUMCU07
sub-ccepAgeUMCU07__run-021752__T06-T07,40,True,50,109,sub-ccepAgeUMCU07
sub-ccepAgeUMCU08__run-021119__OT04-OT05,40,True,50,60,sub-ccepAgeUMCU08
sub-ccepAgeUMCU08__run-021119__P17-P18,40,True,50,60,sub-ccepAgeUMCU08
sub-ccepAgeUMCU08__run-021119__P23-P24,40,True,50,60,sub-ccepAgeUMCU08
sub-ccepAgeUMCU08__run-021119__P26-P27,40,True,50,59,sub-ccepAgeUMCU08
sub-ccepAgeUMCU08__run-021119__P31-P32,40,True,50,60,sub-ccepAgeUMCU08
sub-ccepAgeUMCU09__run-041737__P33-P34,40,True,50,92,sub-ccepAgeUMCU09
sub-ccepAgeUMCU09__run-041737__P39-P40,40,True,50,86,sub-ccepAgeUMCU09
sub-ccepAgeUMCU09__run-041737__P42-P43,40,True,50,86,sub-ccepAgeUMCU09
sub-ccepAgeUMCU09__run-041737__T01-T02,40,True,50,93,sub-ccepAgeUMCU09
sub-ccepAgeUMCU09__run-041737__T03-T04,40,True,50,93,sub-ccepAgeUMCU09
sub-ccepAgeUMCU09__run-041737__T04-T05,40,True,50,93,sub-ccepAgeUMCU09
sub-ccepAgeUMCU09__run-041737__T05-T06,40,True,50,93,sub-ccepAgeUMCU09
sub-ccepAgeUMCU09__run-091445__Oc01-Oc02,40,True,50,93,sub-ccepAgeUMCU09
sub-ccepAgeUMCU09__run-091445__Oc09-Oc10,40,True,50,93,sub-ccepAgeUMCU09
sub-ccepAgeUMCU09__run-091445__Oc10-Oc11,40,True,50,93,sub-ccepAgeUMCU09
sub-ccepAgeUMCU09__run-091445__Oc11-Oc12,40,True,50,93,sub-ccepAgeUMCU09
sub-ccepAgeUMCU09__run-091445__Oc12-Oc13,40,True,50,93,sub-ccepAgeUMCU09
sub-ccepAgeUMCU09__run-091445__Oc13-Oc14,40,True,50,93,sub-ccepAgeUMCU09
sub-ccepAgeUMCU09__run-091445__P36-P37,40,True,50,93,sub-ccepAgeUMCU09
sub-ccepAgeUMCU09__run-091445__P44-P45,40,True,50,93,sub-ccepAgeUMCU09
sub-ccepAgeUMCU09__run-091445__P46-P47,40,True,50,93,sub-ccepAgeUMCU09
sub-ccepAgeUMCU09__run-091445__P51-P52,40,True,50,93,sub-ccepAgeUMCU09
sub-ccepAgeUMCU09__run-091445__P52-P53,40,True,50,93,sub-ccepAgeUMCU09
sub-ccepAgeUMCU09__run-091445__P54-P55,40,True,50,93,sub-ccepAgeUMCU09
sub-ccepAgeUMCU09__run-091445__P60-P61,40,True,50,93,sub-ccepAgeUMCU09
sub-ccepAgeUMCU09__run-091445__P61-P62,40,True,50,93,sub-ccepAgeUMCU09
sub-ccepAgeUMCU09__run-091445__P62-P63,40,True,50,93,sub-ccepAgeUMCU09
sub-ccepAgeUMCU09__run-091445__T06-T07,40,True,50,93,sub-ccepAgeUMCU09
sub-ccepAgeUMCU09__run-091445__T07-T08,40,True,50,93,sub-ccepAgeUMCU09
sub-ccepAgeUMCU09__run-091445__T10-T11,40,True,50,93,sub-ccepAgeUMCU09
sub-ccepAgeUMCU09__run-091445__T11-T12,40,True,50,93,sub-ccepAgeUMCU09
sub-ccepAgeUMCU09__run-091445__T12-T13,40,True,50,93,sub-ccepAgeUMCU09
sub-ccepAgeUMCU09__run-091445__T13-T14,40,True,50,93,sub-ccepAgeUMCU09
sub-ccepAgeUMCU09__run-091445__T14-T15,40,True,50,93,sub-ccepAgeUMCU09
sub-ccepAgeUMCU09__run-091445__T15-T16,40,True,50,93,sub-ccepAgeUMCU09
sub-ccepAgeUMCU10__run-031402__AT50-AT51,40,True,50,87,sub-ccepAgeUMCU10
sub-ccepAgeUMCU10__run-031402__AT51-AT52,40,True,50,87,sub-ccepAgeUMCU10
sub-ccepAgeUMCU10__run-031402__AT52-AT53,40,True,50,87,sub-ccepAgeUMCU10
sub-ccepAgeUMCU10__run-031402__AT55-AT56,40,True,50,89,sub-ccepAgeUMCU10
sub-ccepAgeUMCU10__run-031402__AT59-AT60,40,True,50,87,sub-ccepAgeUMCU10
sub-ccepAgeUMCU10__run-031402__AT62-AT63,40,True,50,88,sub-ccepAgeUMCU10
sub-ccepAgeUMCU10__run-031402__T04-T05,40,True,50,87,sub-ccepAgeUMCU10
sub-ccepAgeUMCU10__run-031402__T07-T08,40,True,50,87,sub-ccepAgeUMCU10
sub-ccepAgeUMCU10__run-031402__T13-T14,40,True,50,87,sub-ccepAgeUMCU10
sub-ccepAgeUMCU10__run-031402__T17-T18,40,True,50,87,sub-ccepAgeUMCU10
sub-ccepAgeUMCU10__run-031402__T21-T22,40,True,50,87,sub-ccepAgeUMCU10
sub-ccepAgeUMCU10__run-031402__T22-T23,40,True,50,87,sub-ccepAgeUMCU10
sub-ccepAgeUMCU10__run-031402__T23-T24,40,True,50,87,sub-ccepAgeUMCU10
sub-ccepAgeUMCU10__run-031402__T27-T28,40,True,50,87,sub-ccepAgeUMCU10
sub-ccepAgeUMCU10__run-031402__T29-T30,40,True,50,87,sub-ccepAgeUMCU10
sub-ccepAgeUMCU10__run-031402__T31-T32,40,True,50,87,sub-ccepAgeUMCU10
sub-ccepAgeUMCU10__run-031402__T33-T34,40,True,50,87,sub-ccepAgeUMCU10
sub-ccepAgeUMCU10__run-031402__T34-T35,40,True,50,87,sub-ccepAgeUMCU10
sub-ccepAgeUMCU10__run-031402__T35-T36,40,True,50,87,sub-ccepAgeUMCU10
sub-ccepAgeUMCU10__run-031402__T37-T38,40,True,50,87,sub-ccepAgeUMCU10
sub-ccepAgeUMCU10__run-031402__T38-T39,40,True,50,87,sub-ccepAgeUMCU10
sub-ccepAgeUMCU10__run-031402__T41-T42,40,True,50,87,sub-ccepAgeUMCU10
sub-ccepAgeUMCU10__run-031402__T42-T43,40,True,50,87,sub-ccepAgeUMCU10
sub-ccepAgeUMCU10__run-031402__T43-T44,40,True,50,87,sub-ccepAgeUMCU10
sub-ccepAgeUMCU10__run-031402__T46-T47,40,True,50,88,sub-ccepAgeUMCU10
sub-ccepAgeUMCU10__run-031755__sT1-sT2,40,True,50,87,sub-ccepAgeUMCU10
sub-ccepAgeUMCU10__run-031755__sT3-sT2,40,True,50,87,sub-ccepAgeUMCU10
sub-ccepAgeUMCU10__run-031755__sT3-sT4,40,True,50,87,sub-ccepAgeUMCU10
sub-ccepAgeUMCU10__run-031755__sT5-sT4,40,True,50,87,sub-ccepAgeUMCU10
sub-ccepAgeUMCU10__run-031755__sT7-sT6,40,True,50,87,sub-ccepAgeUMCU10
sub-ccepAgeUMCU10__run-031755__sT7-sT8,40,True,50,87,sub-ccepAgeUMCU10
sub-ccepAgeUMCU10__run-031755__vT1-vT2,40,True,50,87,sub-ccepAgeUMCU10
sub-ccepAgeUMCU10__run-031755__vT3-vT2,40,True,50,87,sub-ccepAgeUMCU10
sub-ccepAgeUMCU10__run-031755__vT3-vT4,40,True,50,87,sub-ccepAgeUMCU10
sub-ccepAgeUMCU10__run-031755__vT5-vT6,40,True,50,87,sub-ccepAgeUMCU10
sub-ccepAgeUMCU10__run-031755__vT7-vT6,40,True,50,86,sub-ccepAgeUMCU10
sub-ccepAgeUMCU10__run-031755__vT7-vT8,40,True,50,87,sub-ccepAgeUMCU10
sub-ccepAgeUMCU10__run-041538__AT53-AT54,40,True,50,86,sub-ccepAgeUMCU10
sub-ccepAgeUMCU10__run-041538__T06-T07,40,True,50,86,sub-ccepAgeUMCU10
sub-ccepAgeUMCU10__run-041538__T09-T10,40,True,50,87,sub-ccepAgeUMCU10
sub-ccepAgeUMCU10__run-041538__T10-T11,40,True,50,86,sub-ccepAgeUMCU10
sub-ccepAgeUMCU10__run-041538__T11-T12,40,True,50,86,sub-ccepAgeUMCU10
sub-ccepAgeUMCU10__run-041538__T15-T16,40,True,50,86,sub-ccepAgeUMCU10
sub-ccepAgeUMCU10__run-041538__T19-T20,40,True,50,86,sub-ccepAgeUMCU10
sub-ccepAgeUMCU10__run-041538__T20-T21,40,True,50,86,sub-ccepAgeUMCU10
sub-ccepAgeUMCU10__run-041538__T47-T48,40,True,50,86,sub-ccepAgeUMCU10
sub-ccepAgeUMCU11__run-031912__F01-F02,40,True,50,62,sub-ccepAgeUMCU11
sub-ccepAgeUMCU11__run-031912__F03-F04,40,True,50,62,sub-ccepAgeUMCU11
sub-ccepAgeUMCU11__run-031912__F04-F05,40,True,50,62,sub-ccepAgeUMCU11
sub-ccepAgeUMCU11__run-031912__F05-F06,40,True,50,62,sub-ccepAgeUMCU11
sub-ccepAgeUMCU11__run-031912__F06-F07,40,True,50,62,sub-ccepAgeUMCU11
sub-ccepAgeUMCU11__run-031912__F07-F08,40,True,50,62,sub-ccepAgeUMCU11
sub-ccepAgeUMCU11__run-031912__F09-F10,40,True,50,62,sub-ccepAgeUMCU11
sub-ccepAgeUMCU11__run-031912__F11-F12,40,True,50,62,sub-ccepAgeUMCU11
sub-ccepAgeUMCU11__run-031912__F12-F13,40,True,50,62,sub-ccepAgeUMCU11
sub-ccepAgeUMCU11__run-031912__F15-F16,40,True,50,62,sub-ccepAgeUMCU11
sub-ccepAgeUMCU11__run-031912__F21-F22,40,True,50,62,sub-ccepAgeUMCU11
sub-ccepAgeUMCU11__run-031912__F22-F23,40,True,50,62,sub-ccepAgeUMCU11
sub-ccepAgeUMCU11__run-031912__F23-F24,40,True,50,62,sub-ccepAgeUMCU11
sub-ccepAgeUMCU11__run-031912__IH2-IH3,40,True,50,62,sub-ccepAgeUMCU11
sub-ccepAgeUMCU11__run-031912__IH4-IH5,40,True,50,62,sub-ccepAgeUMCU11
sub-ccepAgeUMCU11__run-031912__IH5-IH6,40,True,50,62,sub-ccepAgeUMCU11
sub-ccepAgeUMCU11__run-031912__IH6-IH7,40,True,50,62,sub-ccepAgeUMCU11
sub-ccepAgeUMCU11__run-031912__IH7-IH8,40,True,50,62,sub-ccepAgeUMCU11
sub-ccepAgeUMCU12__run-021828__F03-F04,40,True,50,105,sub-ccepAgeUMCU12
sub-ccepAgeUMCU12__run-021828__F05-F06,40,True,50,105,sub-ccepAgeUMCU12
sub-ccepAgeUMCU12__run-021828__F07-F08,40,True,50,105,sub-ccepAgeUMCU12
sub-ccepAgeUMCU12__run-021828__F09-F10,40,True,50,105,sub-ccepAgeUMCU12
sub-ccepAgeUMCU12__run-021828__F10-F11,40,True,50,105,sub-ccepAgeUMCU12
sub-ccepAgeUMCU12__run-021828__F11-F12,40,True,50,105,sub-ccepAgeUMCU12
sub-ccepAgeUMCU12__run-021828__F12-F13,40,True,50,105,sub-ccepAgeUMCU12
sub-ccepAgeUMCU12__run-021828__F17-F18,40,True,50,105,sub-ccepAgeUMCU12
sub-ccepAgeUMCU12__run-021828__F19-F20,40,True,50,105,sub-ccepAgeUMCU12
sub-ccepAgeUMCU12__run-021828__F25-F26,40,True,50,105,sub-ccepAgeUMCU12
sub-ccepAgeUMCU12__run-021828__F28-F29,40,True,50,105,sub-ccepAgeUMCU12
sub-ccepAgeUMCU12__run-021828__F33-F34,40,True,50,105,sub-ccepAgeUMCU12
sub-ccepAgeUMCU12__run-021828__F34-F35,40,True,50,105,sub-ccepAgeUMCU12
sub-ccepAgeUMCU12__run-021828__F36-F37,40,True,50,105,sub-ccepAgeUMCU12
sub-ccepAgeUMCU12__run-021828__F39-F40,40,True,50,105,sub-ccepAgeUMCU12
sub-ccepAgeUMCU12__run-021828__F41-F42,40,True,50,105,sub-ccepAgeUMCU12
sub-ccepAgeUMCU12__run-021828__F43-F44,40,True,50,105,sub-ccepAgeUMCU12
sub-ccepAgeUMCU12__run-021828__F44-F45,40,True,50,105,sub-ccepAgeUMCU12
sub-ccepAgeUMCU12__run-021828__F45-F46,40,True,50,105,sub-ccepAgeUMCU12
sub-ccepAgeUMCU12__run-021828__F46-F47,40,True,50,105,sub-ccepAgeUMCU12
sub-ccepAgeUMCU12__run-021828__F47-F48,40,True,50,105,sub-ccepAgeUMCU12
sub-ccepAgeUMCU12__run-021828__T49-T50,40,True,50,105,sub-ccepAgeUMCU12
sub-ccepAgeUMCU12__run-021828__T50-T51,40,True,50,105,sub-ccepAgeUMCU12
sub-ccepAgeUMCU12__run-021828__T51-T52,40,True,50,105,sub-ccepAgeUMCU12
sub-ccepAgeUMCU12__run-021828__T52-T53,40,True,50,105,sub-ccepAgeUMCU12
sub-ccepAgeUMCU12__run-021828__T53-T54,40,True,50,105,sub-ccepAgeUMCU12
sub-ccepAgeUMCU12__run-021828__T54-T55,40,True,50,105,sub-ccepAgeUMCU12
sub-ccepAgeUMCU12__run-021828__T55-T56,40,True,50,105,sub-ccepAgeUMCU12
sub-ccepAgeUMCU12__run-021923__vT8-vT7,40,True,50,106,sub-ccepAgeUMCU12
sub-ccepAgeUMCU12__run-051010__sT1-sT2,40,True,50,105,sub-ccepAgeUMCU12
sub-ccepAgeUMCU12__run-051010__sT5-sT4,40,True,50,105,sub-ccepAgeUMCU12
sub-ccepAgeUMCU12__run-051010__sT5-sT6,40,True,50,105,sub-ccepAgeUMCU12
sub-ccepAgeUMCU12__run-051010__vT3-vT4,40,True,50,105,sub-ccepAgeUMCU12
sub-ccepAgeUMCU12__run-051010__vT5-vT6,40,True,50,105,sub-ccepAgeUMCU12
sub-ccepAgeUMCU12__run-071106__sT2-sT3,40,True,50,105,sub-ccepAgeUMCU12
sub-ccepAgeUMCU12__run-071106__sT3-sT4,40,True,50,105,sub-ccepAgeUMCU12
sub-ccepAgeUMCU13__run-061646__C10-C11,40,True,50,61,sub-ccepAgeUMCU13
sub-ccepAgeUMCU13__run-061646__C14-C15,40,True,50,61,sub-ccepAgeUMCU13
sub-ccepAgeUMCU13__run-061646__T02-T03,40,True,50,61,sub-ccepAgeUMCU13
sub-ccepAgeUMCU13__run-061646__T03-T04,40,True,50,61,sub-ccepAgeUMCU13
sub-ccepAgeUMCU13__run-061646__T27-T28,40,True,50,61,sub-ccepAgeUMCU13
sub-ccepAgeUMCU13__run-061646__sTa1-sTa2,40,True,50,61,sub-ccepAgeUMCU13
sub-ccepAgeUMCU13__run-061646__sTa3-sTa4,40,True,50,61,sub-ccepAgeUMCU13
sub-ccepAgeUMCU13__run-061646__sTa4-sTa5,40,True,50,61,sub-ccepAgeUMCU13
sub-ccepAgeUMCU13__run-061646__sTa5-sTa6,40,True,50,61,sub-ccepAgeUMCU13
sub-ccepAgeUMCU13__run-061646__sTa7-sTa8,40,True,50,61,sub-ccepAgeUMCU13
sub-ccepAgeUMCU14__run-021404__F03-F04,40,True,50,64,sub-ccepAgeUMCU14
sub-ccepAgeUMCU14__run-021404__F04-F05,40,True,50,64,sub-ccepAgeUMCU14
sub-ccepAgeUMCU14__run-021404__F12-F13,40,True,50,64,sub-ccepAgeUMCU14
sub-ccepAgeUMCU14__run-021404__F14-F15,40,True,50,64,sub-ccepAgeUMCU14
sub-ccepAgeUMCU14__run-021404__F15-F16,40,True,50,64,sub-ccepAgeUMCU14
sub-ccepAgeUMCU14__run-021404__F17-F18,40,True,50,64,sub-ccepAgeUMCU14
sub-ccepAgeUMCU14__run-021404__F18-F19,40,True,50,64,sub-ccepAgeUMCU14
sub-ccepAgeUMCU14__run-021404__F19-F20,40,True,50,64,sub-ccepAgeUMCU14
sub-ccepAgeUMCU14__run-021404__F20-F21,40,True,50,64,sub-ccepAgeUMCU14
sub-ccepAgeUMCU14__run-021404__F21-F22,40,True,50,64,sub-ccepAgeUMCU14
sub-ccepAgeUMCU14__run-021404__F22-F23,40,True,50,64,sub-ccepAgeUMCU14
sub-ccepAgeUMCU14__run-021404__F23-F24,40,True,50,64,sub-ccepAgeUMCU14
sub-ccepAgeUMCU14__run-021404__F28-F29,40,True,50,64,sub-ccepAgeUMCU14
sub-ccepAgeUMCU14__run-021404__F29-F30,40,True,50,64,sub-ccepAgeUMCU14
sub-ccepAgeUMCU14__run-021404__F31-F32,40,True,50,64,sub-ccepAgeUMCU14
sub-ccepAgeUMCU14__run-021404__F33-F34,40,True,50,64,sub-ccepAgeUMCU14
sub-ccepAgeUMCU14__run-021404__F34-F35,40,True,50,64,sub-ccepAgeUMCU14
sub-ccepAgeUMCU14__run-021404__F35-F36,40,True,50,64,sub-ccepAgeUMCU14
sub-ccepAgeUMCU14__run-021404__F42-F43,40,True,50,64,sub-ccepAgeUMCU14
sub-ccepAgeUMCU14__run-021404__F47-F48,40,True,50,64,sub-ccepAgeUMCU14
sub-ccepAgeUMCU14__run-021404__FB53-FB54,40,True,50,63,sub-ccepAgeUMCU14
sub-ccepAgeUMCU14__run-021404__FB58-FB59,40,True,50,64,sub-ccepAgeUMCU14
sub-ccepAgeUMCU14__run-021404__FB60-FB61,40,True,50,64,sub-ccepAgeUMCU14
sub-ccepAgeUMCU14__run-021404__FB61-FB62,40,True,50,64,sub-ccepAgeUMCU14
sub-ccepAgeUMCU14__run-021404__FB62-FB63,40,True,50,64,sub-ccepAgeUMCU14
sub-ccepAgeUMCU14__run-021404__IH1-IH2,40,True,50,64,sub-ccepAgeUMCU14
sub-ccepAgeUMCU14__run-021404__IH2-IH3,40,True,50,64,sub-ccepAgeUMCU14
sub-ccepAgeUMCU14__run-021404__IH4-IH5,40,True,50,64,sub-ccepAgeUMCU14
sub-ccepAgeUMCU14__run-021404__IH5-IH6,40,True,50,64,sub-ccepAgeUMCU14
sub-ccepAgeUMCU15__run-031153__AT01-AT02,40,True,50,60,sub-ccepAgeUMCU15
sub-ccepAgeUMCU15__run-031153__AT02-AT03,40,True,50,60,sub-ccepAgeUMCU15
sub-ccepAgeUMCU15__run-031153__AT03-AT04,40,True,50,60,sub-ccepAgeUMCU15
sub-ccepAgeUMCU15__run-031153__AT04-AT05,40,True,50,60,sub-ccepAgeUMCU15
sub-ccepAgeUMCU15__run-031153__AT06-AT07,40,True,50,60,sub-ccepAgeUMCU15
sub-ccepAgeUMCU15__run-031153__AT07-AT08,40,True,50,60,sub-ccepAgeUMCU15
sub-ccepAgeUMCU15__run-031153__AT09-AT10,40,True,50,60,sub-ccepAgeUMCU15
sub-ccepAgeUMCU15__run-031153__AT10-AT11,40,True,50,60,sub-ccepAgeUMCU15
sub-ccepAgeUMCU15__run-031153__AT11-AT12,40,True,50,60,sub-ccepAgeUMCU15
sub-ccepAgeUMCU15__run-031153__AT12-AT13,40,True,50,60,sub-ccepAgeUMCU15
sub-ccepAgeUMCU15__run-031153__AT13-AT14,40,True,50,60,sub-ccepAgeUMCU15
sub-ccepAgeUMCU15__run-031153__AT14-AT15,40,True,50,60,sub-ccepAgeUMCU15
sub-ccepAgeUMCU15__run-031153__AT15-AT16,40,True,50,60,sub-ccepAgeUMCU15
sub-ccepAgeUMCU15__run-031153__AT17-AT18,40,True,50,60,sub-ccepAgeUMCU15
sub-ccepAgeUMCU15__run-031153__AT18-AT19,40,True,50,60,sub-ccepAgeUMCU15
sub-ccepAgeUMCU15__run-031153__AT20-AT21,40,True,50,60,sub-ccepAgeUMCU15
sub-ccepAgeUMCU15__run-031153__AT21-AT22,40,True,50,60,sub-ccepAgeUMCU15
sub-ccepAgeUMCU15__run-031153__AT22-AT23,40,True,50,60,sub-ccepAgeUMCU15
sub-ccepAgeUMCU15__run-031153__AT23-AT24,40,True,50,60,sub-ccepAgeUMCU15
sub-ccepAgeUMCU15__run-031153__AT25-AT26,40,True,50,60,sub-ccepAgeUMCU15
sub-ccepAgeUMCU15__run-031153__AT26-AT27,40,True,50,60,sub-ccepAgeUMCU15
sub-ccepAgeUMCU15__run-031153__AT27-AT28,40,True,50,60,sub-ccepAgeUMCU15
sub-ccepAgeUMCU15__run-031153__AT30-AT31,40,True,50,60,sub-ccepAgeUMCU15
sub-ccepAgeUMCU15__run-031153__AT31-AT32,40,True,50,60,sub-ccepAgeUMCU15
sub-ccepAgeUMCU15__run-031153__T01-T02,40,True,50,60,sub-ccepAgeUMCU15
sub-ccepAgeUMCU15__run-031153__T02-T03,40,True,50,60,sub-ccepAgeUMCU15
sub-ccepAgeUMCU15__run-031153__T03-T04,40,True,50,60,sub-ccepAgeUMCU15
sub-ccepAgeUMCU15__run-031153__T04-T05,40,True,50,60,sub-ccepAgeUMCU15
sub-ccepAgeUMCU15__run-031153__T06-T07,40,True,50,60,sub-ccepAgeUMCU15
sub-ccepAgeUMCU15__run-031153__sOC4-sOc5,40,True,50,60,sub-ccepAgeUMCU15
sub-ccepAgeUMCU15__run-031153__sOc5-sOc6,40,True,50,60,sub-ccepAgeUMCU15
sub-ccepAgeUMCU15__run-031153__sOc6-sOc7,40,True,50,60,sub-ccepAgeUMCU15
sub-ccepAgeUMCU15__run-031153__sTa2-sTa3,40,True,50,60,sub-ccepAgeUMCU15
sub-ccepAgeUMCU15__run-031153__sTa4-sTa5,40,True,50,60,sub-ccepAgeUMCU15
sub-ccepAgeUMCU15__run-031153__sTa5-sTa6,40,True,50,60,sub-ccepAgeUMCU15
sub-ccepAgeUMCU15__run-031153__sTv4-sTv5,40,True,50,60,sub-ccepAgeUMCU15
sub-ccepAgeUMCU15__run-031153__sTv5-sTv6,40,True,50,60,sub-ccepAgeUMCU15
sub-ccepAgeUMCU15__run-031153__sTv6-sTv7,40,True,50,60,sub-ccepAgeUMCU15
sub-ccepAgeUMCU15__run-031153__sTv7-sTv8,40,True,50,60,sub-ccepAgeUMCU15
sub-ccepAgeUMCU16__run-021727__AT33-AT34,40,True,50,80,sub-ccepAgeUMCU16
sub-ccepAgeUMCU16__run-021727__P55-P56,40,True,50,80,sub-ccepAgeUMCU16
sub-ccepAgeUMCU16__run-021727__P62-P63,40,True,50,80,sub-ccepAgeUMCU16
sub-ccepAgeUMCU16__run-021727__P63-P64,40,True,50,80,sub-ccepAgeUMCU16
sub-ccepAgeUMCU16__run-021727__T10-T11,40,True,50,80,sub-ccepAgeUMCU16
sub-ccepAgeUMCU16__run-021727__T11-T12,40,True,50,80,sub-ccepAgeUMCU16
sub-ccepAgeUMCU16__run-021727__T17-T18,40,True,50,80,sub-ccepAgeUMCU16
sub-ccepAgeUMCU16__run-021727__T18-T19,40,True,50,80,sub-ccepAgeUMCU16
sub-ccepAgeUMCU16__run-021727__T20-T21,40,True,50,80,sub-ccepAgeUMCU16
sub-ccepAgeUMCU16__run-021727__T25-T26,40,True,50,80,sub-ccepAgeUMCU16
sub-ccepAgeUMCU16__run-021727__sOc5-sOc6,40,True,50,80,sub-ccepAgeUMCU16
sub-ccepAgeUMCU16__run-021727__sOc6-sOc7,40,True,50,80,sub-ccepAgeUMCU16
sub-ccepAgeUMCU16__run-021727__sOc7-sOc8,40,True,50,80,sub-ccepAgeUMCU16
sub-ccepAgeUMCU16__run-021727__sTa7-sTa8,40,True,50,80,sub-ccepAgeUMCU16
sub-ccepAgeUMCU16__run-021727__sTv3-sTv4,40,True,50,80,sub-ccepAgeUMCU16
sub-ccepAgeUMCU16__run-021727__sTv4-sTv5,40,True,50,80,sub-ccepAgeUMCU16
sub-ccepAgeUMCU16__run-021727__sTv5-sTv6,40,True,50,80,sub-ccepAgeUMCU16
sub-ccepAgeUMCU16__run-021727__sTv6-sTv7,40,True,50,80,sub-ccepAgeUMCU16
sub-ccepAgeUMCU16__run-021727__sTv7-sTv8,40,True,50,80,sub-ccepAgeUMCU16
sub-ccepAgeUMCU17__run-011438__CL01-CL02,40,True,50,57,sub-ccepAgeUMCU17
sub-ccepAgeUMCU17__run-011438__CL03-CL04,40,True,50,57,sub-ccepAgeUMCU17
sub-ccepAgeUMCU17__run-011438__CL04-CL05,40,True,50,57,sub-ccepAgeUMCU17
sub-ccepAgeUMCU17__run-011438__CL06-CL07,40,True,50,57,sub-ccepAgeUMCU17
sub-ccepAgeUMCU17__run-011438__CL07-CL08,40,True,50,57,sub-ccepAgeUMCU17
sub-ccepAgeUMCU17__run-011438__CL09-CL10,40,True,50,57,sub-ccepAgeUMCU17
sub-ccepAgeUMCU17__run-011438__CL13-CL14,40,True,50,57,sub-ccepAgeUMCU17
sub-ccepAgeUMCU17__run-011438__CL15-CL16,40,True,50,57,sub-ccepAgeUMCU17
sub-ccepAgeUMCU17__run-011438__CR01-CR02,40,True,50,57,sub-ccepAgeUMCU17
sub-ccepAgeUMCU17__run-011438__CR03-CR04,40,True,50,57,sub-ccepAgeUMCU17
sub-ccepAgeUMCU17__run-011438__CR05-CR06,40,True,50,57,sub-ccepAgeUMCU17
sub-ccepAgeUMCU17__run-011438__CR06-CR07,40,True,50,57,sub-ccepAgeUMCU17
sub-ccepAgeUMCU17__run-011438__CR07-CR08,40,True,50,57,sub-ccepAgeUMCU17
sub-ccepAgeUMCU17__run-011438__CR09-CR10,40,True,50,57,sub-ccepAgeUMCU17
sub-ccepAgeUMCU17__run-011438__CR13-CR14,40,True,50,57,sub-ccepAgeUMCU17
sub-ccepAgeUMCU17__run-011438__CR14-CR15,40,True,50,57,sub-ccepAgeUMCU17
sub-ccepAgeUMCU17__run-011438__CR15-CR16,40,True,50,57,sub-ccepAgeUMCU17
sub-ccepAgeUMCU17__run-011438__IHaL1-IHaL2,40,True,50,57,sub-ccepAgeUMCU17
sub-ccepAgeUMCU17__run-011438__IHaL4-IHaL5,40,True,50,57,sub-ccepAgeUMCU17
sub-ccepAgeUMCU17__run-011438__IHaL7-IHaL8,40,True,50,58,sub-ccepAgeUMCU17
sub-ccepAgeUMCU17__run-011438__IHaR1-IHaR2,40,True,50,57,sub-ccepAgeUMCU17
sub-ccepAgeUMCU17__run-011438__IHaR3-IHaR4,40,True,50,57,sub-ccepAgeUMCU17
sub-ccepAgeUMCU17__run-011438__IHaR4-IHaR5,40,True,50,57,sub-ccepAgeUMCU17
sub-ccepAgeUMCU17__run-011438__IHaR5-IHaR6,40,True,50,57,sub-ccepAgeUMCU17
sub-ccepAgeUMCU17__run-011438__IHvL1-IHvL2,40,True,50,57,sub-ccepAgeUMCU17
sub-ccepAgeUMCU17__run-011438__IHvL3-IHvL4,40,True,50,57,sub-ccepAgeUMCU17
sub-ccepAgeUMCU17__run-011438__IHvR4-IHvR5,40,True,50,57,sub-ccepAgeUMCU17
sub-ccepAgeUMCU17__run-011438__IHvR6-IHvR7,40,True,50,58,sub-ccepAgeUMCU17
sub-ccepAgeUMCU17__run-011438__IHvR7-IHvR8,40,True,50,59,sub-ccepAgeUMCU17
sub-ccepAgeUMCU18__run-051138__FH01-FH02,40,True,50,59,sub-ccepAgeUMCU18
sub-ccepAgeUMCU18__run-051138__FH02-FH03,40,True,50,59,sub-ccepAgeUMCU18
sub-ccepAgeUMCU18__run-051138__FH03-FH04,40,True,50,59,sub-ccepAgeUMCU18
sub-ccepAgeUMCU18__run-051138__FH04-FH05,40,True,50,59,sub-ccepAgeUMCU18
sub-ccepAgeUMCU18__run-051138__FH05-FH06,40,True,50,59,sub-ccepAgeUMCU18
sub-ccepAgeUMCU18__run-051138__FH06-FH07,40,True,50,59,sub-ccepAgeUMCU18
sub-ccepAgeUMCU18__run-051138__FH07-FH08,40,True,50,59,sub-ccepAgeUMCU18
sub-ccepAgeUMCU18__run-051138__FH10-FH11,40,True,50,59,sub-ccepAgeUMCU18
sub-ccepAgeUMCU18__run-051138__FH11-FH12,40,True,50,59,sub-ccepAgeUMCU18
sub-ccepAgeUMCU18__run-051138__FH12-FH13,40,True,50,59,sub-ccepAgeUMCU18
sub-ccepAgeUMCU18__run-051138__FH13-FH14,40,True,50,59,sub-ccepAgeUMCU18
sub-ccepAgeUMCU18__run-051138__FH14-FH15,40,True,50,59,sub-ccepAgeUMCU18
sub-ccepAgeUMCU18__run-051138__FH15-FH16,40,True,50,59,sub-ccepAgeUMCU18
sub-ccepAgeUMCU18__run-051138__FH17-FH18,40,True,50,59,sub-ccepAgeUMCU18
sub-ccepAgeUMCU18__run-051138__FH18-FH19,40,True,50,59,sub-ccepAgeUMCU18
sub-ccepAgeUMCU18__run-051138__FH20-FH21,40,True,50,59,sub-ccepAgeUMCU18
sub-ccepAgeUMCU18__run-051138__FH21-FH22,40,True,50,59,sub-ccepAgeUMCU18
sub-ccepAgeUMCU18__run-051138__FH23-FH24,40,True,50,59,sub-ccepAgeUMCU18
sub-ccepAgeUMCU18__run-051138__FL02-FL03,40,True,50,59,sub-ccepAgeUMCU18
sub-ccepAgeUMCU18__run-051138__FL04-FL05,40,True,50,59,sub-ccepAgeUMCU18
sub-ccepAgeUMCU18__run-051138__FL05-FL06,40,True,50,59,sub-ccepAgeUMCU18
sub-ccepAgeUMCU18__run-051138__FL06-FL07,40,True,50,59,sub-ccepAgeUMCU18
sub-ccepAgeUMCU18__run-051138__FL07-FL08,40,True,50,59,sub-ccepAgeUMCU18
sub-ccepAgeUMCU18__run-051138__FL10-FL11,40,True,50,59,sub-ccepAgeUMCU18
sub-ccepAgeUMCU18__run-051138__FL11-FL12,40,True,50,59,sub-ccepAgeUMCU18
sub-ccepAgeUMCU18__run-051138__FL12-FL13,40,True,50,59,sub-ccepAgeUMCU18
sub-ccepAgeUMCU18__run-051138__FL13-FL14,40,True,50,59,sub-ccepAgeUMCU18
sub-ccepAgeUMCU18__run-051138__FL14-FL15,40,True,50,59,sub-ccepAgeUMCU18
sub-ccepAgeUMCU18__run-051138__FL15-FL16,40,True,50,59,sub-ccepAgeUMCU18
sub-ccepAgeUMCU18__run-051138__FL18-FL19,40,True,50,59,sub-ccepAgeUMCU18
sub-ccepAgeUMCU18__run-051138__FL19-FL20,40,True,50,59,sub-ccepAgeUMCU18
sub-ccepAgeUMCU18__run-051138__FL20-FL21,40,True,50,59,sub-ccepAgeUMCU18
sub-ccepAgeUMCU18__run-051138__FL21-FL22,40,True,50,59,sub-ccepAgeUMCU18
sub-ccepAgeUMCU18__run-051138__FL22-FL23,40,True,50,59,sub-ccepAgeUMCU18
sub-ccepAgeUMCU18__run-051138__FL23-FL24,40,True,50,59,sub-ccepAgeUMCU18
sub-ccepAgeUMCU18__run-051138__FL25-FL26,40,True,50,60,sub-ccepAgeUMCU18
sub-ccepAgeUMCU18__run-051138__FL26-FL27,40,True,50,59,sub-ccepAgeUMCU18
sub-ccepAgeUMCU18__run-051138__FL27-FL28,40,True,50,59,sub-ccepAgeUMCU18
sub-ccepAgeUMCU18__run-051138__FL28-FL29,40,True,50,59,sub-ccepAgeUMCU18
sub-ccepAgeUMCU18__run-051138__FL29-FL30,40,True,50,59,sub-ccepAgeUMCU18
sub-ccepAgeUMCU18__run-051138__FL30-FL31,40,True,50,59,sub-ccepAgeUMCU18
sub-ccepAgeUMCU19__run-040955__P52-P53,40,True,50,63,sub-ccepAgeUMCU19
sub-ccepAgeUMCU19__run-040955__P53-P54,40,True,50,63,sub-ccepAgeUMCU19
sub-ccepAgeUMCU19__run-040955__P54-P55,40,True,50,63,sub-ccepAgeUMCU19
sub-ccepAgeUMCU19__run-040955__P55-P56,40,True,50,63,sub-ccepAgeUMCU19
sub-ccepAgeUMCU19__run-040955__P60-P61,40,True,50,63,sub-ccepAgeUMCU19
sub-ccepAgeUMCU19__run-040955__P61-P62,40,True,50,63,sub-ccepAgeUMCU19
sub-ccepAgeUMCU19__run-040955__P62-P63,40,True,50,63,sub-ccepAgeUMCU19
sub-ccepAgeUMCU19__run-040955__PT13-PT14,40,True,50,56,sub-ccepAgeUMCU19
sub-ccepAgeUMCU19__run-040955__PT14-PT15,40,True,50,55,sub-ccepAgeUMCU19
sub-ccepAgeUMCU19__run-040955__PT15-PT16,40,True,50,57,sub-ccepAgeUMCU19
sub-ccepAgeUMCU19__run-040955__PT23-PT24,40,True,50,60,sub-ccepAgeUMCU19
sub-ccepAgeUMCU19__run-040955__PT25-PT26,40,True,50,65,sub-ccepAgeUMCU19
sub-ccepAgeUMCU19__run-040955__PT26-PT27,40,True,50,64,sub-ccepAgeUMCU19
sub-ccepAgeUMCU19__run-040955__PT28-PT29,40,True,50,59,sub-ccepAgeUMCU19
sub-ccepAgeUMCU19__run-040955__PT29-PT30,40,True,50,59,sub-ccepAgeUMCU19
sub-ccepAgeUMCU19__run-040955__PT30-PT31,40,True,50,59,sub-ccepAgeUMCU19
sub-ccepAgeUMCU19__run-040955__T34-T35,40,True,50,64,sub-ccepAgeUMCU19
sub-ccepAgeUMCU19__run-040955__T35-T36,40,True,50,63,sub-ccepAgeUMCU19
sub-ccepAgeUMCU19__run-040955__T37-T38,40,True,50,63,sub-ccepAgeUMCU19
sub-ccepAgeUMCU19__run-040955__T38-T39,40,True,50,63,sub-ccepAgeUMCU19
sub-ccepAgeUMCU19__run-040955__T39-T40,40,True,50,64,sub-ccepAgeUMCU19
sub-ccepAgeUMCU19__run-040955__aT1-aT2,40,True,50,62,sub-ccepAgeUMCU19
sub-ccepAgeUMCU19__run-040955__aT2-aT3,40,True,50,63,sub-ccepAgeUMCU19
sub-ccepAgeUMCU19__run-040955__aT3-aT4,40,True,50,63,sub-ccepAgeUMCU19
sub-ccepAgeUMCU19__run-040955__aT4-aT5,40,True,50,63,sub-ccepAgeUMCU19
sub-ccepAgeUMCU19__run-040955__aT5-aT6,40,True,50,63,sub-ccepAgeUMCU19
sub-ccepAgeUMCU19__run-040955__aT6-aT7,40,True,50,62,sub-ccepAgeUMCU19
sub-ccepAgeUMCU19__run-040955__sT1-sT2,40,True,50,63,sub-ccepAgeUMCU19
sub-ccepAgeUMCU19__run-040955__sT4-sT5,40,True,50,63,sub-ccepAgeUMCU19
sub-ccepAgeUMCU20__run-011652__F01-F02,40,True,50,82,sub-ccepAgeUMCU20
sub-ccepAgeUMCU20__run-011652__F02-F03,40,True,50,82,sub-ccepAgeUMCU20
sub-ccepAgeUMCU20__run-011652__F03-F04,40,True,50,82,sub-ccepAgeUMCU20
sub-ccepAgeUMCU20__run-011652__F04-F05,40,True,50,82,sub-ccepAgeUMCU20
sub-ccepAgeUMCU20__run-011652__F05-F06,40,True,50,82,sub-ccepAgeUMCU20
sub-ccepAgeUMCU20__run-011652__F06-F07,40,True,50,82,sub-ccepAgeUMCU20
sub-ccepAgeUMCU20__run-011652__F07-F08,40,True,50,82,sub-ccepAgeUMCU20
sub-ccepAgeUMCU20__run-011652__F09-F10,40,True,50,82,sub-ccepAgeUMCU20
sub-ccepAgeUMCU20__run-011652__F11-F12,40,True,50,82,sub-ccepAgeUMCU20
sub-ccepAgeUMCU20__run-011652__F13-F14,40,True,50,82,sub-ccepAgeUMCU20
sub-ccepAgeUMCU20__run-011652__F15-F16,40,True,50,82,sub-ccepAgeUMCU20
sub-ccepAgeUMCU20__run-011652__F23-F24,40,True,50,82,sub-ccepAgeUMCU20
sub-ccepAgeUMCU20__run-011652__F25-F26,40,True,50,82,sub-ccepAgeUMCU20
sub-ccepAgeUMCU20__run-011652__F26-F27,40,True,50,81,sub-ccepAgeUMCU20
sub-ccepAgeUMCU20__run-011652__F27-F28,40,True,50,82,sub-ccepAgeUMCU20
sub-ccepAgeUMCU20__run-011652__F29-F30,40,True,50,82,sub-ccepAgeUMCU20
sub-ccepAgeUMCU20__run-011652__F31-F32,40,True,50,82,sub-ccepAgeUMCU20
sub-ccepAgeUMCU20__run-011652__F33-F34,40,True,50,82,sub-ccepAgeUMCU20
sub-ccepAgeUMCU20__run-011652__F34-F35,40,True,50,82,sub-ccepAgeUMCU20
sub-ccepAgeUMCU20__run-011652__F37-F38,40,True,50,82,sub-ccepAgeUMCU20
sub-ccepAgeUMCU20__run-011652__F38-F39,40,True,50,82,sub-ccepAgeUMCU20
sub-ccepAgeUMCU20__run-011652__F39-F40,40,True,50,82,sub-ccepAgeUMCU20
sub-ccepAgeUMCU20__run-011652__F44-F45,40,True,50,82,sub-ccepAgeUMCU20
sub-ccepAgeUMCU20__run-011652__F47-F48,40,True,50,82,sub-ccepAgeUMCU20
sub-ccepAgeUMCU20__run-011652__FP49-FP50,40,True,50,82,sub-ccepAgeUMCU20
sub-ccepAgeUMCU20__run-011652__FP51-FP52,40,True,50,82,sub-ccepAgeUMCU20
sub-ccepAgeUMCU20__run-011652__FP52-FP53,40,True,50,82,sub-ccepAgeUMCU20
sub-ccepAgeUMCU20__run-011652__FP53-FP54,40,True,50,82,sub-ccepAgeUMCU20
sub-ccepAgeUMCU20__run-011652__FP54-FP55,40,True,50,83,sub-ccepAgeUMCU20
sub-ccepAgeUMCU20__run-011652__FP55-FP56,40,True,50,84,sub-ccepAgeUMCU20
sub-ccepAgeUMCU20__run-011652__FP57-FP58,40,True,50,82,sub-ccepAgeUMCU20
sub-ccepAgeUMCU20__run-011652__FP58-FP59,40,True,50,82,sub-ccepAgeUMCU20
sub-ccepAgeUMCU20__run-011652__FP59-FP60,40,True,50,82,sub-ccepAgeUMCU20
sub-ccepAgeUMCU20__run-011652__FP60-FP61,40,True,50,82,sub-ccepAgeUMCU20
sub-ccepAgeUMCU20__run-011652__HF01-HF02,40,True,50,82,sub-ccepAgeUMCU20
sub-ccepAgeUMCU20__run-011652__HF03-HF04,40,True,50,82,sub-ccepAgeUMCU20
sub-ccepAgeUMCU20__run-011652__HF04-HF05,40,True,50,82,sub-ccepAgeUMCU20
sub-ccepAgeUMCU20__run-011652__HF05-HF06,40,True,50,82,sub-ccepAgeUMCU20
sub-ccepAgeUMCU20__run-011652__HF06-HF07,40,True,50,82,sub-ccepAgeUMCU20
sub-ccepAgeUMCU20__run-011652__HF07-HF08,40,True,50,82,sub-ccepAgeUMCU20
sub-ccepAgeUMCU20__run-011652__HF10-HF11,40,True,50,82,sub-ccepAgeUMCU20
sub-ccepAgeUMCU20__run-011652__HF12-HF13,40,True,50,82,sub-ccepAgeUMCU20
sub-ccepAgeUMCU20__run-011757__HF14-HF15,40,True,50,82,sub-ccepAgeUMCU20
sub-ccepAgeUMCU20__run-011757__IH01-IH02,40,True,50,82,sub-ccepAgeUMCU20
sub-ccepAgeUMCU20__run-011757__IH03-IH04,40,True,50,82,sub-ccepAgeUMCU20
sub-ccepAgeUMCU20__run-011757__IH04-IH05,40,True,50,82,sub-ccepAgeUMCU20
sub-ccepAgeUMCU20__run-011757__IH05-IH06,40,True,50,82,sub-ccepAgeUMCU20
sub-ccepAgeUMCU20__run-011757__IH06-IH07,40,True,50,82,sub-ccepAgeUMCU20
sub-ccepAgeUMCU20__run-011757__IH07-IH08,40,True,50,82,sub-ccepAgeUMCU20
sub-ccepAgeUMCU21__run-021525__CH02-CH03,40,False,49,49,sub-ccepAgeUMCU21
sub-ccepAgeUMCU21__run-021525__CH03-CH04,40,False,49,49,sub-ccepAgeUMCU21
sub-ccepAgeUMCU21__run-021525__CH04-CH05,40,False,49,49,sub-ccepAgeUMCU21
sub-ccepAgeUMCU21__run-021525__CH05-CH06,40,False,49,49,sub-ccepAgeUMCU21
sub-ccepAgeUMCU21__run-021525__CH07-CH08,40,False,49,49,sub-ccepAgeUMCU21
sub-ccepAgeUMCU21__run-021525__CH09-CH10,40,False,49,49,sub-ccepAgeUMCU21
sub-ccepAgeUMCU21__run-021525__CH10-CH11,40,False,49,49,sub-ccepAgeUMCU21
sub-ccepAgeUMCU21__run-021525__CH12-CH13,40,False,49,49,sub-ccepAgeUMCU21
sub-ccepAgeUMCU21__run-021525__CH14-CH15,40,False,49,49,sub-ccepAgeUMCU21
sub-ccepAgeUMCU21__run-021525__CH15-CH16,40,False,49,49,sub-ccepAgeUMCU21
sub-ccepAgeUMCU21__run-021525__CL01-CL02,40,False,49,49,sub-ccepAgeUMCU21
sub-ccepAgeUMCU21__run-021525__CL02-CL03,40,False,49,49,sub-ccepAgeUMCU21
sub-ccepAgeUMCU21__run-021525__CL04-CL05,40,False,49,49,sub-ccepAgeUMCU21
sub-ccepAgeUMCU21__run-021525__CL05-CL06,40,False,49,49,sub-ccepAgeUMCU21
sub-ccepAgeUMCU21__run-021525__CL06-CL07,40,False,49,49,sub-ccepAgeUMCU21
sub-ccepAgeUMCU21__run-021525__CL07-CL08,40,False,49,49,sub-ccepAgeUMCU21
sub-ccepAgeUMCU21__run-021525__CL09-CL10,40,False,49,49,sub-ccepAgeUMCU21
sub-ccepAgeUMCU21__run-021525__IHm1-IHm2,40,False,49,49,sub-ccepAgeUMCU21
sub-ccepAgeUMCU21__run-021525__IHm2-IHm3,40,False,49,49,sub-ccepAgeUMCU21
sub-ccepAgeUMCU21__run-021525__IHm3-IHm4,40,False,49,49,sub-ccepAgeUMCU21
sub-ccepAgeUMCU21__run-021525__IHm4-IHm5,40,False,49,49,sub-ccepAgeUMCU21
sub-ccepAgeUMCU21__run-021525__IHv1-IHv2,40,False,49,49,sub-ccepAgeUMCU21
sub-ccepAgeUMCU21__run-021525__IHv2-IHv3,40,False,49,49,sub-ccepAgeUMCU21
sub-ccepAgeUMCU21__run-021525__IHv3-IHv4,40,False,49,49,sub-ccepAgeUMCU21
sub-ccepAgeUMCU21__run-021525__IHv5-IHv6,40,True,50,50,sub-ccepAgeUMCU21
sub-ccepAgeUMCU21__run-021525__IHv6-IHv7,40,False,49,49,sub-ccepAgeUMCU21
sub-ccepAgeUMCU21__run-021525__iHa6-iHa7,40,False,49,49,sub-ccepAgeUMCU21
sub-ccepAgeUMCU21__run-021525__iHa7-iHa8,40,False,49,49,sub-ccepAgeUMCU21
sub-ccepAgeUMCU22__run-011714__F01-F02,40,True,50,76,sub-ccepAgeUMCU22
sub-ccepAgeUMCU22__run-011714__F02-F03,40,True,50,76,sub-ccepAgeUMCU22
sub-ccepAgeUMCU22__run-011714__F04-F05,40,True,50,75,sub-ccepAgeUMCU22
sub-ccepAgeUMCU22__run-011714__F05-F06,40,True,50,74,sub-ccepAgeUMCU22
sub-ccepAgeUMCU22__run-011714__F11-F12,40,True,50,75,sub-ccepAgeUMCU22
sub-ccepAgeUMCU22__run-011714__F12-F13,40,True,50,72,sub-ccepAgeUMCU22
sub-ccepAgeUMCU22__run-011714__F14-F15,40,True,50,73,sub-ccepAgeUMCU22
sub-ccepAgeUMCU22__run-011714__F18-F19,40,True,50,74,sub-ccepAgeUMCU22
sub-ccepAgeUMCU22__run-011714__F22-F23,40,True,50,73,sub-ccepAgeUMCU22
sub-ccepAgeUMCU22__run-011714__F23-F24,40,True,50,73,sub-ccepAgeUMCU22
sub-ccepAgeUMCU22__run-011714__T37-T38,40,True,50,74,sub-ccepAgeUMCU22
sub-ccepAgeUMCU22__run-011714__T41-T42,40,True,50,75,sub-ccepAgeUMCU22
sub-ccepAgeUMCU23__run-021706__C04-C05,40,True,50,51,sub-ccepAgeUMCU23
sub-ccepAgeUMCU23__run-021706__C05-C06,40,True,50,51,sub-ccepAgeUMCU23
sub-ccepAgeUMCU23__run-021706__C06-C07,40,True,50,51,sub-ccepAgeUMCU23
sub-ccepAgeUMCU23__run-021706__C07-C08,40,True,50,51,sub-ccepAgeUMCU23
sub-ccepAgeUMCU23__run-021706__C10-C11,40,True,50,51,sub-ccepAgeUMCU23
sub-ccepAgeUMCU23__run-021706__C11-C12,40,True,50,51,sub-ccepAgeUMCU23
sub-ccepAgeUMCU23__run-021706__C12-C13,40,True,50,51,sub-ccepAgeUMCU23
sub-ccepAgeUMCU23__run-021706__C17-C18,40,True,50,51,sub-ccepAgeUMCU23
sub-ccepAgeUMCU23__run-021706__C18-C19,40,True,50,51,sub-ccepAgeUMCU23
sub-ccepAgeUMCU23__run-021706__C19-C20,40,True,50,51,sub-ccepAgeUMCU23
sub-ccepAgeUMCU23__run-021706__C20-C21,40,True,50,51,sub-ccepAgeUMCU23
sub-ccepAgeUMCU23__run-021706__C21-C22,40,True,50,51,sub-ccepAgeUMCU23
sub-ccepAgeUMCU23__run-021706__C22-C23,40,True,50,51,sub-ccepAgeUMCU23
sub-ccepAgeUMCU23__run-021706__C23-C24,40,True,50,51,sub-ccepAgeUMCU23
sub-ccepAgeUMCU23__run-021706__C26-C27,40,True,50,51,sub-ccepAgeUMCU23
sub-ccepAgeUMCU23__run-021706__C27-C28,40,True,50,51,sub-ccepAgeUMCU23
sub-ccepAgeUMCU23__run-021706__C29-C30,40,True,50,51,sub-ccepAgeUMCU23
sub-ccepAgeUMCU23__run-021706__C30-C31,40,True,50,51,sub-ccepAgeUMCU23
sub-ccepAgeUMCU23__run-021706__C31-C32,40,True,50,51,sub-ccepAgeUMCU23
sub-ccepAgeUMCU23__run-021706__IHH6-IHH7,40,True,50,51,sub-ccepAgeUMCU23
sub-ccepAgeUMCU23__run-021706__IHL02-IHL03,40,True,50,51,sub-ccepAgeUMCU23
sub-ccepAgeUMCU23__run-021706__IHL03-IHL04,40,True,50,51,sub-ccepAgeUMCU23
sub-ccepAgeUMCU24__run-031219__C01-C02,40,True,50,101,sub-ccepAgeUMCU24
sub-ccepAgeUMCU24__run-031219__C02-C03,40,True,50,101,sub-ccepAgeUMCU24
sub-ccepAgeUMCU24__run-031219__C05-C06,40,True,50,101,sub-ccepAgeUMCU24
sub-ccepAgeUMCU24__run-031219__C06-C07,40,True,50,101,sub-ccepAgeUMCU24
sub-ccepAgeUMCU24__run-031219__C07-C08,40,True,50,101,sub-ccepAgeUMCU24
sub-ccepAgeUMCU24__run-031219__C09-C10,40,True,50,102,sub-ccepAgeUMCU24
sub-ccepAgeUMCU24__run-031219__F03-F04,40,True,50,101,sub-ccepAgeUMCU24
sub-ccepAgeUMCU24__run-031219__F04-F05,40,True,50,101,sub-ccepAgeUMCU24
sub-ccepAgeUMCU24__run-031219__F05-F06,40,True,50,101,sub-ccepAgeUMCU24
sub-ccepAgeUMCU24__run-031219__F06-F07,40,True,50,101,sub-ccepAgeUMCU24
sub-ccepAgeUMCU24__run-031219__F07-F08,40,True,50,101,sub-ccepAgeUMCU24
sub-ccepAgeUMCU24__run-031219__F10-F11,40,True,50,101,sub-ccepAgeUMCU24
sub-ccepAgeUMCU24__run-031219__F11-F12,40,True,50,101,sub-ccepAgeUMCU24
sub-ccepAgeUMCU24__run-031219__F12-F13,40,True,50,101,sub-ccepAgeUMCU24
sub-ccepAgeUMCU24__run-031219__F31-F32,40,True,50,101,sub-ccepAgeUMCU24
sub-ccepAgeUMCU24__run-031219__F41-F42,40,True,50,101,sub-ccepAgeUMCU24
sub-ccepAgeUMCU24__run-031219__F43-F44,40,True,50,101,sub-ccepAgeUMCU24
sub-ccepAgeUMCU24__run-031219__F44-F45,40,True,50,101,sub-ccepAgeUMCU24
sub-ccepAgeUMCU24__run-031219__F51-F52,40,True,50,101,sub-ccepAgeUMCU24
sub-ccepAgeUMCU24__run-031219__F52-F53,40,True,50,101,sub-ccepAgeUMCU24
sub-ccepAgeUMCU24__run-031219__F53-F54,40,True,50,101,sub-ccepAgeUMCU24
sub-ccepAgeUMCU24__run-031219__F54-F55,40,True,50,101,sub-ccepAgeUMCU24
sub-ccepAgeUMCU24__run-031219__F55-F56,40,True,50,101,sub-ccepAgeUMCU24
sub-ccepAgeUMCU24__run-031219__F58-F59,40,True,50,101,sub-ccepAgeUMCU24
sub-ccepAgeUMCU24__run-031219__F59-F60,40,True,50,101,sub-ccepAgeUMCU24
sub-ccepAgeUMCU24__run-031219__F60-F61,40,True,50,101,sub-ccepAgeUMCU24
sub-ccepAgeUMCU24__run-031219__F62-F63,40,True,50,101,sub-ccepAgeUMCU24
sub-ccepAgeUMCU24__run-031219__F63-F64,40,True,50,101,sub-ccepAgeUMCU24
sub-ccepAgeUMCU24__run-031219__HCa1-HCa2,40,True,50,101,sub-ccepAgeUMCU24
sub-ccepAgeUMCU24__run-031219__HCa2-HCa3,40,True,50,101,sub-ccepAgeUMCU24
sub-ccepAgeUMCU24__run-031219__HCa3-HCa4,40,True,50,101,sub-ccepAgeUMCU24
sub-ccepAgeUMCU24__run-031219__HCa5-HCa6,40,True,50,101,sub-ccepAgeUMCU24
sub-ccepAgeUMCU24__run-031219__HCa6-HCa7,40,True,50,101,sub-ccepAgeUMCU24
sub-ccepAgeUMCU24__run-031219__HCv1-HCv2,40,True,50,101,sub-ccepAgeUMCU24
sub-ccepAgeUMCU24__run-031219__HCv2-HCv3,40,True,50,101,sub-ccepAgeUMCU24
sub-ccepAgeUMCU24__run-031324__C11-C12,40,True,50,103,sub-ccepAgeUMCU24
sub-ccepAgeUMCU24__run-031324__C12-C13,40,True,50,103,sub-ccepAgeUMCU24
sub-ccepAgeUMCU24__run-031324__C15-C16,40,True,50,103,sub-ccepAgeUMCU24
sub-ccepAgeUMCU24__run-031324__C18-C19,40,True,50,103,sub-ccepAgeUMCU24
sub-ccepAgeUMCU24__run-031324__C20-C21,40,True,50,103,sub-ccepAgeUMCU24
sub-ccepAgeUMCU24__run-031324__C21-C22,40,True,50,103,sub-ccepAgeUMCU24
sub-ccepAgeUMCU24__run-031324__C22-C23,40,True,50,103,sub-ccepAgeUMCU24
sub-ccepAgeUMCU24__run-031324__C23-C24,40,True,50,103,sub-ccepAgeUMCU24
sub-ccepAgeUMCU24__run-031324__C27-C28,40,True,50,103,sub-ccepAgeUMCU24
sub-ccepAgeUMCU24__run-031324__C29-C30,40,True,50,103,sub-ccepAgeUMCU24
sub-ccepAgeUMCU24__run-031324__C31-C32,40,True,50,103,sub-ccepAgeUMCU24
sub-ccepAgeUMCU25__run-031716__T05-T06,40,True,50,73,sub-ccepAgeUMCU25
sub-ccepAgeUMCU25__run-031716__T06-T07,40,True,50,73,sub-ccepAgeUMCU25
sub-ccepAgeUMCU25__run-031716__T07-T08,40,True,50,73,sub-ccepAgeUMCU25
sub-ccepAgeUMCU25__run-031716__T09-T10,40,True,50,73,sub-ccepAgeUMCU25
sub-ccepAgeUMCU25__run-031716__T10-T11,40,True,50,73,sub-ccepAgeUMCU25
sub-ccepAgeUMCU25__run-031716__T11-T12,40,True,50,73,sub-ccepAgeUMCU25
sub-ccepAgeUMCU25__run-031716__T12-T13,40,True,50,73,sub-ccepAgeUMCU25
sub-ccepAgeUMCU25__run-031716__T13-T14,40,True,50,73,sub-ccepAgeUMCU25
sub-ccepAgeUMCU25__run-031716__T14-T15,40,True,50,73,sub-ccepAgeUMCU25
sub-ccepAgeUMCU25__run-031716__T15-T16,40,True,50,73,sub-ccepAgeUMCU25
sub-ccepAgeUMCU25__run-031729__F49-F50,40,True,50,73,sub-ccepAgeUMCU25
sub-ccepAgeUMCU25__run-031729__F51-F52,40,True,50,73,sub-ccepAgeUMCU25
sub-ccepAgeUMCU25__run-031729__F53-F54,40,True,50,73,sub-ccepAgeUMCU25
sub-ccepAgeUMCU25__run-031729__F57-F58,40,True,50,73,sub-ccepAgeUMCU25
sub-ccepAgeUMCU25__run-031729__F58-F59,40,True,50,73,sub-ccepAgeUMCU25
sub-ccepAgeUMCU25__run-031729__F59-F60,40,True,50,73,sub-ccepAgeUMCU25
sub-ccepAgeUMCU25__run-031729__F60-F61,40,True,50,73,sub-ccepAgeUMCU25
sub-ccepAgeUMCU25__run-031729__F61-F62,40,True,50,73,sub-ccepAgeUMCU25
sub-ccepAgeUMCU25__run-031729__F62-F63,40,True,50,73,sub-ccepAgeUMCU25
sub-ccepAgeUMCU25__run-031729__T18-T19,40,True,50,73,sub-ccepAgeUMCU25
sub-ccepAgeUMCU25__run-031729__T19-T20,40,True,50,73,sub-ccepAgeUMCU25
sub-ccepAgeUMCU25__run-031729__T20-T21,40,True,50,73,sub-ccepAgeUMCU25
sub-ccepAgeUMCU25__run-031729__T21-T22,40,True,50,73,sub-ccepAgeUMCU25
sub-ccepAgeUMCU25__run-031729__T22-T23,40,True,50,73,sub-ccepAgeUMCU25
sub-ccepAgeUMCU25__run-031729__T23-T24,40,True,50,73,sub-ccepAgeUMCU25
sub-ccepAgeUMCU25__run-031729__T27-T28,40,True,50,73,sub-ccepAgeUMCU25
sub-ccepAgeUMCU25__run-031729__T28-T29,40,True,50,73,sub-ccepAgeUMCU25
sub-ccepAgeUMCU25__run-031729__T29-T30,40,True,50,73,sub-ccepAgeUMCU25
sub-ccepAgeUMCU25__run-031729__T30-T31,40,True,50,73,sub-ccepAgeUMCU25
sub-ccepAgeUMCU25__run-031729__T31-T32,40,True,50,73,sub-ccepAgeUMCU25
sub-ccepAgeUMCU25__run-031729__T33-T34,40,True,50,73,sub-ccepAgeUMCU25
sub-ccepAgeUMCU25__run-031729__T34-T35,40,True,50,73,sub-ccepAgeUMCU25
sub-ccepAgeUMCU25__run-031729__T35-T36,40,True,50,73,sub-ccepAgeUMCU25
sub-ccepAgeUMCU25__run-031729__T36-T37,40,True,50,73,sub-ccepAgeUMCU25
sub-ccepAgeUMCU25__run-031729__T37-T38,40,True,50,73,sub-ccepAgeUMCU25
sub-ccepAgeUMCU25__run-031729__T38-T39,40,True,50,73,sub-ccepAgeUMCU25
sub-ccepAgeUMCU25__run-031729__T39-T40,40,True,50,73,sub-ccepAgeUMCU25
sub-ccepAgeUMCU25__run-031729__T41-T42,40,True,50,73,sub-ccepAgeUMCU25
sub-ccepAgeUMCU25__run-031729__T42-T43,40,True,50,73,sub-ccepAgeUMCU25
sub-ccepAgeUMCU25__run-031729__T43-T44,40,True,50,73,sub-ccepAgeUMCU25
sub-ccepAgeUMCU25__run-031729__T44-T45,40,True,50,73,sub-ccepAgeUMCU25
sub-ccepAgeUMCU25__run-031729__T45-T46,40,True,50,73,sub-ccepAgeUMCU25
sub-ccepAgeUMCU25__run-031729__T46-T47,40,True,50,73,sub-ccepAgeUMCU25
sub-ccepAgeUMCU25__run-031729__T47-T48,40,True,50,73,sub-ccepAgeUMCU25
sub-ccepAgeUMCU25__run-031729__sT1-sT2,40,True,50,74,sub-ccepAgeUMCU25
sub-ccepAgeUMCU25__run-031729__vT1-vT2,40,True,50,73,sub-ccepAgeUMCU25
sub-ccepAgeUMCU26__run-011555__F01-F02,40,True,50,55,sub-ccepAgeUMCU26
sub-ccepAgeUMCU26__run-011555__F03-F04,40,True,50,54,sub-ccepAgeUMCU26
sub-ccepAgeUMCU26__run-011555__F04-F05,40,True,50,54,sub-ccepAgeUMCU26
sub-ccepAgeUMCU26__run-011555__F05-F06,40,True,50,54,sub-ccepAgeUMCU26
sub-ccepAgeUMCU26__run-011555__F06-F07,40,True,50,54,sub-ccepAgeUMCU26
sub-ccepAgeUMCU26__run-011555__F10-F11,40,True,50,54,sub-ccepAgeUMCU26
sub-ccepAgeUMCU26__run-011555__F11-F12,40,True,50,55,sub-ccepAgeUMCU26
sub-ccepAgeUMCU26__run-011555__F14-F15,40,True,50,54,sub-ccepAgeUMCU26
sub-ccepAgeUMCU26__run-011555__F17-F18,40,True,50,54,sub-ccepAgeUMCU26
sub-ccepAgeUMCU26__run-011555__F18-F19,40,True,50,54,sub-ccepAgeUMCU26
sub-ccepAgeUMCU26__run-011555__F19-F20,40,True,50,54,sub-ccepAgeUMCU26
sub-ccepAgeUMCU26__run-011555__F20-F21,40,True,50,54,sub-ccepAgeUMCU26
sub-ccepAgeUMCU26__run-011555__F21-F22,40,True,50,54,sub-ccepAgeUMCU26
sub-ccepAgeUMCU26__run-011555__F22-F23,40,True,50,54,sub-ccepAgeUMCU26
sub-ccepAgeUMCU26__run-011555__F23-F24,40,True,50,54,sub-ccepAgeUMCU26
sub-ccepAgeUMCU26__run-011555__F26-F27,40,True,50,54,sub-ccepAgeUMCU26
sub-ccepAgeUMCU26__run-011555__FL10-FL11,40,True,50,53,sub-ccepAgeUMCU26
sub-ccepAgeUMCU26__run-011555__FL11-FL12,40,True,50,54,sub-ccepAgeUMCU26
sub-ccepAgeUMCU26__run-011555__IHH6-IHH7,40,True,50,54,sub-ccepAgeUMCU26
sub-ccepAgeUMCU27__run-031551__C02-C03,40,True,50,56,sub-ccepAgeUMCU27
sub-ccepAgeUMCU27__run-031551__Oc1-Oc2,40,True,50,56,sub-ccepAgeUMCU27
sub-ccepAgeUMCU27__run-031551__Oc2-Oc3,40,True,50,56,sub-ccepAgeUMCU27
sub-ccepAgeUMCU27__run-031551__Oc6-Oc7,40,True,50,56,sub-ccepAgeUMCU27
sub-ccepAgeUMCU27__run-031551__Oc7-Oc8,40,True,50,56,sub-ccepAgeUMCU27
sub-ccepAgeUMCU27__run-031551__T02-T03,40,True,50,56,sub-ccepAgeUMCU27
sub-ccepAgeUMCU27__run-031551__T03-T04,40,True,50,56,sub-ccepAgeUMCU27
sub-ccepAgeUMCU27__run-031551__T04-T05,40,True,50,56,sub-ccepAgeUMCU27
sub-ccepAgeUMCU27__run-031551__T05-T06,40,True,50,56,sub-ccepAgeUMCU27
sub-ccepAgeUMCU27__run-031551__T06-T07,40,True,50,56,sub-ccepAgeUMCU27
sub-ccepAgeUMCU27__run-031551__T07-T08,40,True,50,56,sub-ccepAgeUMCU27
sub-ccepAgeUMCU27__run-031551__T09-T10,40,True,50,56,sub-ccepAgeUMCU27
sub-ccepAgeUMCU27__run-031551__T10-T11,40,True,50,56,sub-ccepAgeUMCU27
sub-ccepAgeUMCU27__run-031551__T11-T12,40,True,50,56,sub-ccepAgeUMCU27
sub-ccepAgeUMCU27__run-031551__T12-T13,40,True,50,56,sub-ccepAgeUMCU27
sub-ccepAgeUMCU27__run-031551__T12-T20,40,True,50,56,sub-ccepAgeUMCU27
sub-ccepAgeUMCU27__run-031551__T13-T14,40,True,50,56,sub-ccepAgeUMCU27
sub-ccepAgeUMCU27__run-031551__T13-T21,40,True,50,56,sub-ccepAgeUMCU27
sub-ccepAgeUMCU27__run-031551__T14-T15,40,True,50,56,sub-ccepAgeUMCU27
sub-ccepAgeUMCU27__run-031551__T15-T16,40,True,50,56,sub-ccepAgeUMCU27
sub-ccepAgeUMCU27__run-031551__T19-T20,40,True,50,56,sub-ccepAgeUMCU27
sub-ccepAgeUMCU27__run-031551__T22-T30,40,True,50,56,sub-ccepAgeUMCU27
sub-ccepAgeUMCU27__run-031551__T23-T24,40,True,50,56,sub-ccepAgeUMCU27
sub-ccepAgeUMCU27__run-031551__T25-T26,40,True,50,56,sub-ccepAgeUMCU27
sub-ccepAgeUMCU27__run-031551__T27-T28,40,True,50,56,sub-ccepAgeUMCU27
sub-ccepAgeUMCU27__run-031551__T28-T29,40,True,50,57,sub-ccepAgeUMCU27
sub-ccepAgeUMCU27__run-031551__T29-T30,40,True,50,57,sub-ccepAgeUMCU27
sub-ccepAgeUMCU27__run-031551__T30-T31,40,True,50,57,sub-ccepAgeUMCU27
sub-ccepAgeUMCU27__run-031551__T31-T32,40,True,50,58,sub-ccepAgeUMCU27
sub-ccepAgeUMCU27__run-031551__T32-SOT8,40,True,50,58,sub-ccepAgeUMCU27
sub-ccepAgeUMCU27__run-031551__sTa1-sTa2,40,True,50,58,sub-ccepAgeUMCU27
sub-ccepAgeUMCU27__run-031551__sTv1-sTv2,40,True,50,56,sub-ccepAgeUMCU27
sub-ccepAgeUMCU28__run-021305__F01-F02,40,True,50,60,sub-ccepAgeUMCU28
sub-ccepAgeUMCU28__run-021305__F02-F03,40,True,50,60,sub-ccepAgeUMCU28
sub-ccepAgeUMCU28__run-021305__F03-F04,40,True,50,60,sub-ccepAgeUMCU28
sub-ccepAgeUMCU28__run-021305__F04-F05,40,True,50,60,sub-ccepAgeUMCU28
sub-ccepAgeUMCU28__run-021305__F05-F06,40,True,50,60,sub-ccepAgeUMCU28
sub-ccepAgeUMCU28__run-021305__F06-F07,40,True,50,60,sub-ccepAgeUMCU28
sub-ccepAgeUMCU28__run-021305__F07-F08,40,True,50,60,sub-ccepAgeUMCU28
sub-ccepAgeUMCU28__run-021305__F09-F10,40,True,50,60,sub-ccepAgeUMCU28
sub-ccepAgeUMCU28__run-021305__F10-F11,40,True,50,60,sub-ccepAgeUMCU28
sub-ccepAgeUMCU28__run-021305__F11-F12,40,True,50,60,sub-ccepAgeUMCU28
sub-ccepAgeUMCU28__run-021305__F14-F15,40,True,50,60,sub-ccepAgeUMCU28
sub-ccepAgeUMCU28__run-021305__F15-F16,40,True,50,60,sub-ccepAgeUMCU28
sub-ccepAgeUMCU28__run-021305__F17-F18,40,True,50,60,sub-ccepAgeUMCU28
sub-ccepAgeUMCU28__run-021305__F18-F19,40,True,50,60,sub-ccepAgeUMCU28
sub-ccepAgeUMCU28__run-021305__F19-F20,40,True,50,60,sub-ccepAgeUMCU28
sub-ccepAgeUMCU28__run-021305__F20-F21,40,True,50,60,sub-ccepAgeUMCU28
sub-ccepAgeUMCU28__run-021305__F21-F22,40,True,50,60,sub-ccepAgeUMCU28
sub-ccepAgeUMCU28__run-021305__F22-F23,40,True,50,60,sub-ccepAgeUMCU28
sub-ccepAgeUMCU28__run-021305__F23-F24,40,True,50,60,sub-ccepAgeUMCU28
sub-ccepAgeUMCU28__run-021305__F25-F26,40,True,50,60,sub-ccepAgeUMCU28
sub-ccepAgeUMCU28__run-021305__F26-F27,40,True,50,60,sub-ccepAgeUMCU28
sub-ccepAgeUMCU28__run-021305__F27-F28,40,True,50,60,sub-ccepAgeUMCU28
sub-ccepAgeUMCU28__run-021305__F28-F29,40,True,50,60,sub-ccepAgeUMCU28
sub-ccepAgeUMCU28__run-021305__F29-F30,40,True,50,60,sub-ccepAgeUMCU28
sub-ccepAgeUMCU28__run-021305__F30-F31,40,True,50,60,sub-ccepAgeUMCU28
sub-ccepAgeUMCU28__run-021305__F31-F32,40,True,50,60,sub-ccepAgeUMCU28
sub-ccepAgeUMCU28__run-021305__F33-F34,40,True,50,60,sub-ccepAgeUMCU28
sub-ccepAgeUMCU28__run-021305__F34-F35,40,True,50,60,sub-ccepAgeUMCU28
sub-ccepAgeUMCU28__run-021305__F35-F36,40,True,50,60,sub-ccepAgeUMCU28
sub-ccepAgeUMCU28__run-021305__F36-F37,40,True,50,60,sub-ccepAgeUMCU28
sub-ccepAgeUMCU28__run-021305__F37-F38,40,True,50,60,sub-ccepAgeUMCU28
sub-ccepAgeUMCU28__run-021305__F38-F39,40,True,50,60,sub-ccepAgeUMCU28
sub-ccepAgeUMCU28__run-021305__F42-F43,40,True,50,60,sub-ccepAgeUMCU28
sub-ccepAgeUMCU28__run-021305__F43-F44,40,True,50,60,sub-ccepAgeUMCU28
sub-ccepAgeUMCU28__run-021305__F44-F45,40,True,50,60,sub-ccepAgeUMCU28
sub-ccepAgeUMCU28__run-021305__F45-F46,40,True,50,60,sub-ccepAgeUMCU28
sub-ccepAgeUMCU28__run-021305__F46-F47,40,True,50,60,sub-ccepAgeUMCU28
sub-ccepAgeUMCU28__run-021305__F47-F48,40,True,50,60,sub-ccepAgeUMCU28
sub-ccepAgeUMCU28__run-021305__F49-F50,40,True,50,60,sub-ccepAgeUMCU28
sub-ccepAgeUMCU28__run-021305__F50-F51,40,True,50,60,sub-ccepAgeUMCU28
sub-ccepAgeUMCU28__run-021305__F51-F52,40,True,50,60,sub-ccepAgeUMCU28
sub-ccepAgeUMCU28__run-021305__F52-F53,40,True,50,60,sub-ccepAgeUMCU28
sub-ccepAgeUMCU28__run-021305__F53-F54,40,True,50,60,sub-ccepAgeUMCU28
sub-ccepAgeUMCU28__run-021305__F54-F55,40,True,50,60,sub-ccepAgeUMCU28
sub-ccepAgeUMCU28__run-021305__F55-F56,40,True,50,60,sub-ccepAgeUMCU28
sub-ccepAgeUMCU28__run-021305__F58-F59,40,True,50,60,sub-ccepAgeUMCU28
sub-ccepAgeUMCU28__run-021305__F60-F61,40,True,50,60,sub-ccepAgeUMCU28
sub-ccepAgeUMCU28__run-021305__F61-F62,40,True,50,60,sub-ccepAgeUMCU28
sub-ccepAgeUMCU28__run-021305__F62-F63,40,True,50,60,sub-ccepAgeUMCU28
sub-ccepAgeUMCU28__run-021305__F63-F64,40,True,50,60,sub-ccepAgeUMCU28
sub-ccepAgeUMCU29__run-021549__C02-C03,40,True,50,53,sub-ccepAgeUMCU29
sub-ccepAgeUMCU29__run-021549__C03-C04,40,True,50,53,sub-ccepAgeUMCU29
sub-ccepAgeUMCU29__run-021549__C04-C05,40,True,50,53,sub-ccepAgeUMCU29
sub-ccepAgeUMCU29__run-021549__C05-C06,40,True,50,53,sub-ccepAgeUMCU29
sub-ccepAgeUMCU29__run-021549__C06-C07,40,True,50,53,sub-ccepAgeUMCU29
sub-ccepAgeUMCU29__run-021549__C07-C08,40,True,50,53,sub-ccepAgeUMCU29
sub-ccepAgeUMCU29__run-021549__C10-C11,40,True,50,53,sub-ccepAgeUMCU29
sub-ccepAgeUMCU29__run-021549__C11-C12,40,True,50,53,sub-ccepAgeUMCU29
sub-ccepAgeUMCU29__run-021549__C12-C13,40,True,50,53,sub-ccepAgeUMCU29
sub-ccepAgeUMCU29__run-021549__C13-C14,40,True,50,53,sub-ccepAgeUMCU29
sub-ccepAgeUMCU29__run-021549__C14-C15,40,True,50,53,sub-ccepAgeUMCU29
sub-ccepAgeUMCU29__run-021549__C15-C16,40,True,50,53,sub-ccepAgeUMCU29
sub-ccepAgeUMCU29__run-021549__C17-C18,40,True,50,53,sub-ccepAgeUMCU29
sub-ccepAgeUMCU29__run-021549__C18-C19,40,True,50,53,sub-ccepAgeUMCU29
sub-ccepAgeUMCU29__run-021549__C19-C20,40,True,50,53,sub-ccepAgeUMCU29
sub-ccepAgeUMCU29__run-021549__C20-C21,40,True,50,53,sub-ccepAgeUMCU29
sub-ccepAgeUMCU29__run-021549__C21-C22,40,True,50,53,sub-ccepAgeUMCU29
sub-ccepAgeUMCU29__run-021549__C27-C28,40,True,50,53,sub-ccepAgeUMCU29
sub-ccepAgeUMCU29__run-021549__C28-C29,40,True,50,53,sub-ccepAgeUMCU29
sub-ccepAgeUMCU29__run-021549__C29-C30,40,True,50,53,sub-ccepAgeUMCU29
sub-ccepAgeUMCU29__run-021549__C30-C31,40,True,50,53,sub-ccepAgeUMCU29
sub-ccepAgeUMCU29__run-021549__IHH01-IHH02,40,True,50,53,sub-ccepAgeUMCU29
sub-ccepAgeUMCU29__run-021549__IHH02-IHH03,40,True,50,53,sub-ccepAgeUMCU29
sub-ccepAgeUMCU29__run-021549__IHH03-IHH04,40,True,50,53,sub-ccepAgeUMCU29
sub-ccepAgeUMCU29__run-021549__IHH04-IHH05,40,True,50,53,sub-ccepAgeUMCU29
sub-ccepAgeUMCU29__run-021549__IHH05-IHH06,40,True,50,53,sub-ccepAgeUMCU29
sub-ccepAgeUMCU29__run-021549__IHH06-IHH07,40,True,50,53,sub-ccepAgeUMCU29
sub-ccepAgeUMCU29__run-021549__IHH07-IHH08,40,True,50,53,sub-ccepAgeUMCU29
sub-ccepAgeUMCU29__run-021549__IHH09-IHH10,40,True,50,53,sub-ccepAgeUMCU29
sub-ccepAgeUMCU29__run-021549__IHH11-IHH12,40,True,50,53,sub-ccepAgeUMCU29
sub-ccepAgeUMCU29__run-021549__IHH12-IHH13,40,True,50,53,sub-ccepAgeUMCU29
sub-ccepAgeUMCU29__run-021549__IHH13-IHH14,40,True,50,53,sub-ccepAgeUMCU29
sub-ccepAgeUMCU29__run-021549__IHH14-IHH15,40,True,50,53,sub-ccepAgeUMCU29
sub-ccepAgeUMCU30__run-021524__C01-C02,40,True,50,94,sub-ccepAgeUMCU30
sub-ccepAgeUMCU30__run-021524__C02-C03,40,True,50,94,sub-ccepAgeUMCU30
sub-ccepAgeUMCU30__run-021524__C05-C06,40,True,50,94,sub-ccepAgeUMCU30
sub-ccepAgeUMCU30__run-021524__C06-C07,40,True,50,94,sub-ccepAgeUMCU30
sub-ccepAgeUMCU30__run-021524__F04-F05,40,True,50,94,sub-ccepAgeUMCU30
sub-ccepAgeUMCU30__run-021524__F05-F06,40,True,50,94,sub-ccepAgeUMCU30
sub-ccepAgeUMCU30__run-021524__F06-F07,40,True,50,94,sub-ccepAgeUMCU30
sub-ccepAgeUMCU30__run-021524__F11-F12,40,True,50,94,sub-ccepAgeUMCU30
sub-ccepAgeUMCU30__run-021524__F12-F13,40,True,50,94,sub-ccepAgeUMCU30
sub-ccepAgeUMCU30__run-021524__F13-F14,40,True,50,94,sub-ccepAgeUMCU30
sub-ccepAgeUMCU30__run-021524__F14-F15,40,True,50,94,sub-ccepAgeUMCU30
sub-ccepAgeUMCU30__run-021524__F15-F16,40,True,50,94,sub-ccepAgeUMCU30
sub-ccepAgeUMCU30__run-021524__F17-F18,40,True,50,94,sub-ccepAgeUMCU30
sub-ccepAgeUMCU30__run-021524__F18-F19,40,True,50,94,sub-ccepAgeUMCU30
sub-ccepAgeUMCU30__run-021524__F19-F20,40,True,50,94,sub-ccepAgeUMCU30
sub-ccepAgeUMCU30__run-021524__F20-F21,40,True,50,94,sub-ccepAgeUMCU30
sub-ccepAgeUMCU30__run-021524__F22-F23,40,True,50,94,sub-ccepAgeUMCU30
sub-ccepAgeUMCU30__run-021524__F23-F24,40,True,50,94,sub-ccepAgeUMCU30
sub-ccepAgeUMCU30__run-021524__F26-F27,40,True,50,94,sub-ccepAgeUMCU30
sub-ccepAgeUMCU30__run-021524__F27-F28,40,True,50,94,sub-ccepAgeUMCU30
sub-ccepAgeUMCU30__run-021524__F28-F29,40,True,50,94,sub-ccepAgeUMCU30
sub-ccepAgeUMCU30__run-021524__F30-F31,40,True,50,94,sub-ccepAgeUMCU30
sub-ccepAgeUMCU30__run-021524__FL01-FL02,40,True,50,94,sub-ccepAgeUMCU30
sub-ccepAgeUMCU30__run-021524__FL03-FL04,40,True,50,94,sub-ccepAgeUMCU30
sub-ccepAgeUMCU30__run-021524__FL04-FL05,40,True,50,94,sub-ccepAgeUMCU30
sub-ccepAgeUMCU30__run-021524__FL05-FL06,40,True,50,94,sub-ccepAgeUMCU30
sub-ccepAgeUMCU30__run-021524__FL06-FL07,40,True,50,94,sub-ccepAgeUMCU30
sub-ccepAgeUMCU30__run-021524__FL09-FL10,40,True,50,94,sub-ccepAgeUMCU30
sub-ccepAgeUMCU30__run-021524__FL10-FL11,40,True,50,94,sub-ccepAgeUMCU30
sub-ccepAgeUMCU30__run-021524__FL11-FL12,40,True,50,94,sub-ccepAgeUMCU30
sub-ccepAgeUMCU30__run-021524__FL13-FL14,40,True,50,94,sub-ccepAgeUMCU30
sub-ccepAgeUMCU30__run-021524__FL14-FL15,40,True,50,94,sub-ccepAgeUMCU30
sub-ccepAgeUMCU30__run-021524__FL15-FL16,40,True,50,94,sub-ccepAgeUMCU30
sub-ccepAgeUMCU30__run-021524__IHa49-IHa50,40,True,50,94,sub-ccepAgeUMCU30
sub-ccepAgeUMCU30__run-021524__IHa50-IHa51,40,True,50,94,sub-ccepAgeUMCU30
sub-ccepAgeUMCU30__run-021524__IHa53-IHa54,40,True,50,94,sub-ccepAgeUMCU30
sub-ccepAgeUMCU30__run-021524__IHa54-IHa55,40,True,50,94,sub-ccepAgeUMCU30
sub-ccepAgeUMCU30__run-021524__IHa59-IHa60,40,True,50,94,sub-ccepAgeUMCU30
sub-ccepAgeUMCU30__run-021524__IHa60-IHa61,40,True,50,94,sub-ccepAgeUMCU30
sub-ccepAgeUMCU30__run-021524__IHa61-IHa62,40,True,50,94,sub-ccepAgeUMCU30
sub-ccepAgeUMCU30__run-021524__IHa62-IHa63,40,True,50,94,sub-ccepAgeUMCU30
sub-ccepAgeUMCU30__run-021524__IHv35-IHv36,40,True,50,94,sub-ccepAgeUMCU30
sub-ccepAgeUMCU30__run-021524__IHv36-IHv37,40,True,50,94,sub-ccepAgeUMCU30
sub-ccepAgeUMCU30__run-021524__IHv37-IHv38,40,True,50,94,sub-ccepAgeUMCU30
sub-ccepAgeUMCU30__run-021524__IHv38-IHv39,40,True,50,94,sub-ccepAgeUMCU30
sub-ccepAgeUMCU30__run-021524__IHv47-IHv48,40,True,50,94,sub-ccepAgeUMCU30
sub-ccepAgeUMCU30__run-021524__T01-T02,40,True,50,94,sub-ccepAgeUMCU30
sub-ccepAgeUMCU30__run-021524__T04-T05,40,True,50,94,sub-ccepAgeUMCU30
sub-ccepAgeUMCU30__run-021524__T06-T07,40,True,50,94,sub-ccepAgeUMCU30
sub-ccepAgeUMCU30__run-021524__T07-T08,40,True,50,94,sub-ccepAgeUMCU30
sub-ccepAgeUMCU31__run-031740__T09-T10,40,True,50,57,sub-ccepAgeUMCU31
sub-ccepAgeUMCU31__run-031740__T10-T11,40,True,50,57,sub-ccepAgeUMCU31
sub-ccepAgeUMCU31__run-031740__T13-T14,40,True,50,57,sub-ccepAgeUMCU31
sub-ccepAgeUMCU31__run-031740__T15-T16,40,True,50,57,sub-ccepAgeUMCU31
sub-ccepAgeUMCU31__run-031740__T28-T29,40,True,50,57,sub-ccepAgeUMCU31
sub-ccepAgeUMCU31__run-031740__T30-T31,40,True,50,57,sub-ccepAgeUMCU31
sub-ccepAgeUMCU32__run-031446__TP02-TP03,40,True,50,75,sub-ccepAgeUMCU32
sub-ccepAgeUMCU32__run-031446__TP03-TP04,40,True,50,75,sub-ccepAgeUMCU32
sub-ccepAgeUMCU32__run-031446__TP04-TP05,40,True,50,75,sub-ccepAgeUMCU32
sub-ccepAgeUMCU32__run-031446__TP05-TP06,40,True,50,75,sub-ccepAgeUMCU32
sub-ccepAgeUMCU32__run-031446__TP06-TP07,40,True,50,75,sub-ccepAgeUMCU32
sub-ccepAgeUMCU32__run-031446__TP07-TP08,40,True,50,75,sub-ccepAgeUMCU32
sub-ccepAgeUMCU32__run-031446__TP10-TP11,40,True,50,75,sub-ccepAgeUMCU32
sub-ccepAgeUMCU32__run-031446__TP11-TP12,40,True,50,75,sub-ccepAgeUMCU32
sub-ccepAgeUMCU32__run-031446__TP12-TP13,40,True,50,75,sub-ccepAgeUMCU32
sub-ccepAgeUMCU32__run-031446__TP14-TP15,40,True,50,75,sub-ccepAgeUMCU32
sub-ccepAgeUMCU32__run-031446__TP17-TP18,40,True,50,75,sub-ccepAgeUMCU32
sub-ccepAgeUMCU32__run-031446__TP18-TP19,40,True,50,75,sub-ccepAgeUMCU32
sub-ccepAgeUMCU32__run-031446__TP20-TP21,40,True,50,75,sub-ccepAgeUMCU32
sub-ccepAgeUMCU32__run-031446__TP23-TP24,40,True,50,75,sub-ccepAgeUMCU32
sub-ccepAgeUMCU32__run-031446__TP26-TP27,40,True,50,75,sub-ccepAgeUMCU32
sub-ccepAgeUMCU32__run-031733__OB49-OB50,40,True,50,75,sub-ccepAgeUMCU32
sub-ccepAgeUMCU32__run-031733__OB50-OB51,40,True,50,75,sub-ccepAgeUMCU32
sub-ccepAgeUMCU32__run-031733__OB51-OB52,40,True,50,76,sub-ccepAgeUMCU32
sub-ccepAgeUMCU32__run-031733__OB57-OB58,40,True,50,75,sub-ccepAgeUMCU32
sub-ccepAgeUMCU32__run-031733__OB58-OB59,40,True,50,75,sub-ccepAgeUMCU32
sub-ccepAgeUMCU32__run-031733__OB59-OB60,40,True,50,76,sub-ccepAgeUMCU32
sub-ccepAgeUMCU32__run-031733__TOB1-TOB2,40,True,50,75,sub-ccepAgeUMCU32
sub-ccepAgeUMCU32__run-031733__TOB2-TOB3,40,True,50,75,sub-ccepAgeUMCU32
sub-ccepAgeUMCU32__run-031733__TOB3-TOB4,40,True,50,75,sub-ccepAgeUMCU32
sub-ccepAgeUMCU32__run-031733__TOB5-TOB6,40,True,50,75,sub-ccepAgeUMCU32
sub-ccepAgeUMCU32__run-031733__TP27-TP28,40,True,50,74,sub-ccepAgeUMCU32
sub-ccepAgeUMCU32__run-031733__TP30-TP31,40,True,50,75,sub-ccepAgeUMCU32
sub-ccepAgeUMCU32__run-031733__TP31-TP32,40,True,50,75,sub-ccepAgeUMCU32
sub-ccepAgeUMCU32__run-031733__TP35-TP36,40,True,50,75,sub-ccepAgeUMCU32
sub-ccepAgeUMCU32__run-031733__TP41-TP42,40,True,50,75,sub-ccepAgeUMCU32
sub-ccepAgeUMCU32__run-031733__sT1-sT2,40,True,50,75,sub-ccepAgeUMCU32
sub-ccepAgeUMCU32__run-031733__sT2-sT3,40,True,50,75,sub-ccepAgeUMCU32
sub-ccepAgeUMCU32__run-031733__sT3-sT4,40,True,50,75,sub-ccepAgeUMCU32
sub-ccepAgeUMCU32__run-031733__sT5-sT6,40,True,50,75,sub-ccepAgeUMCU32
sub-ccepAgeUMCU32__run-031733__sT6-sT7,40,True,50,75,sub-ccepAgeUMCU32
sub-ccepAgeUMCU32__run-031733__sT7-sT8,40,True,50,75,sub-ccepAgeUMCU32
sub-ccepAgeUMCU32__run-031733__vT2-vT3,40,True,50,75,sub-ccepAgeUMCU32
sub-ccepAgeUMCU32__run-031733__vT3-vT4,40,True,50,75,sub-ccepAgeUMCU32
sub-ccepAgeUMCU32__run-031837__vT5-vT6,40,True,50,75,sub-ccepAgeUMCU32
sub-ccepAgeUMCU32__run-031837__vT6-vT7,40,True,50,75,sub-ccepAgeUMCU32
sub-ccepAgeUMCU32__run-031837__vT7-vT8,40,True,50,75,sub-ccepAgeUMCU32
sub-ccepAgeUMCU33__run-021231__C06-C07,40,True,50,61,sub-ccepAgeUMCU33
sub-ccepAgeUMCU33__run-021231__C09-C10,40,True,50,61,sub-ccepAgeUMCU33
sub-ccepAgeUMCU33__run-021231__C10-C11,40,True,50,61,sub-ccepAgeUMCU33
sub-ccepAgeUMCU33__run-021231__C11-C12,40,True,50,61,sub-ccepAgeUMCU33
sub-ccepAgeUMCU33__run-021231__C13-C14,40,True,50,61,sub-ccepAgeUMCU33
sub-ccepAgeUMCU33__run-021231__C14-C15,40,True,50,61,sub-ccepAgeUMCU33
sub-ccepAgeUMCU33__run-021231__C15-C16,40,True,50,61,sub-ccepAgeUMCU33
sub-ccepAgeUMCU33__run-021231__C17-C18,40,True,50,60,sub-ccepAgeUMCU33
sub-ccepAgeUMCU33__run-021231__C19-C20,40,True,50,60,sub-ccepAgeUMCU33
sub-ccepAgeUMCU33__run-021231__C20-C21,40,True,50,60,sub-ccepAgeUMCU33
sub-ccepAgeUMCU33__run-021231__C21-C22,40,True,50,61,sub-ccepAgeUMCU33
sub-ccepAgeUMCU33__run-021231__C22-C23,40,True,50,61,sub-ccepAgeUMCU33
sub-ccepAgeUMCU33__run-021231__C23-C24,40,True,50,61,sub-ccepAgeUMCU33
sub-ccepAgeUMCU33__run-021231__C26-C27,40,True,50,61,sub-ccepAgeUMCU33
sub-ccepAgeUMCU33__run-021231__C27-C28,40,True,50,61,sub-ccepAgeUMCU33
sub-ccepAgeUMCU33__run-021231__C29-C30,40,True,50,61,sub-ccepAgeUMCU33
sub-ccepAgeUMCU33__run-021231__C30-C31,40,True,50,61,sub-ccepAgeUMCU33
sub-ccepAgeUMCU33__run-021231__C31-C32,40,True,50,61,sub-ccepAgeUMCU33
sub-ccepAgeUMCU33__run-021231__CH01-CH02,40,True,50,61,sub-ccepAgeUMCU33
sub-ccepAgeUMCU33__run-021231__CH02-CH03,40,True,50,61,sub-ccepAgeUMCU33
sub-ccepAgeUMCU33__run-021231__CH03-CH04,40,True,50,61,sub-ccepAgeUMCU33
sub-ccepAgeUMCU33__run-021231__CH04-CH05,40,True,50,61,sub-ccepAgeUMCU33
sub-ccepAgeUMCU33__run-021231__CH06-CH07,40,True,50,61,sub-ccepAgeUMCU33
sub-ccepAgeUMCU33__run-021231__CH07-CH08,40,True,50,61,sub-ccepAgeUMCU33
sub-ccepAgeUMCU33__run-021231__CH09-CH10,40,True,50,61,sub-ccepAgeUMCU33
sub-ccepAgeUMCU33__run-021231__CH10-CH11,40,True,50,61,sub-ccepAgeUMCU33
sub-ccepAgeUMCU33__run-021231__CH11-CH12,40,True,50,61,sub-ccepAgeUMCU33
sub-ccepAgeUMCU33__run-021231__CH12-CH13,40,True,50,61,sub-ccepAgeUMCU33
sub-ccepAgeUMCU33__run-021231__CH13-CH14,40,True,50,61,sub-ccepAgeUMCU33
sub-ccepAgeUMCU33__run-021231__IHv1-IHv2,40,True,50,61,sub-ccepAgeUMCU33
sub-ccepAgeUMCU33__run-021231__IHv2-IHv3,40,True,50,61,sub-ccepAgeUMCU33
sub-ccepAgeUMCU33__run-021231__IHv3-IHv4,40,True,50,61,sub-ccepAgeUMCU33
sub-ccepAgeUMCU33__run-021231__IHv5-IHv6,40,True,50,61,sub-ccepAgeUMCU33
sub-ccepAgeUMCU33__run-021231__IHv6-IHv7,40,True,50,61,sub-ccepAgeUMCU33
sub-ccepAgeUMCU33__run-021231__IHv7-IHv8,40,True,50,61,sub-ccepAgeUMCU33
sub-ccepAgeUMCU35__run-021624__AT10-AT11,40,True,50,62,sub-ccepAgeUMCU35
sub-ccepAgeUMCU35__run-021624__AT11-AT12,40,True,50,62,sub-ccepAgeUMCU35
sub-ccepAgeUMCU35__run-021624__AT12-AT13,40,True,50,62,sub-ccepAgeUMCU35
sub-ccepAgeUMCU35__run-021624__AT13-AT14,40,True,50,62,sub-ccepAgeUMCU35
sub-ccepAgeUMCU35__run-021624__AT15-AT16,40,True,50,62,sub-ccepAgeUMCU35
sub-ccepAgeUMCU35__run-021624__AT18-AT19,40,True,50,62,sub-ccepAgeUMCU35
sub-ccepAgeUMCU35__run-021624__AT19-AT20,40,True,50,62,sub-ccepAgeUMCU35
sub-ccepAgeUMCU35__run-021624__AT20-AT21,40,True,50,62,sub-ccepAgeUMCU35
sub-ccepAgeUMCU35__run-021624__AT21-AT22,40,True,50,62,sub-ccepAgeUMCU35
sub-ccepAgeUMCU35__run-021624__AT22-AT23,40,True,50,62,sub-ccepAgeUMCU35
sub-ccepAgeUMCU35__run-021624__AT23-AT24,40,True,50,62,sub-ccepAgeUMCU35
sub-ccepAgeUMCU35__run-021624__AT25-AT26,40,True,50,62,sub-ccepAgeUMCU35
sub-ccepAgeUMCU35__run-021624__AT26-AT27,40,True,50,62,sub-ccepAgeUMCU35
sub-ccepAgeUMCU35__run-021624__AT27-AT28,40,True,50,62,sub-ccepAgeUMCU35
sub-ccepAgeUMCU35__run-021624__AT28-AT29,40,True,50,62,sub-ccepAgeUMCU35
sub-ccepAgeUMCU35__run-021624__AT29-AT30,40,True,50,62,sub-ccepAgeUMCU35
sub-ccepAgeUMCU35__run-021624__AT3-AT4,40,True,50,62,sub-ccepAgeUMCU35
sub-ccepAgeUMCU35__run-021624__AT30-AT31,40,True,50,62,sub-ccepAgeUMCU35
sub-ccepAgeUMCU35__run-021624__AT31-AT32,40,True,50,62,sub-ccepAgeUMCU35
sub-ccepAgeUMCU35__run-021624__AT4-AT5,40,True,50,62,sub-ccepAgeUMCU35
sub-ccepAgeUMCU35__run-021624__AT5-AT6,40,True,50,62,sub-ccepAgeUMCU35
sub-ccepAgeUMCU35__run-021624__AT6-AT7,40,True,50,62,sub-ccepAgeUMCU35
sub-ccepAgeUMCU35__run-021624__AT7-AT8,40,True,50,62,sub-ccepAgeUMCU35
sub-ccepAgeUMCU35__run-021624__AT9-AT10,40,True,50,62,sub-ccepAgeUMCU35
sub-ccepAgeUMCU35__run-021624__ATB1-ATB2,40,True,50,62,sub-ccepAgeUMCU35
sub-ccepAgeUMCU35__run-021624__ATB2-ATB3,40,True,50,62,sub-ccepAgeUMCU35
sub-ccepAgeUMCU35__run-021624__ATB3-ATB4,40,True,50,62,sub-ccepAgeUMCU35
sub-ccepAgeUMCU35__run-021624__ATB4-ATB5,40,True,50,62,sub-ccepAgeUMCU35
sub-ccepAgeUMCU35__run-021624__ATB5-ATB6,40,True,50,62,sub-ccepAgeUMCU35
sub-ccepAgeUMCU35__run-021624__ATB6-ATB7,40,True,50,63,sub-ccepAgeUMCU35
sub-ccepAgeUMCU35__run-021624__OB1-OB2,40,True,50,62,sub-ccepAgeUMCU35
sub-ccepAgeUMCU35__run-021624__OB2-OB3,40,True,50,62,sub-ccepAgeUMCU35
sub-ccepAgeUMCU35__run-021624__OB4-OB5,40,True,50,62,sub-ccepAgeUMCU35
sub-ccepAgeUMCU35__run-021624__OB5-OB6,40,True,50,63,sub-ccepAgeUMCU35
sub-ccepAgeUMCU35__run-021624__OB6-OB7,40,True,50,64,sub-ccepAgeUMCU35
sub-ccepAgeUMCU35__run-021624__OB7-OB8,40,True,50,64,sub-ccepAgeUMCU35
sub-ccepAgeUMCU35__run-021624__TOB1-TOB2,40,True,50,62,sub-ccepAgeUMCU35
sub-ccepAgeUMCU35__run-021624__TOB2-TOB3,40,True,50,62,sub-ccepAgeUMCU35
sub-ccepAgeUMCU35__run-021624__TOB3-TOB4,40,True,50,62,sub-ccepAgeUMCU35
sub-ccepAgeUMCU35__run-021624__TOB4-TOB5,40,True,50,62,sub-ccepAgeUMCU35
sub-ccepAgeUMCU35__run-021624__TOB5-TOB6,40,True,50,63,sub-ccepAgeUMCU35
sub-ccepAgeUMCU35__run-021624__TOB6-TOB7,40,True,50,64,sub-ccepAgeUMCU35
sub-ccepAgeUMCU35__run-021624__TOB7-TOB8,40,True,50,64,sub-ccepAgeUMCU35
sub-ccepAgeUMCU35__run-021624__sT1-sT2,40,True,50,60,sub-ccepAgeUMCU35
sub-ccepAgeUMCU35__run-021624__sT2-sT3,40,True,50,60,sub-ccepAgeUMCU35
sub-ccepAgeUMCU35__run-021624__sT6-sT7,40,True,50,61,sub-ccepAgeUMCU35
sub-ccepAgeUMCU35__run-021624__vT7-vT8,40,True,50,62,sub-ccepAgeUMCU35
sub-ccepAgeUMCU36__run-021129__C03-C04,40,False,43,43,sub-ccepAgeUMCU36
sub-ccepAgeUMCU36__run-021129__C04-C05,40,False,43,43,sub-ccepAgeUMCU36
sub-ccepAgeUMCU36__run-021129__C05-C06,40,False,43,43,sub-ccepAgeUMCU36
sub-ccepAgeUMCU36__run-021129__C06-C07,40,False,43,43,sub-ccepAgeUMCU36
sub-ccepAgeUMCU36__run-021129__C07-C08,40,False,43,43,sub-ccepAgeUMCU36
sub-ccepAgeUMCU36__run-021129__C10-C11,40,False,43,43,sub-ccepAgeUMCU36
sub-ccepAgeUMCU36__run-021129__C11-C12,40,False,43,43,sub-ccepAgeUMCU36
sub-ccepAgeUMCU36__run-021129__C12-C13,40,False,43,43,sub-ccepAgeUMCU36
sub-ccepAgeUMCU36__run-021129__C13-C14,40,False,43,43,sub-ccepAgeUMCU36
sub-ccepAgeUMCU36__run-021129__C14-C15,40,False,43,43,sub-ccepAgeUMCU36
sub-ccepAgeUMCU36__run-021129__C15-C16,40,False,43,43,sub-ccepAgeUMCU36
sub-ccepAgeUMCU36__run-021129__C17-C18,40,False,43,43,sub-ccepAgeUMCU36
sub-ccepAgeUMCU36__run-021129__C18-C19,40,False,43,43,sub-ccepAgeUMCU36
sub-ccepAgeUMCU36__run-021129__C19-C20,40,False,43,43,sub-ccepAgeUMCU36
sub-ccepAgeUMCU36__run-021129__C20-C21,40,False,43,43,sub-ccepAgeUMCU36
sub-ccepAgeUMCU36__run-021129__C21-C22,40,False,43,43,sub-ccepAgeUMCU36
sub-ccepAgeUMCU36__run-021129__C22-C23,40,False,43,43,sub-ccepAgeUMCU36
sub-ccepAgeUMCU36__run-021129__C23-C24,40,False,43,43,sub-ccepAgeUMCU36
sub-ccepAgeUMCU36__run-021129__C25-C26,40,False,42,43,sub-ccepAgeUMCU36
sub-ccepAgeUMCU36__run-021129__C26-C27,40,False,43,43,sub-ccepAgeUMCU36
sub-ccepAgeUMCU36__run-021129__C27-C28,40,False,43,43,sub-ccepAgeUMCU36
sub-ccepAgeUMCU36__run-021129__C29-C30,40,False,43,43,sub-ccepAgeUMCU36
sub-ccepAgeUMCU36__run-021129__C30-C31,40,False,43,43,sub-ccepAgeUMCU36
sub-ccepAgeUMCU36__run-021129__CH1-CH2,40,False,42,43,sub-ccepAgeUMCU36
sub-ccepAgeUMCU36__run-021129__CH2-CH3,40,False,43,43,sub-ccepAgeUMCU36
sub-ccepAgeUMCU36__run-021129__CH3-CH4,40,False,43,43,sub-ccepAgeUMCU36
sub-ccepAgeUMCU36__run-021129__CH4-CH5,40,False,43,43,sub-ccepAgeUMCU36
sub-ccepAgeUMCU36__run-021129__CH5-CH6,40,False,43,43,sub-ccepAgeUMCU36
sub-ccepAgeUMCU36__run-021129__CH6-CH7,40,False,43,43,sub-ccepAgeUMCU36
sub-ccepAgeUMCU36__run-021129__CH7-CH8,40,False,43,43,sub-ccepAgeUMCU36
sub-ccepAgeUMCU36__run-021129__IH2-IH3,40,False,43,43,sub-ccepAgeUMCU36
sub-ccepAgeUMCU36__run-021129__IH4-IH5,40,False,43,43,sub-ccepAgeUMCU36
sub-ccepAgeUMCU36__run-021129__IH5-IH6,40,False,43,43,sub-ccepAgeUMCU36
sub-ccepAgeUMCU36__run-021129__IH7-IH8,40,False,45,45,sub-ccepAgeUMCU36
sub-ccepAgeUMCU37__run-021647__C02-C03,40,False,49,49,sub-ccepAgeUMCU37
sub-ccepAgeUMCU37__run-021647__C03-C04,40,False,49,49,sub-ccepAgeUMCU37
sub-ccepAgeUMCU37__run-021647__C04-C05,40,False,49,49,sub-ccepAgeUMCU37
sub-ccepAgeUMCU37__run-021647__C05-C06,40,False,49,49,sub-ccepAgeUMCU37
sub-ccepAgeUMCU37__run-021647__C06-C07,40,False,49,49,sub-ccepAgeUMCU37
sub-ccepAgeUMCU37__run-021647__C07-C08,40,False,49,49,sub-ccepAgeUMCU37
sub-ccepAgeUMCU37__run-021647__C09-C10,40,True,50,50,sub-ccepAgeUMCU37
sub-ccepAgeUMCU37__run-021647__C10-C11,40,True,50,50,sub-ccepAgeUMCU37
sub-ccepAgeUMCU37__run-021647__C11-C12,40,False,49,49,sub-ccepAgeUMCU37
sub-ccepAgeUMCU37__run-021647__C12-C13,40,False,49,49,sub-ccepAgeUMCU37
sub-ccepAgeUMCU37__run-021647__C13-C14,40,True,50,50,sub-ccepAgeUMCU37
sub-ccepAgeUMCU37__run-021647__C14-C15,40,True,50,50,sub-ccepAgeUMCU37
sub-ccepAgeUMCU37__run-021647__C15-C16,40,False,49,49,sub-ccepAgeUMCU37
sub-ccepAgeUMCU37__run-021647__C17-C18,40,False,48,49,sub-ccepAgeUMCU37
sub-ccepAgeUMCU37__run-021647__C18-C19,40,False,49,49,sub-ccepAgeUMCU37
sub-ccepAgeUMCU37__run-021647__C23-C24,40,False,49,49,sub-ccepAgeUMCU37
sub-ccepAgeUMCU37__run-021647__C25-C26,40,False,49,50,sub-ccepAgeUMCU37
sub-ccepAgeUMCU37__run-021647__C26-C27,40,False,49,49,sub-ccepAgeUMCU37
sub-ccepAgeUMCU37__run-021647__C31-C32,40,False,49,49,sub-ccepAgeUMCU37
sub-ccepAgeUMCU37__run-021647__CH1-CH2,40,False,48,49,sub-ccepAgeUMCU37
sub-ccepAgeUMCU37__run-021647__CH10-CH11,40,False,49,49,sub-ccepAgeUMCU37
sub-ccepAgeUMCU37__run-021647__CH11-CH12,40,False,49,49,sub-ccepAgeUMCU37
sub-ccepAgeUMCU37__run-021647__CH12-CH13,40,False,49,49,sub-ccepAgeUMCU37
sub-ccepAgeUMCU37__run-021647__CH13-CH14,40,False,49,49,sub-ccepAgeUMCU37
sub-ccepAgeUMCU37__run-021647__CH14-CH15,40,False,49,49,sub-ccepAgeUMCU37
sub-ccepAgeUMCU37__run-021647__CH15-CH16,40,True,50,50,sub-ccepAgeUMCU37
sub-ccepAgeUMCU37__run-021647__CH2-CH3,40,False,49,49,sub-ccepAgeUMCU37
sub-ccepAgeUMCU37__run-021647__CH3-CH4,40,False,49,49,sub-ccepAgeUMCU37
sub-ccepAgeUMCU37__run-021647__CH4-CH5,40,False,49,49,sub-ccepAgeUMCU37
sub-ccepAgeUMCU37__run-021647__CH5-CH6,40,False,49,49,sub-ccepAgeUMCU37
sub-ccepAgeUMCU37__run-021647__CH6-CH7,40,False,49,49,sub-ccepAgeUMCU37
sub-ccepAgeUMCU37__run-021647__CH7-CH8,40,False,49,49,sub-ccepAgeUMCU37
sub-ccepAgeUMCU37__run-021647__IH1-IH2,40,False,49,49,sub-ccepAgeUMCU37
sub-ccepAgeUMCU37__run-021647__IH2-IH3,40,False,49,49,sub-ccepAgeUMCU37
sub-ccepAgeUMCU37__run-021647__IH3-IH4,40,False,49,49,sub-ccepAgeUMCU37
sub-ccepAgeUMCU37__run-021647__IH4-IH5,40,False,49,49,sub-ccepAgeUMCU37
sub-ccepAgeUMCU37__run-021647__IH5-IH6,40,False,49,49,sub-ccepAgeUMCU37
sub-ccepAgeUMCU37__run-021647__IH6-IH7,40,False,49,49,sub-ccepAgeUMCU37
sub-ccepAgeUMCU38__run-031500__F03-F04,40,True,50,60,sub-ccepAgeUMCU38
sub-ccepAgeUMCU38__run-031500__F05-F06,40,True,50,60,sub-ccepAgeUMCU38
sub-ccepAgeUMCU38__run-031500__F09-F10,40,True,50,60,sub-ccepAgeUMCU38
sub-ccepAgeUMCU38__run-031500__F11-F12,40,True,50,60,sub-ccepAgeUMCU38
sub-ccepAgeUMCU38__run-031500__F12-F13,40,True,50,60,sub-ccepAgeUMCU38
sub-ccepAgeUMCU38__run-031500__F17-F18,40,True,50,60,sub-ccepAgeUMCU38
sub-ccepAgeUMCU38__run-031500__F20-F21,40,True,50,60,sub-ccepAgeUMCU38
sub-ccepAgeUMCU38__run-031500__F28-F29,40,True,50,60,sub-ccepAgeUMCU38
sub-ccepAgeUMCU38__run-031500__F33-F34,40,True,50,60,sub-ccepAgeUMCU38
sub-ccepAgeUMCU38__run-031500__F34-F35,40,True,50,60,sub-ccepAgeUMCU38
sub-ccepAgeUMCU38__run-031500__F35-F36,40,True,50,60,sub-ccepAgeUMCU38
sub-ccepAgeUMCU38__run-031500__F36-F37,40,True,50,60,sub-ccepAgeUMCU38
sub-ccepAgeUMCU38__run-031500__F44-F45,40,True,50,60,sub-ccepAgeUMCU38
sub-ccepAgeUMCU38__run-031500__P50-P51,40,True,50,60,sub-ccepAgeUMCU38
sub-ccepAgeUMCU38__run-031500__P53-P54,40,True,50,60,sub-ccepAgeUMCU38
sub-ccepAgeUMCU38__run-031500__P54-P55,40,True,50,60,sub-ccepAgeUMCU38
sub-ccepAgeUMCU38__run-031500__P57-P58,40,True,50,60,sub-ccepAgeUMCU38
sub-ccepAgeUMCU39__run-021358__F02-F03,40,False,46,46,sub-ccepAgeUMCU39
sub-ccepAgeUMCU39__run-021358__F03-F04,40,False,46,46,sub-ccepAgeUMCU39
sub-ccepAgeUMCU39__run-021358__F05-F06,40,False,46,46,sub-ccepAgeUMCU39
sub-ccepAgeUMCU39__run-021358__F06-F07,40,False,46,46,sub-ccepAgeUMCU39
sub-ccepAgeUMCU39__run-021358__F07-F08,40,False,46,46,sub-ccepAgeUMCU39
sub-ccepAgeUMCU39__run-021358__F09-F10,40,False,46,46,sub-ccepAgeUMCU39
sub-ccepAgeUMCU39__run-021358__F10-F11,40,False,46,46,sub-ccepAgeUMCU39
sub-ccepAgeUMCU39__run-021358__F11-F12,40,False,46,46,sub-ccepAgeUMCU39
sub-ccepAgeUMCU39__run-021358__F12-F13,40,False,46,46,sub-ccepAgeUMCU39
sub-ccepAgeUMCU39__run-021358__F13-F14,40,False,46,46,sub-ccepAgeUMCU39
sub-ccepAgeUMCU39__run-021358__F14-F15,40,False,46,46,sub-ccepAgeUMCU39
sub-ccepAgeUMCU39__run-021358__F15-F16,40,False,46,46,sub-ccepAgeUMCU39
sub-ccepAgeUMCU39__run-021358__F17-F18,40,False,45,46,sub-ccepAgeUMCU39
sub-ccepAgeUMCU39__run-021358__F18-F19,40,False,46,46,sub-ccepAgeUMCU39
sub-ccepAgeUMCU39__run-021358__F19-F20,40,False,46,46,sub-ccepAgeUMCU39
sub-ccepAgeUMCU39__run-021358__F20-F21,40,False,46,46,sub-ccepAgeUMCU39
sub-ccepAgeUMCU39__run-021358__F21-F22,40,False,46,46,sub-ccepAgeUMCU39
sub-ccepAgeUMCU39__run-021358__F22-F23,40,False,46,46,sub-ccepAgeUMCU39
sub-ccepAgeUMCU39__run-021358__F23-F24,40,False,46,46,sub-ccepAgeUMCU39
sub-ccepAgeUMCU39__run-021358__F25-F26,40,False,46,46,sub-ccepAgeUMCU39
sub-ccepAgeUMCU39__run-021358__F26-F27,40,False,46,46,sub-ccepAgeUMCU39
sub-ccepAgeUMCU39__run-021358__F27-F28,40,False,46,46,sub-ccepAgeUMCU39
sub-ccepAgeUMCU39__run-021358__F28-F29,40,False,46,46,sub-ccepAgeUMCU39
sub-ccepAgeUMCU39__run-021358__F29-F30,40,False,46,46,sub-ccepAgeUMCU39
sub-ccepAgeUMCU39__run-021358__F30-F31,40,False,46,46,sub-ccepAgeUMCU39
sub-ccepAgeUMCU39__run-021358__F31-F32,40,False,46,46,sub-ccepAgeUMCU39
sub-ccepAgeUMCU39__run-021358__HF1-HF2,40,False,46,46,sub-ccepAgeUMCU39
sub-ccepAgeUMCU39__run-021358__HF10-HF11,40,False,46,46,sub-ccepAgeUMCU39
sub-ccepAgeUMCU39__run-021358__HF11-HF12,40,False,46,46,sub-ccepAgeUMCU39
sub-ccepAgeUMCU39__run-021358__HF13-HF14,40,False,46,46,sub-ccepAgeUMCU39
sub-ccepAgeUMCU39__run-021358__HF14-HF15,40,False,46,46,sub-ccepAgeUMCU39
sub-ccepAgeUMCU39__run-021358__HF15-HF16,40,False,46,46,sub-ccepAgeUMCU39
sub-ccepAgeUMCU39__run-021358__HF2-HF3,40,False,46,46,sub-ccepAgeUMCU39
sub-ccepAgeUMCU39__run-021358__HF3-HF4,40,False,46,46,sub-ccepAgeUMCU39
sub-ccepAgeUMCU39__run-021358__HF4-HF5,40,False,46,46,sub-ccepAgeUMCU39
sub-ccepAgeUMCU39__run-021358__HF5-HF6,40,False,46,46,sub-ccepAgeUMCU39
sub-ccepAgeUMCU39__run-021358__HF6-HF7,40,False,46,46,sub-ccepAgeUMCU39
sub-ccepAgeUMCU39__run-021358__HF7-HF8,40,False,46,46,sub-ccepAgeUMCU39
sub-ccepAgeUMCU39__run-021358__HF9-HF10,40,False,45,46,sub-ccepAgeUMCU39
sub-ccepAgeUMCU40__run-031553__C02-C03,40,True,50,53,sub-ccepAgeUMCU40
sub-ccepAgeUMCU40__run-031553__C03-C04,40,True,50,53,sub-ccepAgeUMCU40
sub-ccepAgeUMCU40__run-031553__C04-C05,40,True,50,53,sub-ccepAgeUMCU40
sub-ccepAgeUMCU40__run-031553__C05-C06,40,True,50,53,sub-ccepAgeUMCU40
sub-ccepAgeUMCU40__run-031553__C06-C07,40,True,50,53,sub-ccepAgeUMCU40
sub-ccepAgeUMCU40__run-031553__C07-C08,40,True,50,53,sub-ccepAgeUMCU40
sub-ccepAgeUMCU40__run-031553__C10-C11,40,True,50,53,sub-ccepAgeUMCU40
sub-ccepAgeUMCU40__run-031553__FB2-FB3,40,True,50,53,sub-ccepAgeUMCU40
sub-ccepAgeUMCU40__run-031553__FB3-FB4,40,True,50,53,sub-ccepAgeUMCU40
sub-ccepAgeUMCU40__run-031553__FB4-FB5,40,True,50,53,sub-ccepAgeUMCU40
sub-ccepAgeUMCU40__run-031553__FB5-FB6,40,True,50,53,sub-ccepAgeUMCU40
sub-ccepAgeUMCU40__run-031553__FB6-FB7,40,True,50,53,sub-ccepAgeUMCU40
sub-ccepAgeUMCU40__run-031553__Fp01-Fp02,40,True,50,53,sub-ccepAgeUMCU40
sub-ccepAgeUMCU40__run-031553__Fp02-Fp03,40,True,50,53,sub-ccepAgeUMCU40
sub-ccepAgeUMCU40__run-031553__Fp06-Fp07,40,True,50,53,sub-ccepAgeUMCU40
sub-ccepAgeUMCU40__run-031553__Fp07-Fp08,40,True,50,53,sub-ccepAgeUMCU40
sub-ccepAgeUMCU40__run-031553__Fp12-Fp13,40,True,50,53,sub-ccepAgeUMCU40
sub-ccepAgeUMCU40__run-031553__Fp14-Fp15,40,True,50,53,sub-ccepAgeUMCU40
sub-ccepAgeUMCU40__run-031553__Fp15-Fp16,40,True,50,53,sub-ccepAgeUMCU40
sub-ccepAgeUMCU40__run-031553__IHa3-IHa4,40,True,50,53,sub-ccepAgeUMCU40
sub-ccepAgeUMCU40__run-031553__IHa7-IHa8,40,True,50,53,sub-ccepAgeUMCU40
sub-ccepAgeUMCU41__run-021050__T49-T50,40,True,50,79,sub-ccepAgeUMCU41
sub-ccepAgeUMCU41__run-021050__T50-T51,40,True,50,79,sub-ccepAgeUMCU41
sub-ccepAgeUMCU41__run-021050__T51-T52,40,True,50,79,sub-ccepAgeUMCU41
sub-ccepAgeUMCU41__run-021050__T52-T53,40,True,50,79,sub-ccepAgeUMCU41
sub-ccepAgeUMCU41__run-021050__T53-T54,40,True,50,79,sub-ccepAgeUMCU41
sub-ccepAgeUMCU41__run-021050__T57-T58,40,True,50,79,sub-ccepAgeUMCU41
sub-ccepAgeUMCU41__run-021050__T58-T59,40,True,50,79,sub-ccepAgeUMCU41
sub-ccepAgeUMCU41__run-021050__T59-T60,40,True,50,79,sub-ccepAgeUMCU41
sub-ccepAgeUMCU41__run-021050__T60-T61,40,True,50,79,sub-ccepAgeUMCU41
sub-ccepAgeUMCU41__run-021050__T61-T62,40,True,50,80,sub-ccepAgeUMCU41
sub-ccepAgeUMCU41__run-021050__TP03-TP04,40,True,50,79,sub-ccepAgeUMCU41
sub-ccepAgeUMCU41__run-021050__TP04-TP05,40,True,50,79,sub-ccepAgeUMCU41
sub-ccepAgeUMCU41__run-021050__TP05-TP06,40,True,50,79,sub-ccepAgeUMCU41
sub-ccepAgeUMCU41__run-021050__TP06-TP07,40,True,50,79,sub-ccepAgeUMCU41
sub-ccepAgeUMCU41__run-021050__TP07-TP08,40,True,50,79,sub-ccepAgeUMCU41
sub-ccepAgeUMCU41__run-021050__TP09-TP10,40,True,50,80,sub-ccepAgeUMCU41
sub-ccepAgeUMCU41__run-021050__TP10-TP11,40,True,50,79,sub-ccepAgeUMCU41
sub-ccepAgeUMCU41__run-021050__TP11-TP12,40,True,50,79,sub-ccepAgeUMCU41
sub-ccepAgeUMCU41__run-021050__TP12-TP13,40,True,50,79,sub-ccepAgeUMCU41
sub-ccepAgeUMCU41__run-021050__TP13-TP14,40,True,50,79,sub-ccepAgeUMCU41
sub-ccepAgeUMCU41__run-021050__TP14-TP15,40,True,50,79,sub-ccepAgeUMCU41
sub-ccepAgeUMCU41__run-021050__TP15-TP16,40,True,50,79,sub-ccepAgeUMCU41
sub-ccepAgeUMCU41__run-021050__TP18-TP19,40,True,50,79,sub-ccepAgeUMCU41
sub-ccepAgeUMCU41__run-021050__TP19-TP20,40,True,50,79,sub-ccepAgeUMCU41
sub-ccepAgeUMCU41__run-021050__TP20-TP21,40,True,50,79,sub-ccepAgeUMCU41
sub-ccepAgeUMCU41__run-021050__TP21-TP22,40,True,50,79,sub-ccepAgeUMCU41
sub-ccepAgeUMCU41__run-021050__TP22-TP23,40,True,50,79,sub-ccepAgeUMCU41
sub-ccepAgeUMCU41__run-021050__TP26-TP27,40,True,50,79,sub-ccepAgeUMCU41
sub-ccepAgeUMCU41__run-021050__TP30-TP31,40,True,50,80,sub-ccepAgeUMCU41
sub-ccepAgeUMCU41__run-021050__TP34-TP35,40,True,50,79,sub-ccepAgeUMCU41
sub-ccepAgeUMCU41__run-021050__TP35-TP36,40,True,50,79,sub-ccepAgeUMCU41
sub-ccepAgeUMCU41__run-021050__TP36-TP37,40,True,50,79,sub-ccepAgeUMCU41
sub-ccepAgeUMCU41__run-021050__TP37-TP38,40,True,50,79,sub-ccepAgeUMCU41
sub-ccepAgeUMCU41__run-021050__TP38-TP39,40,True,50,79,sub-ccepAgeUMCU41
sub-ccepAgeUMCU41__run-021050__TP39-TP40,40,True,50,79,sub-ccepAgeUMCU41
sub-ccepAgeUMCU41__run-021050__TP41-TP42,40,True,50,79,sub-ccepAgeUMCU41
sub-ccepAgeUMCU41__run-021050__TP42-TP43,40,True,50,79,sub-ccepAgeUMCU41
sub-ccepAgeUMCU41__run-021050__TP43-TP44,40,True,50,79,sub-ccepAgeUMCU41
sub-ccepAgeUMCU41__run-021050__TP44-TP45,40,True,50,79,sub-ccepAgeUMCU41
sub-ccepAgeUMCU41__run-021050__TP45-TP46,40,True,50,79,sub-ccepAgeUMCU41
sub-ccepAgeUMCU41__run-021050__TP46-TP47,40,True,50,79,sub-ccepAgeUMCU41
sub-ccepAgeUMCU41__run-021050__TP47-TP48,40,True,50,79,sub-ccepAgeUMCU41
sub-ccepAgeUMCU41__run-021050__sTa2-sTa1,40,True,50,79,sub-ccepAgeUMCU41
sub-ccepAgeUMCU41__run-021050__sTa4-sTa3,40,True,50,79,sub-ccepAgeUMCU41
sub-ccepAgeUMCU41__run-021050__sTa5-sTa4,40,True,50,79,sub-ccepAgeUMCU41
sub-ccepAgeUMCU41__run-021050__sTm2-sTm1,40,True,50,79,sub-ccepAgeUMCU41
sub-ccepAgeUMCU41__run-021050__sTm3-sTm2,40,True,50,79,sub-ccepAgeUMCU41
sub-ccepAgeUMCU41__run-021050__sTm4-sTm3,40,True,50,79,sub-ccepAgeUMCU41
sub-ccepAgeUMCU41__run-021050__sTm5-sTm4,40,True,50,79,sub-ccepAgeUMCU41
sub-ccepAgeUMCU41__run-021050__sTm6-sTm5,40,True,50,79,sub-ccepAgeUMCU41
sub-ccepAgeUMCU41__run-021050__sTv2-sTv1,40,True,50,79,sub-ccepAgeUMCU41
sub-ccepAgeUMCU41__run-021050__sTv4-sTv3,40,True,50,79,sub-ccepAgeUMCU41
sub-ccepAgeUMCU41__run-021050__sTv5-sTv4,40,True,50,79,sub-ccepAgeUMCU41
sub-ccepAgeUMCU41__run-021050__sTv6-sTv5,40,True,50,79,sub-ccepAgeUMCU41
sub-ccepAgeUMCU41__run-021050__sTv7-sTv6,40,True,50,79,sub-ccepAgeUMCU41
sub-ccepAgeUMCU41__run-021050__vT6-vT5,40,True,50,80,sub-ccepAgeUMCU41
sub-ccepAgeUMCU42__run-021044__O33-O34,40,True,50,82,sub-ccepAgeUMCU42
sub-ccepAgeUMCU42__run-021044__O35-O36,40,True,50,82,sub-ccepAgeUMCU42
sub-ccepAgeUMCU42__run-021044__O37-O38,40,True,50,82,sub-ccepAgeUMCU42
sub-ccepAgeUMCU42__run-021044__O38-O39,40,True,50,82,sub-ccepAgeUMCU42
sub-ccepAgeUMCU42__run-021044__O42-O43,40,True,50,82,sub-ccepAgeUMCU42
sub-ccepAgeUMCU42__run-021044__O43-O44,40,True,50,82,sub-ccepAgeUMCU42
sub-ccepAgeUMCU42__run-021044__O45-O46,40,True,50,82,sub-ccepAgeUMCU42
sub-ccepAgeUMCU42__run-021044__O46-O47,40,True,50,82,sub-ccepAgeUMCU42
sub-ccepAgeUMCU42__run-021044__O47-O48,40,True,50,82,sub-ccepAgeUMCU42
sub-ccepAgeUMCU42__run-021044__O49-O50,40,True,50,82,sub-ccepAgeUMCU42
sub-ccepAgeUMCU42__run-021044__O50-O51,40,True,50,82,sub-ccepAgeUMCU42
sub-ccepAgeUMCU42__run-021044__O51-O52,40,True,50,82,sub-ccepAgeUMCU42
sub-ccepAgeUMCU42__run-021044__O53-O54,40,True,50,82,sub-ccepAgeUMCU42
sub-ccepAgeUMCU42__run-021044__O54-O55,40,True,50,82,sub-ccepAgeUMCU42
sub-ccepAgeUMCU42__run-021044__O55-O56,40,True,50,82,sub-ccepAgeUMCU42
sub-ccepAgeUMCU42__run-021044__O57-O58,40,True,50,82,sub-ccepAgeUMCU42
sub-ccepAgeUMCU42__run-021044__O58-O59,40,True,50,82,sub-ccepAgeUMCU42
sub-ccepAgeUMCU42__run-021044__O59-O60,40,True,50,82,sub-ccepAgeUMCU42
sub-ccepAgeUMCU42__run-021044__O60-O61,40,True,50,82,sub-ccepAgeUMCU42
sub-ccepAgeUMCU42__run-021044__O61-O62,40,True,50,82,sub-ccepAgeUMCU42
sub-ccepAgeUMCU42__run-021044__O62-O63,40,True,50,82,sub-ccepAgeUMCU42
sub-ccepAgeUMCU42__run-021044__O63-O64,40,True,50,83,sub-ccepAgeUMCU42
sub-ccepAgeUMCU42__run-021044__T02-T03,40,True,50,82,sub-ccepAgeUMCU42
sub-ccepAgeUMCU42__run-021044__T03-T04,40,True,50,82,sub-ccepAgeUMCU42
sub-ccepAgeUMCU42__run-021044__T05-T06,40,True,50,82,sub-ccepAgeUMCU42
sub-ccepAgeUMCU42__run-021044__T06-T07,40,True,50,82,sub-ccepAgeUMCU42
sub-ccepAgeUMCU42__run-021044__T07-T08,40,True,50,82,sub-ccepAgeUMCU42
sub-ccepAgeUMCU42__run-021044__T09-T10,40,True,50,82,sub-ccepAgeUMCU42
sub-ccepAgeUMCU42__run-021044__T10-T11,40,True,50,82,sub-ccepAgeUMCU42
sub-ccepAgeUMCU42__run-021044__T11-T12,40,True,50,82,sub-ccepAgeUMCU42
sub-ccepAgeUMCU42__run-021044__T13-T14,40,True,50,82,sub-ccepAgeUMCU42
sub-ccepAgeUMCU42__run-021044__T14-T15,40,True,50,82,sub-ccepAgeUMCU42
sub-ccepAgeUMCU42__run-021044__T15-T16,40,True,50,82,sub-ccepAgeUMCU42
sub-ccepAgeUMCU42__run-021044__T17-T18,40,True,50,82,sub-ccepAgeUMCU42
sub-ccepAgeUMCU42__run-021044__T18-T19,40,True,50,82,sub-ccepAgeUMCU42
sub-ccepAgeUMCU42__run-021044__T19-T20,40,True,50,82,sub-ccepAgeUMCU42
sub-ccepAgeUMCU42__run-021044__T21-T22,40,True,50,82,sub-ccepAgeUMCU42
sub-ccepAgeUMCU42__run-021044__T22-T23,40,True,50,82,sub-ccepAgeUMCU42
sub-ccepAgeUMCU42__run-021044__T23-T24,40,True,50,82,sub-ccepAgeUMCU42
sub-ccepAgeUMCU42__run-021044__T25-T26,40,True,50,82,sub-ccepAgeUMCU42
sub-ccepAgeUMCU42__run-021044__T28-T29,40,True,50,82,sub-ccepAgeUMCU42
sub-ccepAgeUMCU42__run-021044__T30-T31,40,True,50,82,sub-ccepAgeUMCU42
sub-ccepAgeUMCU42__run-021044__T31-T32,40,True,50,82,sub-ccepAgeUMCU42
sub-ccepAgeUMCU42__run-021044__sTv5-sTv6,40,True,50,82,sub-ccepAgeUMCU42
sub-ccepAgeUMCU42__run-021044__sTv6-sTv7,40,True,50,82,sub-ccepAgeUMCU42
sub-ccepAgeUMCU42__run-021044__sTv7-sTv8,40,True,50,82,sub-ccepAgeUMCU42
sub-ccepAgeUMCU42__run-021145__sTa3-sTa2,40,True,50,81,sub-ccepAgeUMCU42
sub-ccepAgeUMCU42__run-021145__sTa4-sTa5,40,True,50,82,sub-ccepAgeUMCU42
sub-ccepAgeUMCU42__run-021145__sTa6-sTa7,40,True,50,82,sub-ccepAgeUMCU42
sub-ccepAgeUMCU42__run-021145__sTa7-sTa8,40,True,50,82,sub-ccepAgeUMCU42
sub-ccepAgeUMCU42__run-021145__sTm4-sTm5,40,True,50,82,sub-ccepAgeUMCU42
sub-ccepAgeUMCU42__run-021145__sTm5-sTm6,40,True,50,83,sub-ccepAgeUMCU42
sub-ccepAgeUMCU42__run-021145__sTm6-sTm7,40,True,50,84,sub-ccepAgeUMCU42
sub-ccepAgeUMCU43__run-021101__OT1-OT2,40,True,50,79,sub-ccepAgeUMCU43
sub-ccepAgeUMCU43__run-021101__OT2-OT3,40,True,50,79,sub-ccepAgeUMCU43
sub-ccepAgeUMCU43__run-021101__OT3-OT4,40,True,50,79,sub-ccepAgeUMCU43
sub-ccepAgeUMCU43__run-021101__OT5-OT6,40,True,50,79,sub-ccepAgeUMCU43
sub-ccepAgeUMCU43__run-021101__OT6-OT7,40,True,50,79,sub-ccepAgeUMCU43
sub-ccepAgeUMCU43__run-021101__OT7-OT8,40,True,50,79,sub-ccepAgeUMCU43
sub-ccepAgeUMCU43__run-021101__T55-T56,40,True,50,81,sub-ccepAgeUMCU43
sub-ccepAgeUMCU43__run-021101__T58-T59,40,True,50,79,sub-ccepAgeUMCU43
sub-ccepAgeUMCU43__run-021101__T59-T60,40,True,50,79,sub-ccepAgeUMCU43
sub-ccepAgeUMCU43__run-021101__T60-T61,40,True,50,79,sub-ccepAgeUMCU43
sub-ccepAgeUMCU43__run-021101__T61-T62,40,True,50,79,sub-ccepAgeUMCU43
sub-ccepAgeUMCU43__run-021101__T62-T63,40,True,50,79,sub-ccepAgeUMCU43
sub-ccepAgeUMCU43__run-021101__T63-T64,40,True,50,79,sub-ccepAgeUMCU43
sub-ccepAgeUMCU43__run-021101__TP03-TP04,40,True,50,79,sub-ccepAgeUMCU43
sub-ccepAgeUMCU43__run-021101__TP07-TP08,40,True,50,79,sub-ccepAgeUMCU43
sub-ccepAgeUMCU43__run-021101__TP09-TP10,40,True,50,79,sub-ccepAgeUMCU43
sub-ccepAgeUMCU43__run-021101__TP10-TP11,40,True,50,79,sub-ccepAgeUMCU43
sub-ccepAgeUMCU43__run-021101__TP12-TP13,40,True,50,79,sub-ccepAgeUMCU43
sub-ccepAgeUMCU43__run-021101__TP15-TP16,40,True,50,79,sub-ccepAgeUMCU43
sub-ccepAgeUMCU43__run-021101__TP17-TP18,40,True,50,79,sub-ccepAgeUMCU43
sub-ccepAgeUMCU43__run-021101__TP18-TP19,40,True,50,79,sub-ccepAgeUMCU43
sub-ccepAgeUMCU43__run-021101__TP19-TP20,40,True,50,79,sub-ccepAgeUMCU43
sub-ccepAgeUMCU43__run-021101__TP20-TP21,40,True,50,79,sub-ccepAgeUMCU43
sub-ccepAgeUMCU43__run-021101__TP23-TP24,40,True,50,79,sub-ccepAgeUMCU43
sub-ccepAgeUMCU43__run-021101__TP25-TP26,40,True,50,79,sub-ccepAgeUMCU43
sub-ccepAgeUMCU43__run-021101__TP26-TP27,40,True,50,79,sub-ccepAgeUMCU43
sub-ccepAgeUMCU43__run-021101__TP27-TP28,40,True,50,79,sub-ccepAgeUMCU43
sub-ccepAgeUMCU43__run-021101__TP28-TP29,40,True,50,79,sub-ccepAgeUMCU43
sub-ccepAgeUMCU43__run-021101__TP30-TP31,40,True,50,79,sub-ccepAgeUMCU43
sub-ccepAgeUMCU43__run-021101__TP31-TP32,40,True,50,79,sub-ccepAgeUMCU43
sub-ccepAgeUMCU43__run-021101__TP33-TP34,40,True,50,79,sub-ccepAgeUMCU43
sub-ccepAgeUMCU43__run-021101__TP34-TP35,40,True,50,79,sub-ccepAgeUMCU43
sub-ccepAgeUMCU43__run-021101__TP35-TP36,40,True,50,79,sub-ccepAgeUMCU43
sub-ccepAgeUMCU43__run-021101__TP36-TP37,40,True,50,79,sub-ccepAgeUMCU43
sub-ccepAgeUMCU43__run-021101__TP37-TP38,40,True,50,79,sub-ccepAgeUMCU43
sub-ccepAgeUMCU43__run-021101__TP39-TP40,40,True,50,79,sub-ccepAgeUMCU43
sub-ccepAgeUMCU43__run-021101__TP41-TP42,40,True,50,80,sub-ccepAgeUMCU43
sub-ccepAgeUMCU43__run-021101__TP42-TP43,40,True,50,79,sub-ccepAgeUMCU43
sub-ccepAgeUMCU43__run-021101__TP43-TP44,40,True,50,79,sub-ccepAgeUMCU43
sub-ccepAgeUMCU43__run-021101__TP45-TP46,40,True,50,79,sub-ccepAgeUMCU43
sub-ccepAgeUMCU43__run-021101__sTa1-sTa2,40,True,50,77,sub-ccepAgeUMCU43
sub-ccepAgeUMCU43__run-021101__sTa5-sTa6,40,True,50,77,sub-ccepAgeUMCU43
sub-ccepAgeUMCU43__run-021101__sTa7-sTa8,40,True,50,77,sub-ccepAgeUMCU43
sub-ccepAgeUMCU43__run-021101__sTv2-sTv3,40,True,50,78,sub-ccepAgeUMCU43
sub-ccepAgeUMCU43__run-021101__sTv3-sTv4,40,True,50,78,sub-ccepAgeUMCU43
sub-ccepAgeUMCU43__run-021101__sTv4-sTv5,40,True,50,77,sub-ccepAgeUMCU43
sub-ccepAgeUMCU44__run-021120__IHa1-IHa2,40,True,50,52,sub-ccepAgeUMCU44
sub-ccepAgeUMCU44__run-021120__IHa3-IHa4,40,True,50,52,sub-ccepAgeUMCU44
sub-ccepAgeUMCU44__run-021120__IHa4-IHa5,40,True,50,52,sub-ccepAgeUMCU44
sub-ccepAgeUMCU44__run-021120__IHa7-IHa8,40,True,50,52,sub-ccepAgeUMCU44
sub-ccepAgeUMCU44__run-021120__IHv02-IHv03,40,True,50,52,sub-ccepAgeUMCU44
sub-ccepAgeUMCU44__run-021120__IHv03-IHv04,40,True,50,52,sub-ccepAgeUMCU44
sub-ccepAgeUMCU44__run-021120__IHv04-IHv05,40,True,50,52,sub-ccepAgeUMCU44
sub-ccepAgeUMCU44__run-021120__IHv05-IHv06,40,True,50,52,sub-ccepAgeUMCU44
sub-ccepAgeUMCU44__run-021120__IHv06-IHv07,40,True,50,52,sub-ccepAgeUMCU44
sub-ccepAgeUMCU44__run-021120__IHv07-IHv08,40,True,50,52,sub-ccepAgeUMCU44
sub-ccepAgeUMCU44__run-021120__IHv09-IHv10,40,True,50,52,sub-ccepAgeUMCU44
sub-ccepAgeUMCU44__run-021120__IHv10-IHv11,40,True,50,52,sub-ccepAgeUMCU44
sub-ccepAgeUMCU44__run-021120__IHv11-IHv12,40,True,50,52,sub-ccepAgeUMCU44
sub-ccepAgeUMCU44__run-021120__IHv13-IHv14,40,True,50,52,sub-ccepAgeUMCU44
sub-ccepAgeUMCU44__run-021120__IHv15-IHv16,40,True,50,52,sub-ccepAgeUMCU44
sub-ccepAgeUMCU44__run-021120__P02-P03,40,True,50,53,sub-ccepAgeUMCU44
sub-ccepAgeUMCU44__run-021120__P09-P10,40,True,50,52,sub-ccepAgeUMCU44
sub-ccepAgeUMCU44__run-021120__P10-P11,40,True,50,52,sub-ccepAgeUMCU44
sub-ccepAgeUMCU44__run-021120__P12-P13,40,True,50,52,sub-ccepAgeUMCU44
sub-ccepAgeUMCU44__run-021120__P14-P15,40,True,50,52,sub-ccepAgeUMCU44
sub-ccepAgeUMCU44__run-021120__P15-P16,40,True,50,52,sub-ccepAgeUMCU44
sub-ccepAgeUMCU44__run-021120__P17-P18,40,True,50,52,sub-ccepAgeUMCU44
sub-ccepAgeUMCU44__run-021120__P18-P19,40,True,50,52,sub-ccepAgeUMCU44
sub-ccepAgeUMCU44__run-021120__P19-P20,40,True,50,52,sub-ccepAgeUMCU44
sub-ccepAgeUMCU44__run-021120__P20-P21,40,True,50,52,sub-ccepAgeUMCU44
sub-ccepAgeUMCU44__run-021120__P21-P22,40,True,50,52,sub-ccepAgeUMCU44
sub-ccepAgeUMCU44__run-021120__P22-P23,40,True,50,52,sub-ccepAgeUMCU44
sub-ccepAgeUMCU44__run-021120__P23-P24,40,True,50,52,sub-ccepAgeUMCU44
sub-ccepAgeUMCU44__run-021120__P27-P28,40,True,50,52,sub-ccepAgeUMCU44
sub-ccepAgeUMCU44__run-021120__P28-P29,40,True,50,52,sub-ccepAgeUMCU44
sub-ccepAgeUMCU44__run-021120__P30-P31,40,True,50,52,sub-ccepAgeUMCU44
sub-ccepAgeUMCU44__run-031211__IHa2-IHa3,40,True,50,52,sub-ccepAgeUMCU44
sub-ccepAgeUMCU44__run-031211__IHa5-IHa6,40,True,50,52,sub-ccepAgeUMCU44
sub-ccepAgeUMCU44__run-031211__IHa6-IHa7,40,True,50,52,sub-ccepAgeUMCU44
sub-ccepAgeUMCU44__run-031211__IHv12-IHv13,40,True,50,52,sub-ccepAgeUMCU44
sub-ccepAgeUMCU44__run-031211__IHv14-IHv15,40,True,50,52,sub-ccepAgeUMCU44
sub-ccepAgeUMCU44__run-031211__P03-P04,40,True,50,52,sub-ccepAgeUMCU44
sub-ccepAgeUMCU44__run-031211__P04-P05,40,True,50,52,sub-ccepAgeUMCU44
sub-ccepAgeUMCU44__run-031211__P05-P06,40,True,50,52,sub-ccepAgeUMCU44
sub-ccepAgeUMCU44__run-031211__P06-P07,40,True,50,52,sub-ccepAgeUMCU44
sub-ccepAgeUMCU44__run-031211__P07-P08,40,True,50,52,sub-ccepAgeUMCU44
sub-ccepAgeUMCU44__run-031211__P11-P12,40,True,50,52,sub-ccepAgeUMCU44
sub-ccepAgeUMCU44__run-031211__P13-P14,40,True,50,52,sub-ccepAgeUMCU44
sub-ccepAgeUMCU44__run-031211__P26-P27,40,True,50,52,sub-ccepAgeUMCU44
sub-ccepAgeUMCU44__run-031211__P29-P30,40,True,50,52,sub-ccepAgeUMCU44
sub-ccepAgeUMCU44__run-031211__P31-P32,40,True,50,52,sub-ccepAgeUMCU44
sub-ccepAgeUMCU45__run-021057__C02-C03,40,False,43,43,sub-ccepAgeUMCU45
sub-ccepAgeUMCU45__run-021057__C03-C04,40,False,43,43,sub-ccepAgeUMCU45
sub-ccepAgeUMCU45__run-021057__C04-C05,40,False,43,43,sub-ccepAgeUMCU45
sub-ccepAgeUMCU45__run-021057__C05-C06,40,False,43,43,sub-ccepAgeUMCU45
sub-ccepAgeUMCU45__run-021057__C06-C07,40,False,43,43,sub-ccepAgeUMCU45
sub-ccepAgeUMCU45__run-021057__C07-C08,40,False,43,43,sub-ccepAgeUMCU45
sub-ccepAgeUMCU45__run-021057__C09-C10,40,False,42,43,sub-ccepAgeUMCU45
sub-ccepAgeUMCU45__run-021057__C12-C13,40,False,43,43,sub-ccepAgeUMCU45
sub-ccepAgeUMCU45__run-021057__C13-C14,40,False,43,43,sub-ccepAgeUMCU45
sub-ccepAgeUMCU45__run-021057__C14-C15,40,False,43,43,sub-ccepAgeUMCU45
sub-ccepAgeUMCU45__run-021057__C15-C16,40,False,43,43,sub-ccepAgeUMCU45
sub-ccepAgeUMCU45__run-021057__C17-C18,40,False,42,43,sub-ccepAgeUMCU45
sub-ccepAgeUMCU45__run-021057__C18-C19,40,False,43,43,sub-ccepAgeUMCU45
sub-ccepAgeUMCU45__run-021057__C19-C20,40,False,43,43,sub-ccepAgeUMCU45
sub-ccepAgeUMCU45__run-021057__C20-C21,40,False,43,43,sub-ccepAgeUMCU45
sub-ccepAgeUMCU45__run-021057__C22-C23,40,False,43,43,sub-ccepAgeUMCU45
sub-ccepAgeUMCU45__run-021057__C23-C24,40,False,43,43,sub-ccepAgeUMCU45
sub-ccepAgeUMCU45__run-021057__C25-C26,40,False,42,43,sub-ccepAgeUMCU45
sub-ccepAgeUMCU45__run-021057__C26-C27,40,False,43,43,sub-ccepAgeUMCU45
sub-ccepAgeUMCU45__run-021057__C27-C28,40,False,43,43,sub-ccepAgeUMCU45
sub-ccepAgeUMCU45__run-021057__C28-C29,40,False,43,43,sub-ccepAgeUMCU45
sub-ccepAgeUMCU45__run-021057__T03-T04,40,False,43,43,sub-ccepAgeUMCU45
sub-ccepAgeUMCU45__run-021057__T07-T08,40,False,42,42,sub-ccepAgeUMCU45
sub-ccepAgeUMCU46__run-021157__F02-F03,40,True,50,56,sub-ccepAgeUMCU46
sub-ccepAgeUMCU46__run-021157__F03-F04,40,True,50,56,sub-ccepAgeUMCU46
sub-ccepAgeUMCU46__run-021157__F07-F08,40,True,50,56,sub-ccepAgeUMCU46
sub-ccepAgeUMCU46__run-021157__F10-F11,40,True,50,56,sub-ccepAgeUMCU46
sub-ccepAgeUMCU46__run-021157__F11-F12,40,True,50,56,sub-ccepAgeUMCU46
sub-ccepAgeUMCU46__run-021157__F12-F13,40,True,50,56,sub-ccepAgeUMCU46
sub-ccepAgeUMCU46__run-021157__F14-F15,40,True,50,56,sub-ccepAgeUMCU46
sub-ccepAgeUMCU46__run-021157__F15-F16,40,True,50,56,sub-ccepAgeUMCU46
sub-ccepAgeUMCU46__run-021157__F17-F18,40,True,50,56,sub-ccepAgeUMCU46
sub-ccepAgeUMCU46__run-021157__F18-F19,40,True,50,56,sub-ccepAgeUMCU46
sub-ccepAgeUMCU46__run-021157__F20-F21,40,True,50,56,sub-ccepAgeUMCU46
sub-ccepAgeUMCU46__run-021157__F21-F22,40,True,50,56,sub-ccepAgeUMCU46
sub-ccepAgeUMCU46__run-021157__F23-F24,40,True,50,57,sub-ccepAgeUMCU46
sub-ccepAgeUMCU46__run-021157__F26-F27,40,True,50,56,sub-ccepAgeUMCU46
sub-ccepAgeUMCU46__run-021157__F27-F28,40,True,50,56,sub-ccepAgeUMCU46
sub-ccepAgeUMCU46__run-021157__F29-F30,40,True,50,57,sub-ccepAgeUMCU46
sub-ccepAgeUMCU46__run-021157__FBa2-FBa3,40,True,50,56,sub-ccepAgeUMCU46
sub-ccepAgeUMCU46__run-021157__FBa4-FBa5,40,True,50,56,sub-ccepAgeUMCU46
sub-ccepAgeUMCU46__run-021157__FBa5-FBa6,40,True,50,56,sub-ccepAgeUMCU46
sub-ccepAgeUMCU46__run-021157__FBa6-FBa7,40,True,50,56,sub-ccepAgeUMCU46
sub-ccepAgeUMCU46__run-021157__FBa7-FBa8,40,True,50,56,sub-ccepAgeUMCU46
sub-ccepAgeUMCU46__run-021157__FBv1-FBv2,40,True,50,56,sub-ccepAgeUMCU46
sub-ccepAgeUMCU46__run-021157__FBv3-FBv4,40,True,50,57,sub-ccepAgeUMCU46
sub-ccepAgeUMCU46__run-021157__FBv4-FBv5,40,True,50,57,sub-ccepAgeUMCU46
sub-ccepAgeUMCU46__run-021157__FBv6-FBv7,40,True,50,56,sub-ccepAgeUMCU46
sub-ccepAgeUMCU46__run-021157__T01-T02,40,True,50,56,sub-ccepAgeUMCU46
sub-ccepAgeUMCU46__run-021157__T03-T04,40,True,50,56,sub-ccepAgeUMCU46
sub-ccepAgeUMCU46__run-021157__T09-T10,40,True,50,56,sub-ccepAgeUMCU46
sub-ccepAgeUMCU46__run-021157__T12-T13,40,True,50,56,sub-ccepAgeUMCU46
sub-ccepAgeUMCU46__run-021157__T13-T14,40,True,50,56,sub-ccepAgeUMCU46
sub-ccepAgeUMCU46__run-021157__T14-T15,40,True,50,56,sub-ccepAgeUMCU46
sub-ccepAgeUMCU47__run-021311__AT03-AT04,40,True,50,70,sub-ccepAgeUMCU47
sub-ccepAgeUMCU47__run-021311__AT04-AT05,40,True,50,70,sub-ccepAgeUMCU47
sub-ccepAgeUMCU47__run-021311__AT06-AT07,40,True,50,70,sub-ccepAgeUMCU47
sub-ccepAgeUMCU47__run-021311__AT07-AT08,40,True,50,70,sub-ccepAgeUMCU47
sub-ccepAgeUMCU47__run-021311__AT11-AT12,40,True,50,69,sub-ccepAgeUMCU47
sub-ccepAgeUMCU47__run-021311__AT12-AT13,40,True,50,70,sub-ccepAgeUMCU47
sub-ccepAgeUMCU47__run-021311__AT13-AT14,40,True,50,70,sub-ccepAgeUMCU47
sub-ccepAgeUMCU47__run-021311__sTm2-sTm3,40,True,50,70,sub-ccepAgeUMCU47
sub-ccepAgeUMCU47__run-021311__sTm4-sTm5,40,True,50,70,sub-ccepAgeUMCU47
sub-ccepAgeUMCU47__run-021311__sTm7-sTm8,40,True,50,70,sub-ccepAgeUMCU47
sub-ccepAgeUMCU47__run-021311__sTv1-sTv2,40,True,50,70,sub-ccepAgeUMCU47
sub-ccepAgeUMCU47__run-021311__sTv3-sTv4,40,True,50,70,sub-ccepAgeUMCU47
sub-ccepAgeUMCU48__run-021147__C44-C43,40,True,50,57,sub-ccepAgeUMCU48
sub-ccepAgeUMCU49__run-021549__C02-C03,40,False,42,42,sub-ccepAgeUMCU49
sub-ccepAgeUMCU49__run-021549__C03-C04,40,False,42,42,sub-ccepAgeUMCU49
sub-ccepAgeUMCU49__run-021549__C04-C05,40,False,42,42,sub-ccepAgeUMCU49
sub-ccepAgeUMCU49__run-021549__C05-C06,40,False,42,42,sub-ccepAgeUMCU49
sub-ccepAgeUMCU49__run-021549__C06-C07,40,False,42,42,sub-ccepAgeUMCU49
sub-ccepAgeUMCU49__run-021549__C07-C08,40,False,43,43,sub-ccepAgeUMCU49
sub-ccepAgeUMCU49__run-021549__HP02-HP03,40,False,42,42,sub-ccepAgeUMCU49
sub-ccepAgeUMCU49__run-021549__HP03-HP04,40,False,41,42,sub-ccepAgeUMCU49
sub-ccepAgeUMCU49__run-021549__HP04-HP05,40,False,41,42,sub-ccepAgeUMCU49
sub-ccepAgeUMCU49__run-021549__HP05-HP06,40,False,42,42,sub-ccepAgeUMCU49
sub-ccepAgeUMCU49__run-021549__HP07-HP08,40,False,42,42,sub-ccepAgeUMCU49
sub-ccepAgeUMCU49__run-021549__HP09-HP10,40,False,42,42,sub-ccepAgeUMCU49
sub-ccepAgeUMCU49__run-021549__HP10-HP11,40,False,42,42,sub-ccepAgeUMCU49
sub-ccepAgeUMCU49__run-021549__HP11-HP12,40,False,42,42,sub-ccepAgeUMCU49
sub-ccepAgeUMCU49__run-021549__HP12-HP13,40,False,42,42,sub-ccepAgeUMCU49
sub-ccepAgeUMCU49__run-021549__HP13-HP14,40,False,42,42,sub-ccepAgeUMCU49
sub-ccepAgeUMCU49__run-021549__HP14-HP15,40,False,42,42,sub-ccepAgeUMCU49
sub-ccepAgeUMCU49__run-021549__HP15-HP16,40,False,42,42,sub-ccepAgeUMCU49
sub-ccepAgeUMCU49__run-031049__C14-C15,40,False,41,42,sub-ccepAgeUMCU49
sub-ccepAgeUMCU49__run-031049__C18-C19,40,False,41,42,sub-ccepAgeUMCU49
sub-ccepAgeUMCU49__run-031049__C19-C20,40,False,42,42,sub-ccepAgeUMCU49
sub-ccepAgeUMCU49__run-031049__C20-C21,40,False,42,42,sub-ccepAgeUMCU49
sub-ccepAgeUMCU49__run-031049__C22-C23,40,False,41,42,sub-ccepAgeUMCU49
sub-ccepAgeUMCU49__run-031049__C26-C27,40,False,41,42,sub-ccepAgeUMCU49
sub-ccepAgeUMCU49__run-031049__C28-C29,40,False,42,42,sub-ccepAgeUMCU49
sub-ccepAgeUMCU49__run-031049__C29-C30,40,False,41,42,sub-ccepAgeUMCU49
sub-ccepAgeUMCU49__run-031049__C30-C31,40,False,42,42,sub-ccepAgeUMCU49
sub-ccepAgeUMCU51__run-030954__C38-C39,40,False,46,46,sub-ccepAgeUMCU51
sub-ccepAgeUMCU52__run-021220__F07-F08,40,False,38,38,sub-ccepAgeUMCU52
sub-ccepAgeUMCU71__run-021114__C29-C30,40,True,50,54,sub-ccepAgeUMCU71
